Player,Team,G,MP,FG,FGA,FG%,3P,3P%,2P,2P%,eFG%,FT,FTA,FT%,ORB,DRB,TRB,AST,STL,BLK,TOV,PTS,Season,TS%,EFF,Nominated
Kobe Bryant,LAL,80.0,41.0,12.2,27.2,0.45,2.3,0.347,10.0,0.482,0.491,8.7,10.2,0.85,0.9,4.4,5.3,4.5,1.8,0.4,3.1,35.4,2005-06,0.56,0.35,0
Allen Iverson,PHI,72.0,43.1,11.3,25.3,0.447,1.0,0.323,10.3,0.465,0.467,9.4,11.5,0.814,0.6,2.6,3.2,7.4,1.9,0.1,3.4,33.0,2005-06,0.54,0.36,1
LeBron James,CLE,79.0,42.5,11.1,23.1,0.48,1.6,0.335,9.5,0.518,0.515,7.6,10.3,0.738,0.9,6.1,7.0,6.6,1.6,0.8,3.3,31.4,2005-06,0.57,0.37,1
Gilbert Arenas,WAS,80.0,42.3,9.3,20.9,0.447,2.5,0.369,6.8,0.485,0.507,8.2,10.0,0.82,0.7,2.8,3.5,6.1,2.0,0.3,3.7,29.3,2005-06,0.58,0.3,1
Dwyane Wade,MIA,75.0,38.6,9.3,18.8,0.495,0.2,0.171,9.1,0.513,0.499,8.4,10.7,0.783,1.4,4.3,5.7,6.7,1.9,0.8,3.6,27.2,2005-06,0.58,0.36,1
Paul Pierce,BOS,79.0,39.0,8.7,18.5,0.471,1.4,0.354,7.3,0.503,0.509,7.9,10.3,0.772,1.0,5.7,6.7,4.7,1.4,0.4,3.5,26.8,2005-06,0.58,0.31,0
Dirk Nowitzki,DAL,81.0,38.1,9.3,19.3,0.48,1.4,0.406,7.9,0.496,0.515,6.7,7.4,0.901,1.4,7.6,9.0,2.8,0.7,1.0,1.9,26.6,2005-06,0.59,0.34,1
Carmelo Anthony,DEN,80.0,36.8,9.5,19.7,0.481,0.5,0.243,9.0,0.506,0.493,7.2,8.9,0.808,1.5,3.4,4.9,2.7,1.1,0.5,2.7,26.5,2005-06,0.56,0.26,0
Michael Redd,MIL,80.0,39.1,8.5,19.0,0.45,2.0,0.395,6.5,0.471,0.504,6.3,7.1,0.877,1.0,3.3,4.3,2.9,1.2,0.1,2.1,25.4,2005-06,0.57,0.26,0
Ray Allen,SEA,78.0,38.7,8.7,19.2,0.454,3.4,0.412,5.3,0.486,0.544,4.2,4.6,0.903,0.9,3.3,4.3,3.7,1.3,0.2,2.4,25.1,2005-06,0.59,0.27,1
Elton Brand,LAC,79.0,39.2,9.6,18.2,0.527,0.0,0.333,9.6,0.527,0.527,5.6,7.2,0.775,3.0,7.0,10.0,2.6,1.0,2.5,2.2,24.7,2005-06,0.58,0.36,0
Tracy McGrady,HOU,47.0,37.1,8.7,21.5,0.406,1.6,0.312,7.2,0.434,0.442,5.4,7.2,0.747,1.0,5.6,6.5,4.8,1.3,0.9,2.6,24.4,2005-06,0.49,0.44,1
Vince Carter,NJN,79.0,36.8,8.3,19.2,0.43,1.6,0.341,6.7,0.459,0.471,6.1,7.6,0.799,1.7,4.1,5.8,4.3,1.2,0.7,2.7,24.2,2005-06,0.54,0.27,1
Jason Richardson,GSW,75.0,38.4,8.5,19.2,0.446,2.4,0.384,6.1,0.477,0.509,3.7,5.5,0.673,1.4,4.4,5.8,3.1,1.3,0.5,2.2,23.2,2005-06,0.54,0.26,0
Chris Bosh,TOR,70.0,39.3,7.8,15.5,0.505,0.0,0.0,7.8,0.511,0.505,6.8,8.3,0.816,2.9,6.3,9.2,2.6,0.7,1.1,2.2,22.5,2005-06,0.59,0.35,0
Yao Ming,HOU,57.0,34.2,8.2,15.8,0.519,0.0,0.0,8.2,0.519,0.519,5.9,6.9,0.853,2.6,7.6,10.2,1.5,0.5,1.6,2.6,22.3,2005-06,0.59,0.44,0
Kevin Garnett,MIN,76.0,38.9,8.2,15.7,0.526,0.1,0.267,8.1,0.532,0.529,5.2,6.4,0.81,2.8,9.9,12.7,4.1,1.4,1.4,2.4,21.8,2005-06,0.59,0.4,1
Shawn Marion,PHO,81.0,40.3,8.8,16.9,0.525,1.2,0.331,7.7,0.577,0.56,3.0,3.7,0.809,3.1,8.8,11.8,1.8,2.0,1.7,1.5,21.8,2005-06,0.59,0.36,1
Mike Bibby,SAC,82.0,38.6,7.3,16.9,0.432,2.3,0.386,4.9,0.458,0.501,4.2,4.9,0.849,0.4,2.6,2.9,5.4,1.0,0.1,2.4,21.1,2005-06,0.55,0.22,0
Antawn Jamison,WAS,82.0,40.1,8.0,18.2,0.442,1.8,0.394,6.3,0.458,0.491,2.6,3.6,0.731,2.0,7.3,9.3,1.9,1.1,0.1,1.7,20.5,2005-06,0.52,0.24,0
Pau Gasol,MEM,80.0,39.2,7.5,14.9,0.503,0.0,0.25,7.5,0.505,0.504,5.3,7.7,0.689,2.4,6.5,8.9,4.6,0.6,1.9,2.9,20.4,2005-06,0.56,0.3,0
Mike James,TOR,79.0,37.0,7.3,15.5,0.469,2.1,0.442,5.2,0.481,0.538,3.6,4.3,0.837,0.6,2.7,3.3,5.8,0.9,0.0,2.6,20.3,2005-06,0.58,0.24,0
Joe Johnson,ATL,82.0,40.7,7.7,17.0,0.453,1.6,0.356,6.1,0.487,0.499,3.2,4.0,0.791,1.2,2.9,4.1,6.5,1.3,0.4,3.3,20.2,2005-06,0.54,0.23,0
Chris Webber,PHI,75.0,38.6,8.2,19.0,0.434,0.3,0.273,7.9,0.443,0.441,3.5,4.6,0.756,2.5,7.4,9.9,3.4,1.4,0.8,2.4,20.2,2005-06,0.48,0.29,0
Richard Hamilton,DET,80.0,35.3,8.1,16.5,0.491,0.7,0.458,7.4,0.494,0.512,3.2,3.8,0.845,1.1,2.2,3.2,3.4,0.7,0.2,2.2,20.1,2005-06,0.55,0.2,0
Rashard Lewis,SEA,78.0,36.9,6.9,14.8,0.467,1.8,0.384,5.1,0.507,0.529,4.5,5.5,0.818,1.4,3.6,5.0,2.3,1.3,0.6,1.8,20.1,2005-06,0.58,0.24,0
Jermaine O'Neal,IND,51.0,35.3,7.5,15.8,0.472,0.1,0.3,7.4,0.474,0.474,5.1,7.2,0.709,2.0,7.3,9.3,2.6,0.5,2.3,3.0,20.1,2005-06,0.53,0.42,0
Shaquille O'Neal,MIA,59.0,30.6,8.1,13.6,0.6,0.0,,8.1,0.6,0.6,3.7,8.0,0.469,2.9,6.3,9.2,1.9,0.4,1.8,2.8,20.0,2005-06,0.58,0.35,1
Richard Jefferson,NJN,78.0,39.2,6.3,12.9,0.493,0.8,0.319,5.6,0.532,0.522,6.0,7.4,0.812,1.2,5.6,6.8,3.8,0.8,0.2,2.2,19.5,2005-06,0.6,0.27,0
Ricky Davis,2TM,78.0,41.1,7.5,16.7,0.448,0.9,0.302,6.6,0.481,0.476,3.5,4.4,0.797,0.8,3.7,4.5,5.1,1.2,0.2,2.7,19.4,2005-06,0.52,0.23,0
Wally Szczerbiak,2TM,72.0,37.9,6.8,14.1,0.487,1.4,0.4,5.4,0.517,0.538,3.9,4.3,0.897,1.1,3.3,4.3,3.0,0.6,0.3,1.9,19.0,2005-06,0.59,0.24,0
Tony Parker,SAS,80.0,33.9,7.8,14.2,0.548,0.1,0.306,7.7,0.556,0.553,3.2,4.5,0.707,0.5,2.8,3.3,5.8,1.0,0.1,3.1,18.9,2005-06,0.58,0.23,0
Steve Nash,PHO,79.0,35.4,6.8,13.4,0.512,1.9,0.439,4.9,0.548,0.583,3.3,3.5,0.921,0.6,3.6,4.2,10.5,0.8,0.2,3.5,18.8,2005-06,0.63,0.31,1
Tim Duncan,SAS,80.0,34.8,7.2,14.8,0.484,0.0,0.4,7.2,0.485,0.485,4.2,6.7,0.629,2.9,8.1,11.0,3.2,0.9,2.0,2.5,18.6,2005-06,0.52,0.29,1
Al Harrington,ATL,76.0,36.6,7.3,16.1,0.452,0.9,0.346,6.4,0.471,0.479,3.2,4.6,0.694,1.7,5.1,6.9,3.1,1.1,0.2,2.6,18.6,2005-06,0.51,0.22,0
Chauncey Billups,DET,81.0,36.1,5.2,12.5,0.418,2.3,0.433,3.0,0.407,0.509,5.7,6.4,0.894,0.5,2.6,3.1,8.6,0.9,0.1,2.1,18.5,2005-06,0.6,0.26,0
Peja Stojaković,2TM,71.0,36.6,6.3,14.3,0.437,2.3,0.401,4.0,0.461,0.517,3.4,3.7,0.915,1.1,4.7,5.8,1.9,0.6,0.1,1.5,18.2,2005-06,0.57,0.24,0
Mehmet Okur,UTA,82.0,35.9,6.3,13.8,0.46,1.0,0.342,5.4,0.491,0.496,4.3,5.5,0.78,2.6,6.5,9.1,2.4,0.5,0.9,2.0,18.0,2005-06,0.55,0.25,0
Zach Randolph,POR,74.0,34.4,7.2,16.6,0.436,0.2,0.291,7.0,0.443,0.443,3.3,4.6,0.714,2.6,5.4,8.0,1.9,0.8,0.2,2.2,18.0,2005-06,0.48,0.22,0
Baron Davis,GSW,54.0,36.5,6.2,15.9,0.389,1.9,0.315,4.3,0.434,0.448,3.6,5.4,0.675,0.8,3.5,4.4,8.9,1.6,0.3,2.9,17.9,2005-06,0.49,0.35,0
Corey Maggette,LAC,32.0,29.5,5.2,11.7,0.445,0.8,0.338,4.5,0.47,0.477,6.6,8.0,0.828,0.9,4.4,5.3,2.1,0.6,0.1,2.4,17.8,2005-06,0.58,0.49,0
Metta World Peace,2TM,56.0,39.4,6.3,15.5,0.404,1.4,0.308,4.9,0.443,0.449,3.7,5.4,0.675,1.3,3.8,5.1,3.6,2.2,0.7,2.3,17.6,2005-06,0.49,0.29,0
Caron Butler,WAS,75.0,36.1,6.6,14.5,0.455,0.5,0.342,6.0,0.469,0.474,3.9,4.4,0.87,1.5,4.7,6.2,2.5,1.7,0.2,2.3,17.6,2005-06,0.54,0.23,0
Sam Cassell,LAC,78.0,34.0,6.3,14.3,0.443,0.9,0.368,5.4,0.459,0.475,3.7,4.3,0.863,0.5,3.2,3.7,6.3,0.9,0.1,2.2,17.2,2005-06,0.53,0.22,0
Jason Terry,DAL,80.0,35.0,6.5,13.7,0.47,2.1,0.411,4.3,0.505,0.547,2.1,2.6,0.8,0.4,1.6,2.0,3.8,1.3,0.3,1.7,17.1,2005-06,0.58,0.19,0
David West,NOK,74.0,34.1,7.2,14.0,0.512,0.0,0.273,7.1,0.514,0.513,2.7,3.2,0.843,2.3,5.1,7.4,1.2,0.8,0.9,1.4,17.1,2005-06,0.55,0.25,0
Ben Gordon,CHI,80.0,31.0,6.1,14.4,0.422,2.1,0.435,4.0,0.416,0.494,2.6,3.4,0.787,0.5,2.2,2.7,3.0,0.9,0.1,2.3,16.9,2005-06,0.53,0.15,0
Morris Peterson,TOR,82.0,38.3,5.8,13.4,0.436,2.2,0.395,3.7,0.465,0.517,2.9,3.6,0.82,0.8,3.9,4.6,2.3,1.3,0.2,1.5,16.8,2005-06,0.56,0.19,0
Stephen Jackson,IND,81.0,35.9,5.8,14.2,0.411,1.4,0.345,4.4,0.439,0.462,3.3,4.2,0.786,0.6,3.3,3.9,2.8,1.3,0.5,2.5,16.4,2005-06,0.51,0.16,0
Carlos Boozer,UTA,33.0,31.1,6.6,12.1,0.549,0.0,,6.6,0.549,0.549,3.0,4.2,0.723,2.2,6.4,8.6,2.7,0.9,0.2,2.1,16.3,2005-06,0.58,0.6,0
Stephon Marbury,NYK,60.0,36.6,5.8,12.9,0.451,0.6,0.317,5.3,0.472,0.472,4.1,5.4,0.755,0.4,2.5,2.9,6.4,1.1,0.1,2.6,16.3,2005-06,0.53,0.26,0
Chris Paul,NOK,78.0,36.0,5.2,12.1,0.43,0.6,0.282,4.6,0.464,0.456,5.1,6.0,0.847,0.8,4.3,5.1,7.8,2.2,0.1,2.3,16.1,2005-06,0.55,0.27,0
Kirk Hinrich,CHI,81.0,36.5,5.6,13.3,0.418,1.6,0.37,4.0,0.441,0.477,3.2,3.9,0.815,0.4,3.2,3.6,6.3,1.2,0.3,2.3,15.9,2005-06,0.53,0.2,0
Dwight Howard,ORL,82.0,36.8,5.7,10.7,0.531,0.0,0.0,5.7,0.532,0.531,4.3,7.3,0.595,3.5,9.0,12.5,1.5,0.8,1.4,2.6,15.8,2005-06,0.57,0.26,0
Josh Howard,DAL,59.0,32.5,5.9,12.6,0.471,0.5,0.429,5.5,0.475,0.489,3.3,4.5,0.734,2.1,4.2,6.3,1.9,1.2,0.4,1.3,15.6,2005-06,0.53,0.27,0
Zydrunas Ilgauskas,CLE,78.0,29.3,5.8,11.4,0.506,0.0,0.0,5.8,0.509,0.506,4.1,4.9,0.834,3.1,4.4,7.6,1.2,0.5,1.7,2.0,15.6,2005-06,0.58,0.23,0
Larry Hughes,CLE,36.0,35.6,5.3,13.0,0.409,0.8,0.368,4.6,0.417,0.439,4.1,5.4,0.756,0.7,3.8,4.5,3.6,1.5,0.6,2.8,15.5,2005-06,0.5,0.39,0
Andrei Kirilenko,UTA,69.0,37.7,4.9,10.6,0.46,0.5,0.308,4.3,0.489,0.485,5.0,7.2,0.699,2.3,5.7,8.0,4.3,1.5,3.2,2.9,15.3,2005-06,0.56,0.31,0
Gerald Wallace,CHA,55.0,34.5,5.8,10.7,0.538,0.3,0.28,5.5,0.562,0.55,3.4,5.6,0.614,2.2,5.3,7.5,1.7,2.5,2.1,1.8,15.2,2005-06,0.58,0.37,0
Manu Ginóbili,SAS,65.0,27.9,4.8,10.3,0.462,1.3,0.382,3.5,0.5,0.524,4.3,5.5,0.778,0.6,2.9,3.5,3.6,1.6,0.4,1.9,15.1,2005-06,0.59,0.24,0
Grant Hill,ORL,21.0,29.2,5.7,11.6,0.49,0.1,0.25,5.6,0.498,0.494,3.7,4.9,0.765,0.7,3.1,3.8,2.3,1.1,0.3,1.7,15.1,2005-06,0.55,0.66,0
Rasheed Wallace,DET,80.0,34.8,5.7,13.3,0.43,1.9,0.357,3.8,0.48,0.503,1.7,2.3,0.743,1.1,5.7,6.8,2.3,1.0,1.6,1.1,15.1,2005-06,0.53,0.22,0
Brad Miller,SAC,79.0,37.0,5.5,11.1,0.495,0.4,0.386,5.1,0.507,0.514,3.5,4.3,0.828,1.5,6.2,7.8,4.7,0.8,0.8,2.3,15.0,2005-06,0.58,0.26,0
Hedo Türkoğlu,ORL,78.0,33.5,5.1,11.2,0.454,1.5,0.403,3.6,0.478,0.519,3.3,3.8,0.861,0.9,3.4,4.3,2.8,0.9,0.3,1.7,14.9,2005-06,0.58,0.19,0
Cuttino Mobley,LAC,79.0,37.7,5.4,12.8,0.426,1.1,0.339,4.4,0.453,0.467,2.9,3.5,0.839,0.6,3.7,4.3,3.0,1.2,0.5,1.8,14.8,2005-06,0.52,0.18,0
Lamar Odom,LAL,80.0,40.3,5.6,11.6,0.481,1.0,0.372,4.6,0.514,0.524,2.7,3.9,0.69,2.3,7.0,9.2,5.5,0.9,0.8,2.7,14.8,2005-06,0.56,0.27,0
Raja Bell,PHO,79.0,37.5,5.4,11.8,0.457,2.5,0.442,2.9,0.471,0.563,1.5,1.8,0.788,0.6,2.6,3.2,2.6,1.0,0.3,1.1,14.7,2005-06,0.58,0.18,0
Jameer Nelson,ORL,62.0,28.8,5.6,11.6,0.483,1.1,0.424,4.5,0.5,0.531,2.3,2.9,0.779,0.6,2.3,2.9,4.9,1.1,0.1,2.4,14.6,2005-06,0.57,0.24,0
Steve Francis,2TM,70.0,34.2,4.8,10.9,0.435,0.4,0.301,4.4,0.452,0.452,4.5,5.7,0.787,1.1,3.1,4.1,4.9,1.1,0.2,3.1,14.4,2005-06,0.54,0.2,0
Jamal Crawford,NYK,79.0,32.3,4.6,11.1,0.416,1.3,0.345,3.4,0.452,0.474,3.7,4.5,0.826,0.5,2.7,3.1,3.8,1.1,0.2,2.2,14.3,2005-06,0.55,0.16,0
Luol Deng,CHI,78.0,33.4,5.7,12.2,0.463,0.3,0.269,5.4,0.481,0.474,2.7,3.5,0.75,1.6,5.0,6.6,1.9,0.9,0.6,1.3,14.3,2005-06,0.52,0.2,0
Tayshaun Prince,DET,82.0,35.3,5.5,12.2,0.455,0.8,0.35,4.8,0.479,0.487,2.2,2.9,0.765,1.3,3.0,4.2,2.3,0.8,0.5,1.1,14.1,2005-06,0.52,0.16,0
Darius Miles,POR,40.0,32.2,5.9,12.8,0.461,0.1,0.2,5.8,0.466,0.463,2.2,4.1,0.534,0.6,4.0,4.6,1.8,1.1,1.0,2.5,14.0,2005-06,0.48,0.28,0
Troy Murphy,GSW,74.0,34.0,4.9,11.3,0.433,0.8,0.32,4.1,0.464,0.468,3.4,4.3,0.787,2.6,7.4,10.0,1.4,0.6,0.4,1.5,14.0,2005-06,0.53,0.24,0
Andre Miller,DEN,82.0,35.8,4.9,10.6,0.463,0.1,0.185,4.9,0.472,0.466,3.8,5.2,0.738,1.1,3.2,4.3,8.2,1.3,0.2,3.1,13.7,2005-06,0.53,0.21,0
Mike Miller,MEM,74.0,30.6,4.8,10.3,0.466,1.9,0.407,2.9,0.513,0.557,2.3,2.8,0.8,0.6,4.8,5.4,2.7,0.7,0.4,1.9,13.7,2005-06,0.59,0.2,0
Eddy Curry,NYK,72.0,25.9,4.7,8.3,0.563,0.0,,4.7,0.563,0.563,4.3,6.8,0.632,2.0,4.0,6.0,0.3,0.4,0.8,2.5,13.6,2005-06,0.6,0.17,0
Bonzi Wells,SAC,52.0,32.4,5.5,11.8,0.463,0.2,0.222,5.3,0.482,0.471,2.5,3.7,0.679,2.7,5.0,7.7,2.8,1.8,0.5,2.4,13.6,2005-06,0.51,0.32,0
Nenad Krstić,NJN,80.0,30.9,5.6,11.0,0.507,0.0,0.25,5.6,0.509,0.508,2.3,3.3,0.698,2.3,4.1,6.4,1.1,0.4,0.8,1.7,13.5,2005-06,0.54,0.18,0
Bobby Simmons,MIL,75.0,33.8,4.9,10.8,0.453,1.4,0.42,3.5,0.468,0.518,2.2,2.7,0.825,1.2,3.2,4.4,2.3,1.1,0.3,1.6,13.4,2005-06,0.56,0.18,0
Boris Diaw,PHO,81.0,35.5,5.5,10.5,0.526,0.1,0.267,5.4,0.536,0.531,2.1,2.9,0.731,2.0,4.9,6.9,6.2,0.7,1.0,2.3,13.3,2005-06,0.56,0.25,0
Derek Fisher,GSW,82.0,31.6,4.4,10.8,0.41,1.4,0.397,3.0,0.417,0.476,3.0,3.6,0.833,0.4,2.1,2.6,4.3,1.5,0.1,1.9,13.3,2005-06,0.54,0.16,0
Jason Kidd,NJN,80.0,37.2,4.6,11.3,0.404,1.7,0.352,2.8,0.445,0.481,2.4,3.1,0.795,1.1,6.2,7.3,8.4,1.9,0.4,2.4,13.3,2005-06,0.53,0.27,0
Emeka Okafor,CHA,26.0,33.6,5.0,12.2,0.415,0.0,,5.0,0.415,0.415,3.2,4.8,0.656,3.6,6.4,10.0,1.2,0.8,1.9,2.0,13.2,2005-06,0.46,0.63,0
Leandro Barbosa,PHO,57.0,27.9,4.8,9.9,0.481,1.5,0.444,3.3,0.501,0.558,1.9,2.6,0.755,0.5,2.1,2.6,2.8,0.8,0.1,1.6,13.1,2005-06,0.59,0.21,0
Andrés Nocioni,CHI,82.0,27.3,4.7,10.1,0.461,1.1,0.391,3.5,0.489,0.517,2.5,3.0,0.843,1.1,5.0,6.1,1.4,0.5,0.6,1.5,13.0,2005-06,0.57,0.17,0
Jerry Stackhouse,DAL,55.0,27.7,4.4,11.0,0.401,0.7,0.277,3.7,0.436,0.431,3.5,4.0,0.882,0.6,2.2,2.8,2.9,0.7,0.2,2.2,13.0,2005-06,0.51,0.19,0
Charlie Villanueva,TOR,81.0,29.1,5.4,11.6,0.463,0.9,0.327,4.5,0.503,0.5,1.4,2.0,0.706,2.2,4.2,6.4,1.1,0.7,0.8,1.2,13.0,2005-06,0.52,0.17,0
Kenyon Martin,DEN,56.0,27.6,5.3,10.7,0.495,0.1,0.227,5.2,0.505,0.499,2.2,3.0,0.712,1.7,4.6,6.3,1.4,0.8,0.9,1.3,12.9,2005-06,0.54,0.26,0
Marcus Camby,DEN,56.0,33.2,5.4,11.6,0.465,0.0,0.091,5.4,0.472,0.466,2.0,2.8,0.712,2.4,9.6,11.9,2.1,1.4,3.3,1.6,12.8,2005-06,0.5,0.41,1
Earl Boykins,DEN,60.0,25.7,4.5,11.0,0.41,1.0,0.346,3.5,0.434,0.457,2.5,2.9,0.874,0.4,1.0,1.4,3.8,0.8,0.1,1.4,12.6,2005-06,0.51,0.17,0
Brevin Knight,CHA,69.0,34.1,4.5,11.2,0.399,0.0,0.231,4.4,0.402,0.401,3.7,4.6,0.803,0.5,2.7,3.2,8.8,2.3,0.1,2.4,12.6,2005-06,0.48,0.25,0
Matt Harpring,UTA,71.0,27.4,4.5,9.5,0.475,0.2,0.359,4.3,0.482,0.485,3.2,4.4,0.725,2.2,3.0,5.2,1.4,0.8,0.2,1.5,12.5,2005-06,0.55,0.17,0
Primož Brezec,CHA,79.0,27.4,5.2,10.0,0.517,0.0,0.0,5.2,0.518,0.517,2.1,2.8,0.732,2.3,3.3,5.6,0.6,0.2,0.4,1.1,12.4,2005-06,0.55,0.16,0
Jalen Rose,2TM,72.0,27.5,4.0,9.5,0.423,0.8,0.343,3.2,0.45,0.466,3.4,4.4,0.78,0.4,2.5,2.9,2.5,0.4,0.2,1.6,12.3,2005-06,0.54,0.14,0
Shareef Abdur-Rahim,SAC,72.0,27.2,4.6,8.8,0.525,0.1,0.227,4.5,0.536,0.529,3.0,3.9,0.784,1.5,3.5,5.0,2.1,0.7,0.6,1.5,12.3,2005-06,0.58,0.2,0
Speedy Claxton,NOK,71.0,28.4,4.3,10.4,0.413,0.2,0.27,4.0,0.426,0.425,3.5,4.5,0.769,0.5,2.2,2.7,4.8,1.5,0.1,2.2,12.3,2005-06,0.5,0.17,0
Juan Dixon,POR,76.0,25.3,4.7,10.8,0.435,0.9,0.382,3.8,0.449,0.474,2.1,2.6,0.804,0.4,1.9,2.3,2.0,0.8,0.1,1.5,12.3,2005-06,0.51,0.12,0
Channing Frye,NYK,65.0,24.2,4.7,9.8,0.477,0.0,0.333,4.6,0.479,0.479,2.9,3.5,0.825,2.1,3.6,5.8,0.8,0.5,0.7,1.5,12.3,2005-06,0.54,0.2,0
Andre Iguodala,PHI,82.0,37.6,4.2,8.4,0.5,0.7,0.354,3.5,0.543,0.541,3.2,4.3,0.754,1.4,4.4,5.9,3.1,1.6,0.3,1.9,12.3,2005-06,0.6,0.2,0
Jason Williams,MIA,59.0,31.8,4.5,10.3,0.442,1.8,0.372,2.7,0.506,0.531,1.4,1.7,0.867,0.1,2.3,2.4,4.9,0.9,0.1,1.7,12.3,2005-06,0.56,0.22,0
T.J. Ford,MIL,72.0,35.5,4.6,11.0,0.416,0.5,0.337,4.1,0.428,0.438,2.6,3.4,0.754,0.9,3.4,4.3,6.6,1.4,0.1,3.0,12.2,2005-06,0.49,0.2,0
Antoine Walker,MIA,82.0,26.8,4.8,11.0,0.435,1.7,0.358,3.1,0.493,0.512,1.0,1.6,0.628,1.3,3.9,5.1,2.0,0.6,0.4,1.8,12.2,2005-06,0.52,0.14,0
Ruben Patterson,2TM,71.0,25.2,4.6,8.9,0.515,0.0,0.077,4.6,0.524,0.516,2.9,4.8,0.601,1.7,1.8,3.4,1.8,1.1,0.3,2.1,12.1,2005-06,0.55,0.15,0
Rafer Alston,HOU,63.0,38.6,4.4,11.7,0.379,1.6,0.327,2.8,0.418,0.449,1.6,2.3,0.692,0.6,3.5,4.0,6.7,1.6,0.2,2.5,12.1,2005-06,0.48,0.22,0
Mo Williams,MIL,58.0,26.4,4.6,10.8,0.424,1.3,0.382,3.3,0.443,0.483,1.7,1.9,0.85,0.5,1.9,2.5,4.0,0.9,0.1,1.8,12.1,2005-06,0.52,0.2,0
Raymond Felton,CHA,80.0,30.1,4.3,11.0,0.391,1.2,0.358,3.1,0.405,0.446,2.0,2.8,0.725,1.0,2.4,3.3,5.6,1.3,0.1,2.3,11.9,2005-06,0.49,0.15,0
Chris Kaman,LAC,78.0,32.8,4.7,9.1,0.523,0.0,0.0,4.7,0.524,0.523,2.5,3.2,0.77,2.4,7.2,9.6,1.0,0.6,1.4,2.3,11.9,2005-06,0.57,0.22,0
Juwan Howard,HOU,80.0,31.7,4.9,10.7,0.459,0.0,0.0,4.9,0.461,0.459,1.9,2.4,0.806,2.1,4.6,6.7,1.4,0.6,0.1,1.7,11.8,2005-06,0.5,0.16,0
Eddie Jones,MEM,75.0,32.5,3.9,9.6,0.404,1.8,0.356,2.1,0.457,0.497,2.2,2.9,0.781,0.5,3.3,3.7,2.4,1.7,0.4,1.2,11.8,2005-06,0.54,0.17,0
Delonte West,BOS,71.0,34.1,4.7,9.6,0.487,1.2,0.385,3.5,0.534,0.548,1.2,1.4,0.851,0.8,3.3,4.1,4.6,1.2,0.6,1.9,11.8,2005-06,0.58,0.22,0
Zaza Pachulia,ATL,78.0,31.4,3.9,8.7,0.451,0.0,0.0,3.9,0.452,0.451,3.8,5.2,0.735,3.4,4.5,7.9,1.7,1.1,0.5,2.3,11.7,2005-06,0.53,0.18,0
Damon Stoudamire,MEM,27.0,31.9,4.2,10.6,0.397,1.3,0.346,2.9,0.426,0.46,2.0,2.3,0.855,0.9,2.7,3.5,4.7,0.7,0.0,2.0,11.7,2005-06,0.5,0.44,0
Mike Dunleavy,GSW,81.0,31.8,4.1,10.1,0.406,0.9,0.285,3.2,0.462,0.451,2.4,3.1,0.778,1.0,4.0,4.9,2.9,0.7,0.4,1.5,11.5,2005-06,0.5,0.15,0
Kyle Korver,PHI,82.0,31.3,4.0,9.3,0.43,2.2,0.42,1.7,0.443,0.551,1.2,1.5,0.849,0.3,3.0,3.3,2.0,0.8,0.3,1.2,11.5,2005-06,0.58,0.14,0
Smush Parker,LAL,82.0,33.8,4.2,9.5,0.447,1.5,0.366,2.8,0.506,0.524,1.5,2.2,0.694,0.5,2.9,3.3,3.7,1.7,0.2,1.8,11.5,2005-06,0.55,0.15,0
Luke Ridnour,SEA,79.0,33.2,4.2,10.1,0.418,0.5,0.289,3.7,0.448,0.445,2.5,2.9,0.877,0.6,2.4,3.0,7.0,1.6,0.3,2.1,11.5,2005-06,0.51,0.19,0
Bobby Jackson,MEM,71.0,25.0,4.0,10.5,0.382,1.8,0.389,2.2,0.377,0.469,1.5,2.1,0.733,0.6,2.5,3.1,2.7,0.9,0.0,1.4,11.4,2005-06,0.5,0.14,0
Mark Blount,2TM,81.0,27.7,4.6,9.1,0.508,0.0,,4.6,0.508,0.508,2.1,2.7,0.757,1.2,3.3,4.5,1.2,0.5,0.9,2.4,11.3,2005-06,0.55,0.13,0
Josh Smith,ATL,80.0,32.0,4.1,9.7,0.425,0.4,0.309,3.7,0.444,0.447,2.6,3.7,0.719,2.2,4.4,6.6,2.4,0.8,2.6,2.0,11.3,2005-06,0.5,0.19,0
Ronald Murray,2TM,76.0,27.8,4.2,10.1,0.418,0.5,0.262,3.7,0.453,0.442,2.3,3.2,0.711,0.4,1.6,2.0,2.6,0.9,0.1,1.8,11.2,2005-06,0.49,0.11,0
Tyronn Lue,ATL,51.0,24.2,3.8,8.2,0.459,1.1,0.457,2.6,0.46,0.529,2.3,2.7,0.855,0.3,1.4,1.6,3.1,0.5,0.1,1.5,11.0,2005-06,0.59,0.2,0
DeShawn Stevenson,ORL,82.0,32.3,4.4,9.5,0.46,0.0,0.133,4.4,0.466,0.461,2.2,3.0,0.744,0.7,2.2,2.9,2.0,0.7,0.2,1.5,11.0,2005-06,0.51,0.11,0
Kevin Martin,SAC,72.0,26.6,3.6,7.6,0.48,0.9,0.369,2.7,0.534,0.54,2.6,3.1,0.847,0.8,2.8,3.6,1.3,0.8,0.1,1.1,10.8,2005-06,0.6,0.15,0
Desmond Mason,NOK,70.0,30.0,3.9,9.9,0.399,0.0,0.167,3.9,0.401,0.399,2.9,4.3,0.682,0.9,3.3,4.3,0.9,0.6,0.2,1.6,10.8,2005-06,0.46,0.11,0
Deron Williams,UTA,80.0,28.8,4.2,10.1,0.421,1.1,0.416,3.1,0.423,0.478,1.2,1.7,0.704,0.4,2.0,2.4,4.5,0.8,0.2,1.8,10.8,2005-06,0.5,0.13,0
Drew Gooden,CLE,79.0,27.5,4.2,8.3,0.512,0.0,0.333,4.2,0.513,0.513,2.2,3.3,0.682,3.0,5.4,8.4,0.7,0.7,0.6,1.3,10.7,2005-06,0.55,0.18,0
Gordan Giriček,UTA,37.0,25.8,4.5,10.4,0.433,0.5,0.305,4.0,0.457,0.457,1.2,1.5,0.754,0.4,1.5,1.9,1.7,0.4,0.1,1.7,10.6,2005-06,0.48,0.18,0
Jumaine Jones,CHA,76.0,27.5,3.9,9.7,0.405,1.5,0.343,2.4,0.456,0.483,1.2,1.6,0.727,1.4,3.6,4.9,0.8,0.9,0.3,1.0,10.5,2005-06,0.5,0.13,0
Tim Thomas,2TM,29.0,23.0,3.9,9.0,0.431,1.6,0.414,2.3,0.444,0.519,1.0,1.4,0.667,0.8,3.8,4.5,0.7,0.6,0.2,1.1,10.3,2005-06,0.54,0.33,0
Marquis Daniels,DAL,62.0,28.5,4.0,8.3,0.48,0.1,0.211,3.9,0.491,0.484,2.2,3.0,0.754,1.3,2.3,3.6,2.8,1.1,0.2,1.6,10.2,2005-06,0.53,0.18,0
Chris Mihm,LAL,59.0,26.1,3.9,7.8,0.501,0.0,,3.9,0.501,0.501,2.4,3.4,0.716,2.3,4.0,6.3,1.0,0.3,1.2,1.4,10.2,2005-06,0.55,0.22,0
Shane Battier,MEM,81.0,35.0,3.7,7.7,0.488,0.8,0.394,2.9,0.522,0.54,1.8,2.6,0.707,2.0,3.3,5.3,1.7,1.1,1.4,1.1,10.1,2005-06,0.57,0.17,0
Michael Finley,SAS,77.0,26.5,3.7,9.0,0.412,1.4,0.394,2.3,0.423,0.491,1.3,1.5,0.852,0.4,2.8,3.2,1.5,0.5,0.1,0.8,10.1,2005-06,0.52,0.12,0
Kareem Rush,CHA,47.0,23.6,3.9,10.0,0.386,1.2,0.348,2.6,0.407,0.447,1.2,1.6,0.714,0.4,1.8,2.2,1.1,0.8,0.3,1.4,10.1,2005-06,0.47,0.14,0
Marcus Banks,2TM,58.0,25.8,3.8,8.1,0.468,0.4,0.349,3.4,0.486,0.491,2.0,2.5,0.803,0.4,1.9,2.3,3.8,0.9,0.2,2.1,10.0,2005-06,0.54,0.18,0
Josh Childress,ATL,74.0,30.4,3.8,6.8,0.552,0.4,0.492,3.3,0.56,0.583,2.1,2.7,0.766,1.8,3.4,5.2,1.8,1.2,0.5,1.4,10.0,2005-06,0.63,0.19,0
Devin Harris,DAL,56.0,22.8,3.4,7.2,0.469,0.1,0.238,3.3,0.482,0.475,3.0,4.2,0.716,0.5,1.8,2.2,3.2,0.9,0.3,1.5,9.9,2005-06,0.55,0.18,0
David Wesley,HOU,71.0,33.4,3.2,7.9,0.403,1.4,0.365,1.8,0.438,0.491,2.1,2.6,0.807,0.3,2.2,2.5,2.9,0.8,0.1,1.7,9.9,2005-06,0.55,0.13,0
Vladimir Radmanović,2TM,77.0,25.6,3.4,8.4,0.407,1.8,0.39,1.6,0.429,0.515,1.2,1.5,0.816,0.8,3.8,4.6,1.8,0.8,0.4,1.2,9.8,2005-06,0.54,0.14,0
Melvin Ely,CHA,57.0,23.6,3.8,7.5,0.508,0.0,0.0,3.8,0.511,0.508,2.2,3.4,0.667,1.6,3.2,4.9,1.3,0.5,0.8,1.8,9.8,2005-06,0.54,0.19,0
Eddie House,PHO,81.0,17.5,4.0,9.4,0.422,1.5,0.389,2.4,0.445,0.503,0.4,0.5,0.805,0.2,1.4,1.6,1.8,0.5,0.1,0.9,9.8,2005-06,0.51,0.09,0
Salim Stoudamire,ATL,61.0,20.3,3.3,8.1,0.415,1.3,0.38,2.0,0.442,0.498,1.6,1.8,0.9,0.2,1.7,1.9,1.2,0.4,0.0,1.3,9.7,2005-06,0.55,0.11,0
Antonio Daniels,WAS,80.0,28.5,2.9,6.9,0.418,0.3,0.228,2.6,0.461,0.439,3.6,4.2,0.845,0.2,1.9,2.2,3.6,0.7,0.1,1.1,9.6,2005-06,0.55,0.13,0
Fred Jones,IND,68.0,27.0,3.4,8.2,0.417,0.9,0.337,2.5,0.457,0.473,1.8,2.4,0.763,0.3,2.2,2.5,2.3,0.8,0.3,1.6,9.6,2005-06,0.52,0.13,0
Chucky Atkins,2TM,71.0,24.1,3.2,8.1,0.394,1.4,0.354,1.8,0.431,0.479,1.8,2.3,0.791,0.3,1.4,1.7,2.8,0.6,0.0,1.2,9.5,2005-06,0.52,0.11,0
Troy Hudson,MIN,36.0,22.2,3.5,9.3,0.381,1.1,0.396,2.4,0.375,0.441,1.3,1.4,0.923,0.2,1.0,1.2,2.9,0.3,0.1,1.1,9.5,2005-06,0.48,0.19,0
Sebastian Telfair,POR,68.0,24.1,3.4,8.5,0.394,0.8,0.352,2.5,0.411,0.444,1.9,2.6,0.743,0.3,1.5,1.8,3.6,1.0,0.1,1.7,9.5,2005-06,0.49,0.12,0
Andrew Bogut,MIL,82.0,28.6,3.9,7.4,0.533,0.0,0.0,3.9,0.536,0.533,1.5,2.4,0.629,2.3,4.7,7.0,2.3,0.6,0.8,1.5,9.4,2005-06,0.56,0.17,0
Keyon Dooling,ORL,50.0,22.7,3.6,8.1,0.44,0.3,0.302,3.3,0.456,0.456,2.0,2.4,0.835,0.2,1.3,1.6,2.2,1.0,0.1,1.6,9.4,2005-06,0.51,0.16,0
Udonis Haslem,MIA,81.0,30.8,3.7,7.3,0.508,0.0,0.0,3.7,0.509,0.508,1.9,2.5,0.789,2.1,5.8,7.8,1.2,0.6,0.2,1.0,9.3,2005-06,0.55,0.17,0
Jarvis Hayes,WAS,21.0,24.6,3.7,8.7,0.421,0.8,0.362,2.9,0.441,0.467,1.2,1.4,0.833,0.9,2.7,3.6,1.3,0.8,0.0,1.0,9.3,2005-06,0.5,0.42,0
James Jones,PHO,75.0,23.6,3.2,7.7,0.418,1.5,0.386,1.8,0.449,0.513,1.4,1.6,0.851,0.6,2.8,3.4,0.8,0.5,0.7,0.5,9.3,2005-06,0.55,0.13,0
Donyell Marshall,CLE,81.0,25.6,3.3,8.3,0.395,1.6,0.324,1.7,0.496,0.49,1.1,1.5,0.748,1.3,4.8,6.1,0.7,0.7,0.5,1.1,9.3,2005-06,0.52,0.13,0
Mickaël Piétrus,GSW,52.0,22.7,3.3,8.0,0.404,1.1,0.318,2.2,0.467,0.471,1.7,2.8,0.608,1.1,2.0,3.1,0.8,0.6,0.2,1.5,9.3,2005-06,0.5,0.13,0
Nate Robinson,NYK,72.0,21.4,3.2,7.8,0.407,0.8,0.397,2.4,0.411,0.458,2.1,2.8,0.752,0.8,1.5,2.3,2.0,0.8,0.0,1.6,9.3,2005-06,0.51,0.1,0
Jamaal Tinsley,IND,42.0,26.7,3.8,9.2,0.409,0.4,0.229,3.4,0.449,0.43,1.4,2.2,0.637,0.8,2.3,3.2,5.0,1.2,0.1,2.6,9.3,2005-06,0.46,0.24,0
Trenton Hassell,MIN,77.0,32.6,3.7,8.0,0.464,0.1,0.304,3.6,0.47,0.47,1.7,2.3,0.744,1.1,1.7,2.8,2.6,0.6,0.4,1.6,9.2,2005-06,0.51,0.12,0
Anthony Johnson,IND,75.0,26.4,3.6,8.0,0.443,0.7,0.329,2.9,0.482,0.485,1.4,1.9,0.752,0.4,1.8,2.2,4.3,0.8,0.3,1.5,9.2,2005-06,0.52,0.14,0
Jamaal Magloire,MIL,82.0,30.1,3.5,7.5,0.467,0.0,,3.5,0.467,0.467,2.2,4.1,0.535,2.7,6.8,9.5,0.7,0.4,1.0,2.0,9.2,2005-06,0.49,0.16,0
Darius Songaila,CHI,62.0,21.4,3.8,7.9,0.481,0.0,0.4,3.8,0.481,0.483,1.5,1.9,0.817,1.2,2.7,4.0,1.4,0.6,0.3,1.4,9.2,2005-06,0.53,0.15,0
Kenny Thomas,SAC,82.0,28.0,3.7,7.4,0.505,0.0,0.0,3.7,0.506,0.505,1.7,2.5,0.676,2.4,5.1,7.5,2.0,0.9,0.5,1.6,9.1,2005-06,0.54,0.17,0
P.J. Brown,NOK,75.0,31.7,3.6,7.8,0.461,0.0,,3.6,0.461,0.461,1.9,2.2,0.827,2.4,4.9,7.3,1.2,0.6,0.7,1.2,9.0,2005-06,0.51,0.17,1
Earl Watson,2TM,70.0,22.5,3.1,7.3,0.43,1.6,0.404,1.6,0.46,0.538,1.1,1.6,0.676,0.3,1.9,2.3,4.1,1.0,0.1,1.9,8.9,2005-06,0.56,0.14,0
Stromile Swift,HOU,66.0,20.4,3.4,6.9,0.491,0.0,0.0,3.4,0.493,0.491,2.1,3.2,0.651,1.6,2.8,4.4,0.4,0.6,0.8,1.4,8.9,2005-06,0.54,0.14,0
Keith Van Horn,DAL,53.0,20.6,3.1,7.3,0.424,0.9,0.368,2.2,0.454,0.488,1.8,2.1,0.832,1.0,2.6,3.6,0.7,0.6,0.2,1.3,8.9,2005-06,0.54,0.15,0
Bracey Wright,MIN,7.0,19.3,3.0,7.3,0.412,0.9,0.353,2.1,0.441,0.471,2.0,2.3,0.875,0.4,2.1,2.6,0.7,0.1,0.0,1.1,8.9,2005-06,0.54,0.94,0
Luther Head,HOU,80.0,28.9,3.2,7.9,0.403,1.4,0.361,1.8,0.445,0.493,1.1,1.5,0.699,0.4,2.9,3.3,2.7,1.1,0.1,1.5,8.8,2005-06,0.51,0.12,0
Rasual Butler,NOK,79.0,23.7,3.3,8.0,0.406,1.2,0.38,2.1,0.422,0.479,1.0,1.4,0.693,0.6,2.3,2.9,0.5,0.4,0.6,0.8,8.7,2005-06,0.5,0.09,0
Chris Duhon,CHI,74.0,29.1,2.9,7.3,0.4,1.4,0.36,1.6,0.442,0.493,1.6,1.9,0.818,0.4,2.6,3.0,5.0,0.9,0.0,1.6,8.7,2005-06,0.53,0.15,0
Amar'e Stoudemire,PHO,3.0,16.7,3.0,9.0,0.333,0.0,0.0,3.0,0.346,0.333,2.7,3.0,0.889,2.0,3.3,5.3,0.7,0.3,1.0,0.3,8.7,2005-06,0.42,3.13,1
Keith Bogans,2TM,72.0,26.6,3.0,7.6,0.395,0.9,0.325,2.1,0.436,0.455,1.8,2.6,0.683,0.8,2.8,3.5,1.8,1.0,0.1,1.3,8.6,2005-06,0.49,0.12,0
Joe Smith,MIL,44.0,20.2,3.3,6.9,0.475,0.0,0.0,3.3,0.479,0.475,2.0,2.6,0.774,1.9,3.3,5.2,0.7,0.5,0.3,0.9,8.6,2005-06,0.53,0.23,0
Kurt Thomas,PHO,53.0,26.6,3.6,7.4,0.486,0.0,,3.6,0.486,0.486,1.4,1.7,0.815,1.9,5.9,7.8,1.1,0.4,1.0,1.1,8.6,2005-06,0.53,0.26,0
Marvin Williams,ATL,79.0,24.7,3.0,6.7,0.443,0.2,0.245,2.8,0.464,0.455,2.4,3.2,0.747,1.5,3.3,4.8,0.8,0.6,0.3,1.1,8.5,2005-06,0.52,0.12,0
Charlie Bell,MIL,59.0,21.7,3.1,6.9,0.439,1.2,0.423,1.8,0.45,0.526,1.1,1.5,0.708,0.4,1.7,2.0,2.2,1.0,0.1,0.7,8.4,2005-06,0.56,0.15,0
Steve Blake,POR,68.0,26.2,3.0,6.9,0.438,1.1,0.413,1.9,0.455,0.519,1.1,1.3,0.791,0.4,1.8,2.1,4.5,0.6,0.1,1.2,8.2,2005-06,0.55,0.15,0
Austin Croshere,IND,50.0,23.0,2.6,5.7,0.463,1.1,0.386,1.6,0.538,0.558,1.8,2.0,0.882,1.2,4.1,5.3,1.2,0.4,0.1,1.0,8.2,2005-06,0.62,0.22,0
Sean May,CHA,23.0,17.3,3.0,7.4,0.409,0.0,0.0,3.0,0.422,0.409,2.1,2.8,0.766,1.8,2.9,4.7,1.0,0.7,0.5,1.4,8.2,2005-06,0.47,0.37,0
Quentin Richardson,NYK,55.0,26.2,3.0,8.3,0.355,1.2,0.34,1.8,0.365,0.425,1.1,1.7,0.67,1.2,3.0,4.2,1.6,0.7,0.1,1.0,8.2,2005-06,0.45,0.14,0
Chris Wilcox,2TM,77.0,19.9,3.3,5.8,0.571,0.0,0.0,3.3,0.574,0.571,1.5,2.0,0.732,1.5,3.8,5.3,0.7,0.4,0.4,0.9,8.1,2005-06,0.61,0.14,0
Derek Anderson,2TM,43.0,24.3,2.5,7.0,0.356,0.9,0.299,1.6,0.402,0.422,2.2,2.6,0.838,0.5,2.8,3.3,2.3,0.5,0.1,1.3,8.1,2005-06,0.5,0.19,0
Mike Sweetney,CHI,66.0,18.5,3.0,6.7,0.45,0.0,,3.0,0.45,0.45,2.0,3.1,0.652,1.8,3.5,5.3,0.9,0.3,0.8,1.4,8.1,2005-06,0.5,0.14,0
Kirk Snyder,NOK,68.0,19.3,3.0,6.7,0.453,0.7,0.357,2.3,0.491,0.503,1.3,1.7,0.735,0.8,1.6,2.4,1.5,0.4,0.3,1.0,8.0,2005-06,0.54,0.11,0
Tony Battie,ORL,82.0,27.0,3.4,6.7,0.507,0.0,0.0,3.4,0.513,0.507,1.1,1.6,0.664,1.8,3.8,5.6,0.6,0.6,0.8,1.1,7.9,2005-06,0.53,0.13,0
Brian Cook,LAL,81.0,19.0,3.2,6.3,0.511,0.4,0.429,2.8,0.527,0.546,1.0,1.2,0.832,1.1,2.3,3.4,0.9,0.5,0.4,0.8,7.9,2005-06,0.58,0.11,0
Al Jefferson,BOS,59.0,18.0,3.2,6.4,0.499,0.0,0.0,3.2,0.504,0.499,1.5,2.3,0.642,1.6,3.4,5.1,0.5,0.5,0.8,1.1,7.9,2005-06,0.53,0.16,0
Rashad McCants,MIN,79.0,17.2,3.1,6.8,0.45,0.8,0.372,2.2,0.49,0.513,1.0,1.3,0.736,0.4,1.4,1.8,0.8,0.6,0.3,1.1,7.9,2005-06,0.54,0.08,0
Marko Jarić,MIN,75.0,28.0,3.0,7.5,0.399,0.5,0.301,2.5,0.43,0.435,1.3,1.8,0.688,0.8,2.3,3.1,3.9,1.4,0.3,1.7,7.8,2005-06,0.47,0.13,0
Raef LaFrentz,BOS,82.0,24.8,2.9,6.7,0.431,1.4,0.392,1.5,0.474,0.533,0.6,0.9,0.68,1.0,4.0,5.0,1.4,0.4,0.9,0.8,7.8,2005-06,0.55,0.13,0
Antonio McDyess,DET,82.0,21.1,3.5,6.8,0.509,0.0,0.0,3.5,0.511,0.509,0.8,1.5,0.557,1.9,3.4,5.3,1.1,0.6,0.6,0.9,7.8,2005-06,0.52,0.13,0
Alonzo Mourning,MIA,65.0,20.0,2.9,4.8,0.597,0.0,0.0,2.9,0.599,0.597,2.0,3.4,0.594,1.9,3.6,5.5,0.2,0.2,2.7,1.2,7.8,2005-06,0.62,0.18,0
Gary Payton,MIA,81.0,28.5,2.8,6.8,0.42,0.8,0.287,2.0,0.517,0.481,1.2,1.6,0.794,0.4,2.5,2.9,3.2,0.9,0.1,1.3,7.7,2005-06,0.51,0.11,0
J.R. Smith,NOK,55.0,18.0,2.6,6.7,0.393,0.9,0.371,1.7,0.407,0.464,1.5,1.8,0.822,0.3,1.7,2.0,1.1,0.7,0.1,1.0,7.7,2005-06,0.51,0.11,0
Tony Delk,2TM,24.0,16.0,3.0,6.7,0.441,0.8,0.426,2.1,0.447,0.503,0.8,1.1,0.741,0.6,1.6,2.2,1.4,0.5,0.0,0.8,7.6,2005-06,0.53,0.29,0
Matt Carroll,CHA,78.0,16.3,2.5,6.1,0.403,0.9,0.389,1.5,0.412,0.479,1.8,2.2,0.821,0.4,1.6,2.0,0.4,0.6,0.1,0.6,7.6,2005-06,0.54,0.08,0
Ryan Gomes,BOS,61.0,22.6,2.8,5.8,0.487,0.0,0.333,2.8,0.491,0.492,1.8,2.4,0.752,1.7,3.2,4.9,1.0,0.6,0.1,0.9,7.6,2005-06,0.55,0.16,0
Matt Bonner,TOR,78.0,21.9,2.7,6.0,0.448,1.3,0.42,1.4,0.478,0.557,0.8,1.0,0.829,1.1,2.5,3.6,0.7,0.6,0.4,0.4,7.5,2005-06,0.58,0.11,0
Bruce Bowen,SAS,82.0,33.6,2.8,6.5,0.433,1.3,0.424,1.6,0.44,0.53,0.6,1.0,0.607,0.4,3.5,3.9,1.5,1.0,0.4,0.8,7.5,2005-06,0.54,0.11,0
Devin Brown,UTA,81.0,21.1,2.6,6.5,0.393,0.5,0.331,2.1,0.411,0.43,2.0,2.6,0.745,0.9,1.7,2.6,1.3,0.5,0.2,1.2,7.5,2005-06,0.49,0.08,0
Nick Collison,SEA,66.0,21.9,3.1,6.0,0.525,0.0,0.0,3.1,0.529,0.525,1.2,1.7,0.699,2.2,3.4,5.6,1.1,0.3,0.5,1.2,7.5,2005-06,0.56,0.16,0
Danny Granger,IND,78.0,22.6,2.8,6.1,0.462,0.4,0.323,2.4,0.496,0.494,1.5,1.9,0.777,1.7,3.2,4.9,1.2,0.7,0.8,1.0,7.5,2005-06,0.54,0.13,0
John Salmons,PHI,82.0,25.1,2.7,6.4,0.42,0.3,0.299,2.4,0.445,0.445,1.9,2.4,0.775,0.6,2.1,2.7,2.7,0.9,0.2,1.5,7.5,2005-06,0.5,0.1,0
Kwame Brown,LAL,72.0,27.5,2.8,5.4,0.526,0.0,0.0,2.8,0.527,0.526,1.8,3.3,0.545,2.5,4.0,6.6,1.0,0.4,0.6,1.4,7.4,2005-06,0.54,0.15,0
Voshon Lenard,2TM,26.0,17.6,2.9,7.3,0.393,1.0,0.321,1.9,0.442,0.458,0.6,1.2,0.516,0.2,1.6,1.8,1.6,0.8,0.2,1.2,7.3,2005-06,0.47,0.21,0
Samuel Dalembert,PHI,66.0,26.7,3.0,5.6,0.531,0.0,0.0,3.0,0.533,0.531,1.4,2.0,0.705,2.4,5.8,8.2,0.4,0.5,2.4,1.6,7.3,2005-06,0.56,0.21,0
Brendan Haywood,WAS,79.0,23.8,2.8,5.5,0.514,0.0,,2.8,0.514,0.514,1.7,2.8,0.585,2.5,3.4,5.9,0.6,0.4,1.3,1.2,7.3,2005-06,0.54,0.13,0
Šarūnas Jasikevičius,IND,75.0,20.8,2.3,5.7,0.396,1.1,0.364,1.1,0.435,0.497,1.6,1.8,0.91,0.3,1.8,2.0,3.0,0.5,0.1,1.5,7.3,2005-06,0.56,0.1,0
Ben Wallace,DET,82.0,35.2,2.9,5.7,0.51,0.0,0.0,2.9,0.514,0.51,1.5,3.6,0.416,3.7,7.6,11.3,1.9,1.8,2.2,1.1,7.3,2005-06,0.5,0.23,0
Tony Allen,BOS,51.0,19.2,2.5,5.4,0.471,0.2,0.324,2.3,0.492,0.491,2.0,2.6,0.746,0.6,1.5,2.2,1.3,1.0,0.4,1.3,7.2,2005-06,0.55,0.14,0
James Posey,MIA,67.0,28.6,2.4,5.9,0.403,1.7,0.403,0.6,0.4,0.551,0.7,0.9,0.787,0.5,4.3,4.8,1.3,0.8,0.3,0.9,7.2,2005-06,0.57,0.15,0
Ike Diogu,GSW,69.0,14.9,2.5,4.8,0.524,0.0,,2.5,0.524,0.524,2.0,2.4,0.81,1.4,1.9,3.3,0.4,0.2,0.4,1.1,7.0,2005-06,0.6,0.11,0
Willie Green,PHI,10.0,15.3,2.8,6.6,0.424,1.0,0.526,1.8,0.383,0.5,0.4,0.5,0.8,0.1,1.4,1.5,0.5,0.2,0.0,1.2,7.0,2005-06,0.51,0.41,0
Clifford Robinson,NJN,80.0,23.3,2.7,6.4,0.427,0.8,0.343,2.0,0.47,0.485,0.7,1.0,0.658,0.7,2.7,3.3,1.1,0.6,0.5,0.8,6.9,2005-06,0.5,0.09,0
Monta Ellis,GSW,49.0,18.1,2.7,6.5,0.415,0.6,0.341,2.1,0.441,0.459,0.9,1.2,0.712,0.4,1.7,2.1,1.6,0.7,0.2,1.2,6.8,2005-06,0.48,0.12,0
Greg Buckner,DEN,73.0,24.1,2.5,5.7,0.434,1.2,0.354,1.3,0.546,0.537,0.6,0.8,0.782,0.4,2.4,2.9,1.7,1.2,0.3,0.7,6.7,2005-06,0.55,0.12,0
Marcus Fizer,NOK,3.0,13.0,3.0,5.7,0.529,0.3,1.0,2.7,0.5,0.559,0.3,0.7,0.5,0.3,2.0,2.3,0.3,0.0,0.0,0.7,6.7,2005-06,0.56,1.83,0
Joey Graham,TOR,80.0,19.8,2.5,5.2,0.478,0.4,0.333,2.1,0.517,0.513,1.4,1.7,0.812,0.7,2.3,3.1,0.8,0.5,0.2,1.2,6.7,2005-06,0.56,0.09,0
Jarrett Jack,POR,79.0,20.2,2.4,5.4,0.442,0.3,0.263,2.1,0.48,0.465,1.6,2.0,0.8,0.2,1.8,2.0,2.8,0.5,0.0,1.3,6.7,2005-06,0.53,0.09,0
Amir Johnson,DET,3.0,13.0,2.3,3.3,0.7,0.7,0.667,1.7,0.714,0.8,1.3,1.3,1.0,1.0,0.3,1.3,1.0,0.0,0.7,1.3,6.7,2005-06,0.87,2.47,0
Damon Jones,CLE,82.0,25.5,2.3,6.0,0.387,1.7,0.377,0.6,0.417,0.53,0.4,0.6,0.64,0.2,1.5,1.6,2.1,0.5,0.0,0.7,6.7,2005-06,0.53,0.08,0
Qyntel Woods,NYK,49.0,20.7,2.6,5.2,0.508,0.4,0.367,2.2,0.552,0.551,1.0,1.6,0.645,0.9,3.0,3.9,1.0,0.7,0.3,1.2,6.7,2005-06,0.57,0.17,0
Martell Webster,POR,61.0,17.5,2.3,5.7,0.399,1.1,0.357,1.2,0.446,0.493,1.0,1.2,0.859,0.5,1.7,2.1,0.6,0.3,0.2,0.7,6.6,2005-06,0.53,0.09,0
Marc Jackson,2TM,64.0,16.0,2.7,5.8,0.472,0.0,0.5,2.7,0.471,0.473,1.0,1.3,0.805,1.3,2.0,3.4,0.7,0.2,0.1,1.0,6.5,2005-06,0.51,0.1,0
Damien Wilkins,SEA,82.0,18.6,2.4,5.3,0.444,0.2,0.25,2.2,0.472,0.46,1.7,2.0,0.84,1.0,1.4,2.3,1.3,0.9,0.1,1.0,6.5,2005-06,0.53,0.08,0
Jared Jeffries,WAS,77.0,25.3,2.4,5.4,0.451,0.2,0.32,2.2,0.468,0.47,1.3,2.2,0.589,2.1,2.8,4.9,1.9,0.8,0.6,1.3,6.4,2005-06,0.5,0.12,0
Bernard Robinson,CHA,66.0,19.7,2.4,5.5,0.43,0.0,0.095,2.3,0.451,0.433,1.6,2.0,0.791,0.9,2.4,3.3,1.2,1.2,0.2,1.1,6.4,2005-06,0.5,0.12,0
Robert Swift,SEA,47.0,21.0,2.6,5.1,0.515,0.0,,2.6,0.515,0.515,1.1,1.9,0.582,2.0,3.6,5.6,0.2,0.3,1.2,1.0,6.4,2005-06,0.54,0.2,0
Devean George,LAL,71.0,21.7,2.4,6.0,0.4,0.7,0.313,1.7,0.453,0.459,0.8,1.2,0.674,1.2,2.7,3.9,1.0,0.9,0.5,0.8,6.3,2005-06,0.48,0.11,0
Maurice Taylor,NYK,67.0,18.1,2.7,5.8,0.468,0.0,0.0,2.7,0.469,0.468,0.9,1.2,0.699,1.0,2.4,3.4,0.8,0.3,0.2,1.5,6.3,2005-06,0.5,0.09,0
Nazr Mohammed,SAS,80.0,17.4,2.4,4.7,0.504,0.0,,2.4,0.504,0.504,1.4,1.8,0.785,2.0,3.2,5.2,0.5,0.3,0.6,1.1,6.2,2005-06,0.56,0.11,0
Milt Palacio,UTA,71.0,19.4,2.4,5.7,0.424,0.0,0.063,2.4,0.439,0.426,1.4,2.1,0.653,0.2,1.6,1.9,2.7,0.7,0.2,1.5,6.2,2005-06,0.47,0.09,0
Steven Hunter,PHI,69.0,19.0,2.5,4.2,0.601,0.0,,2.5,0.601,0.601,1.0,2.0,0.514,1.6,2.3,3.9,0.2,0.2,1.1,0.9,6.1,2005-06,0.6,0.11,0
DerMarr Johnson,DEN,58.0,15.9,2.3,5.3,0.431,1.0,0.35,1.3,0.521,0.523,0.6,0.7,0.81,0.3,1.3,1.7,0.9,0.4,0.4,0.8,6.1,2005-06,0.54,0.1,0
Joel Przybilla,POR,56.0,24.9,2.3,4.3,0.548,0.0,,2.3,0.548,0.548,1.5,2.8,0.532,2.6,4.4,7.0,0.8,0.4,2.3,1.4,6.1,2005-06,0.55,0.21,0
Jeff Foster,IND,63.0,25.1,2.2,4.0,0.552,0.0,0.0,2.2,0.561,0.552,1.5,2.5,0.604,3.6,5.6,9.1,0.8,0.7,0.4,1.0,5.9,2005-06,0.58,0.21,0
Carlos Arroyo,2TM,77.0,15.5,2.2,4.9,0.444,0.1,0.35,2.1,0.45,0.454,1.4,1.8,0.774,0.4,1.3,1.7,3.0,0.5,0.1,1.1,5.8,2005-06,0.51,0.09,0
Alan Anderson,CHA,36.0,15.7,2.1,5.0,0.414,0.7,0.414,1.4,0.415,0.481,0.9,1.1,0.805,0.6,1.3,1.9,0.9,0.3,0.1,0.9,5.8,2005-06,0.53,0.14,0
Brent Barry,SAS,74.0,17.0,2.1,4.7,0.452,1.1,0.396,1.0,0.531,0.568,0.5,0.8,0.661,0.4,1.8,2.1,1.7,0.5,0.4,0.7,5.8,2005-06,0.57,0.09,0
Viktor Khryapa,POR,69.0,21.6,2.3,5.0,0.462,0.1,0.333,2.1,0.474,0.477,1.1,1.6,0.694,1.7,2.8,4.4,1.3,0.7,0.4,1.2,5.8,2005-06,0.51,0.12,0
Shaun Livingston,LAC,61.0,25.0,2.4,5.7,0.427,0.0,0.125,2.4,0.434,0.428,0.9,1.3,0.688,0.7,2.3,3.0,4.5,0.8,0.5,1.8,5.8,2005-06,0.46,0.15,0
Travis Outlaw,POR,69.0,16.7,2.3,5.3,0.44,0.2,0.264,2.1,0.47,0.459,0.9,1.3,0.697,0.7,2.0,2.7,0.5,0.4,0.7,0.5,5.8,2005-06,0.49,0.09,0
Lorenzen Wright,MEM,78.0,21.7,2.5,5.2,0.478,0.0,0.0,2.5,0.48,0.478,0.8,1.5,0.564,1.8,3.2,5.1,0.6,0.7,0.6,0.9,5.8,2005-06,0.49,0.11,0
Erick Dampier,DAL,82.0,23.6,2.1,4.2,0.493,0.0,,2.1,0.493,0.493,1.5,2.6,0.591,3.3,4.5,7.8,0.6,0.3,1.3,1.4,5.7,2005-06,0.53,0.14,0
David Harrison,IND,67.0,15.4,2.2,4.4,0.503,0.0,,2.2,0.503,0.503,1.3,2.6,0.511,1.3,2.5,3.8,0.2,0.3,0.9,1.2,5.7,2005-06,0.51,0.09,0
Reggie Evans,2TM,67.0,20.8,2.0,4.0,0.489,0.0,0.0,2.0,0.491,0.489,1.7,3.2,0.53,2.6,4.9,7.5,0.6,0.6,0.1,1.3,5.6,2005-06,0.52,0.14,0
Francisco García,SAC,67.0,19.4,1.9,4.9,0.4,0.6,0.285,1.4,0.484,0.46,1.2,1.5,0.772,0.6,2.2,2.8,1.4,0.6,0.7,1.1,5.6,2005-06,0.5,0.1,0
Keith McLeod,UTA,66.0,18.7,1.8,5.2,0.353,0.4,0.293,1.5,0.372,0.388,1.6,2.0,0.797,0.2,1.0,1.2,2.3,0.6,0.1,1.2,5.6,2005-06,0.46,0.07,0
José Calderón,TOR,64.0,23.2,2.1,4.9,0.423,0.1,0.163,2.0,0.465,0.434,1.2,1.4,0.848,0.5,1.7,2.2,4.5,0.7,0.1,1.6,5.5,2005-06,0.5,0.13,0
Nick Van Exel,SAS,65.0,15.2,2.1,5.3,0.397,0.8,0.357,1.2,0.429,0.477,0.4,0.6,0.683,0.1,1.3,1.4,1.9,0.2,0.0,0.9,5.5,2005-06,0.49,0.07,0
Eduardo Nájera,DEN,64.0,22.6,2.0,4.7,0.422,0.1,0.333,1.9,0.426,0.429,1.4,1.8,0.781,2.0,3.1,5.1,0.8,0.8,0.5,0.8,5.4,2005-06,0.49,0.14,0
Jackie Butler,NYK,55.0,13.5,2.1,3.9,0.544,0.0,,2.1,0.544,0.544,1.1,1.4,0.753,1.2,2.1,3.3,0.5,0.3,0.6,1.1,5.3,2005-06,0.59,0.12,0
Tyson Chandler,CHI,79.0,26.8,2.0,3.6,0.565,0.0,0.0,2.0,0.567,0.565,1.2,2.4,0.503,3.4,5.7,9.0,1.0,0.5,1.3,1.6,5.3,2005-06,0.57,0.16,0
Jarron Collins,UTA,79.0,21.9,1.6,3.5,0.461,0.0,,1.6,0.461,0.461,2.0,2.8,0.717,1.7,2.5,4.2,1.2,0.5,0.3,0.8,5.3,2005-06,0.56,0.1,0
Jeff McInnis,NJN,28.0,17.4,2.3,5.1,0.441,0.1,0.188,2.1,0.472,0.451,0.7,1.0,0.69,0.4,1.4,1.8,1.9,0.4,0.1,1.0,5.3,2005-06,0.48,0.19,0
Jake Voskuhl,CHA,51.0,16.0,2.2,5.1,0.437,0.0,0.333,2.2,0.438,0.439,0.8,1.2,0.683,1.2,2.4,3.6,0.8,0.5,0.5,0.6,5.3,2005-06,0.47,0.13,0
Dan Gadzuric,MIL,74.0,12.0,2.3,4.2,0.553,0.0,0.0,2.3,0.555,0.553,0.6,1.2,0.461,1.2,1.9,3.1,0.3,0.3,0.6,0.5,5.2,2005-06,0.55,0.09,0
Gerald Green,BOS,32.0,11.7,2.1,4.3,0.478,0.2,0.3,1.9,0.508,0.5,0.9,1.2,0.784,0.3,1.0,1.3,0.6,0.4,0.1,0.7,5.2,2005-06,0.54,0.14,0
Kendrick Perkins,BOS,68.0,19.6,2.0,3.9,0.515,0.0,0.0,2.0,0.519,0.515,1.2,1.9,0.615,2.1,3.9,5.9,1.0,0.3,1.5,1.6,5.2,2005-06,0.55,0.14,0
Johan Petro,SEA,68.0,18.9,2.3,4.4,0.51,0.0,,2.3,0.51,0.51,0.7,1.1,0.627,1.6,2.8,4.4,0.2,0.4,0.8,0.9,5.2,2005-06,0.53,0.11,0
Robert Horry,SAS,63.0,18.8,1.8,4.6,0.384,0.8,0.368,0.9,0.399,0.474,0.7,1.1,0.647,1.1,2.7,3.8,1.3,0.7,0.8,0.7,5.1,2005-06,0.5,0.12,0
David Lee,NYK,67.0,16.9,2.0,3.4,0.596,0.0,,2.0,0.596,0.596,1.1,1.8,0.577,1.6,2.9,4.5,0.6,0.4,0.3,0.8,5.1,2005-06,0.61,0.12,0
Beno Udrih,SAS,54.0,10.9,2.0,4.3,0.455,0.4,0.343,1.5,0.503,0.506,0.7,0.9,0.78,0.3,0.6,1.0,1.7,0.3,0.0,1.0,5.1,2005-06,0.54,0.09,0
Michael Olowokandi,2TM,48.0,19.1,2.2,5.0,0.446,0.0,,2.2,0.446,0.446,0.5,1.0,0.511,1.0,3.5,4.6,0.5,0.5,0.7,1.1,5.0,2005-06,0.46,0.14,0
Chris Andersen,NOK,32.0,17.8,1.8,3.1,0.571,0.0,,1.8,0.571,0.571,1.5,3.2,0.476,1.9,2.9,4.8,0.2,0.3,1.3,0.8,5.0,2005-06,0.55,0.24,0
Jonathan Bender,IND,2.0,10.5,2.0,2.5,0.8,0.0,,2.0,0.8,0.8,1.0,1.0,1.0,0.0,2.0,2.0,1.0,0.0,0.5,0.0,5.0,2005-06,0.85,4.0,0
Maurice Evans,DET,80.0,14.2,1.9,4.3,0.452,0.5,0.371,1.4,0.493,0.515,0.7,0.8,0.8,1.0,1.1,2.0,0.8,0.5,0.2,0.5,5.0,2005-06,0.54,0.07,0
Jake Tsakalidis,MEM,51.0,14.4,2.0,3.2,0.606,0.0,,2.0,0.606,0.606,1.1,1.7,0.655,1.5,2.6,4.2,0.3,0.3,0.6,0.8,5.0,2005-06,0.63,0.15,0
Luke Walton,LAL,69.0,19.3,2.0,4.8,0.412,0.3,0.327,1.7,0.429,0.439,0.8,1.1,0.75,1.3,2.3,3.6,2.3,0.6,0.2,1.1,5.0,2005-06,0.47,0.11,0
Antonio Davis,2TM,44.0,21.4,1.9,4.3,0.432,0.0,0.0,1.9,0.434,0.432,1.2,1.8,0.642,2.0,2.7,4.7,0.5,0.5,0.2,1.2,4.9,2005-06,0.48,0.15,0
Malik Allen,CHI,54.0,13.0,2.2,4.6,0.49,0.0,1.0,2.2,0.488,0.492,0.4,0.7,0.605,0.8,1.8,2.6,0.4,0.3,0.3,0.6,4.9,2005-06,0.5,0.1,0
Francisco Elson,DEN,72.0,21.9,2.1,3.9,0.532,0.0,0.2,2.1,0.538,0.533,0.7,1.0,0.662,1.4,3.3,4.7,0.7,0.8,0.6,0.9,4.9,2005-06,0.56,0.12,0
Pat Garrity,ORL,57.0,16.5,1.8,4.2,0.417,0.9,0.388,0.9,0.451,0.521,0.5,0.6,0.811,0.5,1.4,1.9,0.7,0.2,0.2,0.7,4.9,2005-06,0.55,0.08,0
Toni Kukoč,MIL,65.0,15.7,1.8,4.6,0.389,0.7,0.306,1.1,0.47,0.465,0.6,0.9,0.714,0.4,1.9,2.3,2.1,0.5,0.3,1.0,4.9,2005-06,0.49,0.09,0
Theo Ratliff,POR,55.0,23.7,2.0,3.4,0.571,0.0,,2.0,0.571,0.571,1.0,1.5,0.651,1.6,3.5,5.1,0.5,0.3,1.6,0.9,4.9,2005-06,0.6,0.17,0
Darko Miličić,2TM,55.0,13.9,2.2,4.3,0.509,0.0,0.0,2.2,0.513,0.509,0.5,0.9,0.56,0.8,1.9,2.7,0.7,0.3,1.4,0.9,4.8,2005-06,0.51,0.12,0
Othella Harrington,CHI,72.0,11.4,1.9,3.8,0.495,0.0,,1.9,0.495,0.495,1.1,1.7,0.626,0.8,1.4,2.1,0.5,0.1,0.2,0.8,4.8,2005-06,0.53,0.06,0
Jannero Pargo,CHI,57.0,11.3,1.9,5.1,0.373,0.7,0.379,1.2,0.37,0.44,0.3,0.4,0.81,0.1,0.9,1.1,1.6,0.4,0.0,1.1,4.8,2005-06,0.45,0.06,0
Eric Snow,CLE,82.0,28.7,2.0,4.9,0.409,0.0,0.1,2.0,0.416,0.41,0.8,1.1,0.688,0.5,2.0,2.4,4.2,0.9,0.2,1.4,4.8,2005-06,0.45,0.1,0
Gerald Fitch,MIA,18.0,13.3,1.7,4.9,0.337,0.4,0.269,1.3,0.365,0.376,0.9,1.3,0.739,0.4,1.3,1.7,1.8,0.4,0.3,0.8,4.7,2005-06,0.43,0.25,0
Željko Rebrača,LAC,29.0,14.2,1.8,3.3,0.542,0.0,,1.8,0.542,0.542,1.1,1.4,0.756,0.4,1.8,2.2,0.3,0.2,0.7,0.8,4.7,2005-06,0.6,0.19,0
Quinton Ross,LAC,67.0,22.6,1.9,4.6,0.422,0.0,0.0,1.9,0.432,0.422,0.9,1.1,0.76,0.6,2.0,2.5,1.2,0.8,0.2,0.7,4.7,2005-06,0.46,0.09,0
Etan Thomas,WAS,71.0,15.8,1.8,3.5,0.533,0.0,,1.8,0.533,0.533,1.1,1.8,0.6,1.4,2.5,3.9,0.2,0.3,1.0,0.7,4.7,2005-06,0.55,0.1,0
Aaron Williams,2TM,48.0,16.5,1.9,3.7,0.517,0.0,,1.9,0.517,0.517,0.8,1.2,0.69,1.3,2.4,3.8,0.4,0.4,0.4,0.6,4.6,2005-06,0.54,0.14,0
Trevor Ariza,2TM,57.0,17.5,1.6,4.0,0.412,0.0,0.2,1.6,0.416,0.414,1.4,2.2,0.606,1.4,2.5,3.8,1.1,1.0,0.2,1.1,4.6,2005-06,0.46,0.11,0
Andre Barrett,2TM,19.0,14.8,2.0,5.5,0.365,0.1,0.143,1.9,0.4,0.375,0.5,0.6,0.75,0.5,0.8,1.3,2.7,0.5,0.0,0.8,4.6,2005-06,0.4,0.25,0
Adrian Griffin,DAL,52.0,23.9,1.9,3.9,0.48,0.0,0.0,1.9,0.485,0.48,0.8,1.0,0.774,1.4,2.9,4.4,1.7,1.0,0.2,0.8,4.6,2005-06,0.53,0.17,0
Eddie Griffin,MIN,70.0,19.4,1.9,5.3,0.351,0.2,0.195,1.6,0.396,0.373,0.6,1.1,0.595,1.5,4.0,5.6,0.6,0.2,2.1,0.6,4.6,2005-06,0.4,0.12,0
Anderson Varejão,CLE,48.0,15.8,1.6,3.1,0.527,0.0,0.0,1.6,0.53,0.527,1.3,2.5,0.513,1.6,3.3,4.9,0.4,0.6,0.4,0.6,4.6,2005-06,0.55,0.16,0
Justin Reed,2TM,72.0,13.8,1.7,4.1,0.403,0.0,0.0,1.7,0.405,0.403,1.2,1.7,0.725,0.7,1.0,1.7,0.6,0.3,0.2,0.7,4.5,2005-06,0.46,0.05,0
Adonal Foyle,GSW,77.0,23.7,2.0,3.9,0.507,0.0,,2.0,0.507,0.507,0.5,0.9,0.612,1.9,3.6,5.5,0.4,0.6,1.6,1.0,4.5,2005-06,0.52,0.12,0
Rasho Nesterović,SAS,80.0,18.9,2.2,4.2,0.515,0.0,0.0,2.2,0.518,0.515,0.2,0.4,0.6,1.4,2.4,3.9,0.4,0.3,1.1,0.7,4.5,2005-06,0.51,0.09,0
Sasha Pavlović,CLE,53.0,15.3,1.6,4.0,0.41,0.7,0.365,1.0,0.448,0.493,0.6,0.9,0.653,0.3,1.2,1.5,0.5,0.4,0.1,0.8,4.5,2005-06,0.51,0.07,0
Boštjan Nachbar,2TM,36.0,13.9,1.5,4.3,0.346,0.5,0.268,1.0,0.412,0.407,0.8,1.2,0.682,0.2,1.4,1.7,0.8,0.4,0.1,0.7,4.4,2005-06,0.46,0.1,0
Malik Rose,NYK,72.0,15.5,1.5,3.9,0.374,0.0,1.0,1.4,0.371,0.375,1.5,1.9,0.781,1.2,2.4,3.6,0.9,0.6,0.2,1.1,4.4,2005-06,0.46,0.08,0
Linton Johnson,2TM,36.0,14.6,1.7,4.1,0.409,0.4,0.361,1.3,0.425,0.453,0.5,0.8,0.667,1.1,2.3,3.4,0.4,0.3,0.3,0.8,4.3,2005-06,0.48,0.14,0
Jon Barry,HOU,20.0,17.1,1.3,3.3,0.385,0.6,0.375,0.7,0.394,0.477,1.2,1.5,0.828,0.1,1.5,1.6,1.3,0.7,0.1,1.1,4.3,2005-06,0.54,0.23,0
Anthony Grundy,ATL,12.0,9.0,1.6,3.2,0.5,0.4,0.333,1.2,0.609,0.566,0.8,1.2,0.643,0.1,1.3,1.4,0.8,0.6,0.0,0.8,4.3,2005-06,0.58,0.36,0
Jiří Welsch,MIL,58.0,14.9,1.5,3.8,0.387,0.2,0.286,1.2,0.416,0.419,1.1,1.5,0.747,0.4,1.5,1.9,1.1,0.6,0.0,0.7,4.3,2005-06,0.48,0.08,0
Lee Nailon,PHI,22.0,10.8,1.8,3.6,0.5,0.0,,1.8,0.5,0.5,0.6,0.7,0.867,1.0,0.9,1.9,0.3,0.4,0.2,0.5,4.2,2005-06,0.54,0.21,0
Laron Profit,LAL,25.0,11.2,1.6,3.4,0.476,0.1,0.167,1.5,0.561,0.494,0.8,1.0,0.875,0.3,1.4,1.7,0.6,0.4,0.2,1.0,4.2,2005-06,0.55,0.16,0
Jason Kapono,MIA,51.0,13.0,1.5,3.5,0.446,0.4,0.396,1.1,0.468,0.506,0.5,0.6,0.848,0.2,1.2,1.4,0.7,0.1,0.1,0.4,4.1,2005-06,0.54,0.08,0
Hakim Warrick,MEM,68.0,10.6,1.5,3.4,0.443,0.0,,1.5,0.443,0.443,1.1,1.7,0.661,0.6,1.5,2.1,0.4,0.2,0.3,0.8,4.1,2005-06,0.49,0.06,0
Dahntay Jones,MEM,71.0,13.6,1.5,3.7,0.414,0.0,0.143,1.5,0.438,0.42,0.8,1.3,0.645,0.3,1.2,1.5,0.5,0.5,0.2,0.7,4.0,2005-06,0.47,0.05,0
Sasha Vujačić,LAL,82.0,17.7,1.3,3.8,0.346,0.7,0.343,0.6,0.35,0.441,0.6,0.6,0.885,0.4,1.5,1.9,1.7,0.6,0.0,0.6,3.9,2005-06,0.48,0.06,0
Andris Biedriņš,GSW,68.0,14.7,1.7,2.7,0.638,0.0,,1.7,0.638,0.638,0.3,1.1,0.306,1.8,2.3,4.2,0.4,0.3,0.7,0.5,3.8,2005-06,0.6,0.1,0
Travis Diener,ORL,23.0,10.7,1.3,3.0,0.42,1.1,0.439,0.2,0.333,0.601,0.2,0.3,0.833,0.2,0.7,0.9,0.7,0.3,0.0,0.4,3.8,2005-06,0.61,0.15,0
Daniel Ewing,LAC,66.0,14.7,1.5,3.9,0.38,0.3,0.282,1.1,0.424,0.424,0.5,0.7,0.783,0.3,0.9,1.3,1.3,0.6,0.1,0.9,3.8,2005-06,0.45,0.05,0
Danny Fortson,SEA,23.0,12.0,1.2,2.2,0.529,0.0,,1.2,0.529,0.529,1.4,1.9,0.767,1.3,2.0,3.4,0.1,0.2,0.1,1.1,3.8,2005-06,0.63,0.22,0
Scot Pollard,IND,45.0,17.1,1.6,3.4,0.455,0.0,,1.6,0.455,0.455,0.6,0.8,0.763,1.6,3.2,4.8,0.5,0.8,0.4,0.6,3.8,2005-06,0.51,0.17,0
Doug Christie,DAL,7.0,26.4,1.3,3.7,0.346,0.0,0.0,1.3,0.36,0.346,1.1,1.7,0.667,0.3,1.6,1.9,2.0,1.3,0.1,0.9,3.7,2005-06,0.42,0.73,0
Chuck Hayes,HOU,40.0,13.4,1.5,2.6,0.562,0.0,0.0,1.5,0.567,0.562,0.7,1.1,0.644,1.7,2.8,4.5,0.4,0.7,0.4,0.3,3.7,2005-06,0.6,0.2,0
Kelvin Cato,2TM,27.0,12.3,1.3,3.1,0.429,0.0,,1.3,0.429,0.429,1.0,1.3,0.743,0.7,1.9,2.6,0.1,0.2,0.4,0.7,3.6,2005-06,0.49,0.15,0
Charles Smith,2TM,22.0,9.5,1.4,3.3,0.417,0.7,0.395,0.7,0.441,0.521,0.2,0.4,0.625,0.1,0.6,0.7,0.4,0.2,0.3,0.2,3.6,2005-06,0.52,0.13,0
Will Bynum,GSW,15.0,10.8,1.4,3.5,0.404,0.1,0.222,1.3,0.442,0.423,0.7,1.1,0.625,0.2,0.6,0.8,1.3,0.5,0.0,0.9,3.6,2005-06,0.45,0.19,0
Jason Collins,NJN,71.0,26.7,1.5,3.7,0.397,0.0,0.25,1.4,0.404,0.403,0.6,1.2,0.512,1.3,3.5,4.8,1.0,0.6,0.6,0.9,3.6,2005-06,0.43,0.1,0
Carlos Delfino,DET,68.0,10.7,1.3,3.3,0.403,0.3,0.333,1.0,0.428,0.447,0.7,1.0,0.672,0.4,1.3,1.7,0.6,0.3,0.2,0.5,3.6,2005-06,0.48,0.05,0
Royal Ivey,ATL,73.0,13.4,1.6,3.6,0.439,0.1,0.4,1.5,0.441,0.447,0.3,0.5,0.727,0.4,0.9,1.3,1.0,0.3,0.1,0.3,3.6,2005-06,0.47,0.05,0
Linas Kleiza,DEN,61.0,8.5,1.3,2.8,0.445,0.0,0.154,1.2,0.469,0.451,0.9,1.3,0.704,0.6,1.3,1.9,0.2,0.2,0.2,0.3,3.5,2005-06,0.52,0.06,0
Pape Sow,TOR,42.0,14.0,1.3,2.9,0.431,0.0,,1.3,0.431,0.431,1.0,1.4,0.719,1.3,2.2,3.5,0.2,0.5,0.5,0.7,3.5,2005-06,0.5,0.13,0
Vin Baker,LAC,8.0,10.6,0.9,1.9,0.467,0.0,,0.9,0.467,0.467,1.6,2.3,0.722,0.3,2.1,2.4,0.5,0.5,0.5,1.1,3.4,2005-06,0.58,0.56,0
Pat Burke,PHO,42.0,8.2,1.5,3.0,0.496,0.0,0.286,1.5,0.508,0.504,0.3,0.5,0.619,0.5,1.2,1.7,0.4,0.1,0.3,0.8,3.4,2005-06,0.53,0.08,0
Brian Cardinal,MEM,36.0,11.2,1.3,3.1,0.414,0.4,0.448,0.9,0.402,0.473,0.5,0.8,0.704,0.3,1.2,1.5,0.9,0.6,0.0,0.8,3.4,2005-06,0.49,0.1,0
C.J. Miles,UTA,23.0,8.8,1.2,3.3,0.368,0.2,0.25,1.0,0.411,0.401,0.8,1.0,0.75,0.8,0.9,1.7,0.7,0.3,0.1,0.4,3.4,2005-06,0.45,0.15,0
Lamond Murray,NJN,57.0,10.1,1.3,3.2,0.398,0.5,0.346,0.8,0.437,0.472,0.4,0.7,0.625,0.5,1.8,2.3,0.2,0.3,0.1,0.4,3.4,2005-06,0.48,0.06,0
Scott Padgett,NJN,62.0,11.6,1.1,3.2,0.353,0.7,0.347,0.5,0.363,0.458,0.4,0.5,0.794,0.9,1.8,2.7,0.7,0.5,0.2,0.3,3.4,2005-06,0.5,0.08,0
Zoran Planinić,NJN,56.0,10.6,1.2,3.3,0.361,0.2,0.232,0.9,0.417,0.396,0.8,1.2,0.697,0.3,1.1,1.3,0.9,0.4,0.1,0.8,3.4,2005-06,0.44,0.05,0
Wayne Simien,MIA,43.0,9.6,1.3,2.8,0.483,0.0,,1.3,0.483,0.483,0.7,0.8,0.882,0.9,1.2,2.0,0.2,0.3,0.0,0.6,3.4,2005-06,0.54,0.09,0
James Singleton,LAC,59.0,12.8,1.3,2.6,0.51,0.2,0.5,1.1,0.511,0.543,0.7,0.8,0.78,1.1,2.3,3.3,0.5,0.3,0.4,0.5,3.4,2005-06,0.58,0.1,0
Jacque Vaughn,NJN,80.0,15.4,1.3,3.1,0.437,0.0,0.167,1.3,0.444,0.439,0.7,1.0,0.728,0.2,0.9,1.1,1.5,0.5,0.0,0.7,3.4,2005-06,0.48,0.05,0
Corliss Williamson,SAC,37.0,9.8,1.2,2.8,0.417,0.1,1.0,1.1,0.406,0.427,1.0,1.3,0.776,0.6,1.2,1.8,0.4,0.2,0.1,0.8,3.4,2005-06,0.5,0.09,0
Richie Frahm,2TM,33.0,10.4,1.2,3.0,0.39,0.7,0.329,0.5,0.533,0.505,0.2,0.3,0.7,0.1,0.9,1.0,0.6,0.1,0.1,0.2,3.3,2005-06,0.53,0.09,0
Žarko Čabarkapa,GSW,61.0,8.3,1.1,2.9,0.385,0.1,0.25,1.0,0.403,0.399,1.0,1.4,0.714,0.6,1.2,1.8,0.3,0.2,0.1,0.6,3.3,2005-06,0.47,0.05,0
Anthony Carter,MIN,45.0,13.1,1.2,3.0,0.387,0.1,0.267,1.1,0.402,0.401,0.9,1.2,0.727,0.2,1.2,1.4,2.2,0.5,0.2,0.9,3.3,2005-06,0.47,0.1,0
Dan Dickau,BOS,19.0,12.3,0.9,2.4,0.37,0.5,0.5,0.4,0.269,0.478,0.9,0.9,1.0,0.3,0.6,0.8,2.1,0.6,0.1,0.9,3.3,2005-06,0.59,0.24,0
Jason Hart,SAC,66.0,12.4,1.3,3.3,0.389,0.1,0.29,1.2,0.405,0.41,0.6,0.8,0.661,0.2,0.9,1.1,1.1,0.5,0.1,0.7,3.3,2005-06,0.45,0.05,0
Mikki Moore,SEA,47.0,12.4,1.1,2.6,0.435,0.0,0.0,1.1,0.443,0.435,1.0,1.3,0.742,0.9,1.8,2.8,0.6,0.1,0.3,0.9,3.3,2005-06,0.52,0.09,0
Eric Williams,TOR,28.0,12.6,1.0,2.7,0.387,0.2,0.278,0.9,0.421,0.42,1.0,1.4,0.737,0.4,1.4,1.8,0.5,0.3,0.1,0.5,3.3,2005-06,0.5,0.12,0
Howard Eisley,2TM,32.0,12.3,1.1,3.2,0.33,0.4,0.31,0.7,0.344,0.393,0.6,0.8,0.833,0.1,0.9,1.0,2.2,0.3,0.1,0.7,3.2,2005-06,0.45,0.12,0
Michael Doleac,MIA,31.0,12.0,1.2,2.8,0.42,0.0,,1.2,0.42,0.42,0.8,1.0,0.8,0.7,2.0,2.7,0.3,0.3,0.2,0.5,3.2,2005-06,0.49,0.14,0
Orien Greene,BOS,80.0,15.4,1.3,3.2,0.395,0.1,0.225,1.1,0.427,0.413,0.6,0.9,0.662,0.5,1.4,1.8,1.6,1.0,0.1,1.4,3.2,2005-06,0.44,0.05,0
Sean Marks,SAS,25.0,7.2,1.5,2.8,0.521,0.0,0.0,1.5,0.544,0.521,0.3,0.5,0.583,0.5,1.2,1.7,0.3,0.2,0.3,0.3,3.2,2005-06,0.53,0.16,0
Matt Barnes,2TM,56.0,11.3,1.3,2.5,0.5,0.1,0.2,1.2,0.536,0.511,0.6,0.8,0.681,0.9,1.3,2.2,0.5,0.4,0.1,0.5,3.1,2005-06,0.54,0.08,0
Rawle Marshall,DAL,23.0,10.5,1.0,2.6,0.4,0.0,0.333,1.0,0.404,0.408,1.0,1.3,0.759,0.3,1.0,1.3,0.4,0.3,0.3,0.7,3.1,2005-06,0.49,0.12,0
Jim Jackson,2TM,40.0,12.8,1.2,4.0,0.294,0.5,0.243,0.7,0.337,0.35,0.2,0.3,0.692,0.3,1.6,1.9,0.9,0.3,0.2,0.9,3.0,2005-06,0.36,0.06,0
Sergei Monia,2TM,26.0,13.2,1.1,3.3,0.333,0.3,0.265,0.8,0.377,0.385,0.4,0.5,0.714,0.4,1.6,2.0,0.7,0.3,0.2,0.5,3.0,2005-06,0.43,0.13,0
Kris Humphries,UTA,62.0,10.0,1.2,3.3,0.379,0.0,0.0,1.2,0.389,0.379,0.5,1.0,0.523,0.9,1.6,2.5,0.5,0.4,0.3,0.5,3.0,2005-06,0.4,0.06,0
Jerome James,NYK,45.0,9.0,1.2,2.7,0.463,0.0,,1.2,0.463,0.463,0.6,0.9,0.625,0.9,1.2,2.0,0.3,0.1,0.5,1.1,3.0,2005-06,0.48,0.07,0
Andre Owens,UTA,23.0,9.1,1.2,3.2,0.365,0.1,0.188,1.0,0.414,0.385,0.5,0.8,0.667,0.5,0.4,0.9,0.3,0.2,0.0,0.6,3.0,2005-06,0.42,0.07,0
Pavel Podkolzin,DAL,1.0,18.0,0.0,2.0,0.0,0.0,,0.0,0.0,0.0,3.0,6.0,0.5,0.0,7.0,7.0,0.0,0.0,1.0,2.0,3.0,2005-06,0.32,4.0,0
Josh Powell,DAL,37.0,11.6,1.0,2.2,0.457,0.0,,1.0,0.457,0.457,1.0,1.2,0.8,0.8,1.4,2.2,0.2,0.2,0.1,0.6,3.0,2005-06,0.55,0.1,0
Brian Skinner,2TM,65.0,14.5,1.3,2.5,0.513,0.0,,1.3,0.513,0.513,0.4,0.9,0.482,1.2,2.3,3.5,0.5,0.4,0.7,0.7,2.9,2005-06,0.5,0.09,0
Lonny Baxter,2TM,41.0,9.8,1.1,2.5,0.433,0.0,,1.1,0.433,0.433,0.7,0.9,0.8,1.1,1.8,2.9,0.1,0.3,0.2,0.5,2.9,2005-06,0.5,0.1,0
Brian Grant,PHO,21.0,11.8,1.3,3.1,0.415,0.0,,1.3,0.415,0.415,0.3,0.4,0.875,0.5,2.2,2.7,0.3,0.2,0.1,0.3,2.9,2005-06,0.44,0.19,0
Lindsey Hunter,DET,30.0,11.8,1.2,3.3,0.37,0.4,0.256,0.9,0.456,0.425,0.1,0.1,0.5,0.3,1.0,1.3,2.1,0.6,0.0,0.7,2.9,2005-06,0.43,0.14,0
Mario Kasun,ORL,28.0,7.6,1.1,2.5,0.449,0.0,,1.1,0.449,0.449,0.6,0.8,0.783,0.9,1.3,2.1,0.1,0.1,0.1,0.5,2.9,2005-06,0.51,0.11,0
Brian Scalabrine,BOS,71.0,13.2,1.0,2.7,0.383,0.4,0.356,0.6,0.406,0.464,0.4,0.5,0.722,0.4,1.2,1.6,0.7,0.3,0.3,0.7,2.9,2005-06,0.5,0.05,0
Dorell Wright,MIA,20.0,6.6,1.0,2.2,0.465,0.2,0.5,0.9,0.459,0.5,0.8,0.9,0.882,0.1,1.5,1.6,0.4,0.2,0.1,0.7,2.9,2005-06,0.56,0.16,0
Moochie Norris,2TM,45.0,9.4,1.0,2.5,0.411,0.1,0.286,0.9,0.429,0.429,0.6,0.9,0.69,0.3,0.9,1.2,1.1,0.4,0.0,0.7,2.8,2005-06,0.48,0.07,0
Chris Taft,GSW,17.0,8.5,1.4,2.2,0.605,0.0,,1.4,0.605,0.605,0.1,0.4,0.167,1.1,1.0,2.1,0.1,0.1,0.4,0.1,2.8,2005-06,0.59,0.25,0
Dijon Thompson,PHO,10.0,4.3,1.1,2.5,0.44,0.4,0.364,0.7,0.5,0.52,0.2,0.2,1.0,0.4,0.7,1.1,0.1,0.3,0.1,0.2,2.8,2005-06,0.54,0.28,0
Ime Udoka,NYK,8.0,14.3,1.1,3.0,0.375,0.1,0.333,1.0,0.381,0.396,0.4,0.8,0.5,0.4,1.8,2.1,0.8,0.1,0.0,0.3,2.8,2005-06,0.42,0.4,0
Mateen Cleaves,SEA,27.0,8.5,0.9,2.6,0.352,0.1,0.25,0.8,0.382,0.38,0.7,0.9,0.792,0.1,0.4,0.5,1.6,0.1,0.1,0.5,2.7,2005-06,0.45,0.1,0
Luke Jackson,CLE,36.0,8.8,0.8,2.4,0.341,0.3,0.333,0.5,0.347,0.412,0.7,0.9,0.788,0.4,0.7,1.1,0.7,0.3,0.1,0.9,2.7,2005-06,0.48,0.06,0
Kevin Ollie,PHI,70.0,15.3,1.1,2.5,0.431,0.0,0.333,1.1,0.433,0.434,0.6,0.7,0.837,0.2,1.2,1.4,1.4,0.5,0.0,0.4,2.7,2005-06,0.48,0.06,0
Donell Taylor,WAS,51.0,9.1,1.0,2.7,0.39,0.1,0.235,1.0,0.412,0.404,0.6,0.8,0.698,0.3,0.7,1.0,0.9,0.6,0.1,0.7,2.7,2005-06,0.44,0.05,0
Stephen Graham,3TM,22.0,8.0,1.0,2.5,0.389,0.1,0.2,0.9,0.432,0.407,0.6,0.7,0.933,0.2,1.0,1.2,0.3,0.2,0.1,0.6,2.6,2005-06,0.46,0.1,0
Stephen Graham,HOU,6.0,6.3,1.0,2.7,0.375,0.2,0.2,0.8,0.455,0.406,0.7,0.7,1.0,0.2,1.0,1.2,0.5,0.3,0.0,0.8,2.8,2005-06,0.47,0.38,0
Stephen Graham,CHI,3.0,6.7,0.3,1.7,0.2,0.3,0.25,0.0,0.0,0.3,0.7,0.7,1.0,0.0,1.0,1.0,0.3,0.0,0.0,0.3,1.7,2005-06,0.42,0.43,0
Stephen Graham,CLE,13.0,9.0,1.1,2.5,0.424,0.0,0.0,1.1,0.438,0.424,0.6,0.7,0.889,0.3,1.0,1.3,0.2,0.2,0.2,0.5,2.8,2005-06,0.5,0.21,0
Shandon Anderson,MIA,48.0,13.3,1.1,2.6,0.429,0.1,0.263,1.0,0.458,0.448,0.3,0.4,0.722,0.4,1.3,1.7,0.6,0.4,0.1,0.5,2.6,2005-06,0.47,0.07,0
Darrick Martin,TOR,40.0,8.5,0.9,2.4,0.351,0.4,0.4,0.5,0.316,0.433,0.5,0.6,0.75,0.1,0.5,0.5,1.4,0.4,0.0,0.4,2.6,2005-06,0.49,0.07,0
Dikembe Mutombo,HOU,64.0,14.9,0.8,1.5,0.526,0.0,,0.8,0.526,0.526,1.1,1.4,0.758,1.6,3.2,4.8,0.1,0.3,0.9,0.5,2.6,2005-06,0.61,0.11,0
Melvin Sanders,SAS,16.0,7.1,1.0,2.1,0.485,0.1,0.667,0.9,0.467,0.515,0.4,0.6,0.7,0.3,1.2,1.4,0.2,0.3,0.0,0.5,2.6,2005-06,0.55,0.17,0
Vitaly Potapenko,2TM,33.0,10.7,1.1,2.2,0.521,0.0,,1.1,0.521,0.521,0.3,0.5,0.588,0.8,1.1,1.9,0.3,0.1,0.1,0.5,2.5,2005-06,0.52,0.09,0
Anfernee Hardaway,NYK,4.0,18.0,1.0,3.5,0.286,0.0,0.0,1.0,0.308,0.286,0.5,0.5,1.0,0.0,2.5,2.5,2.0,0.5,0.0,1.5,2.5,2005-06,0.34,0.88,0
Alan Henderson,CLE,51.0,10.4,0.9,1.8,0.516,0.0,,0.9,0.516,0.516,0.6,1.0,0.673,1.2,1.5,2.7,0.2,0.2,0.2,0.4,2.5,2005-06,0.56,0.08,0
Walter McCarty,LAC,36.0,9.8,0.9,2.8,0.333,0.3,0.222,0.6,0.426,0.384,0.3,0.6,0.571,0.4,1.5,1.9,0.6,0.2,0.1,0.5,2.4,2005-06,0.39,0.07,0
Greg Ostertag,UTA,60.0,13.5,1.0,2.1,0.492,0.0,,1.0,0.492,0.492,0.4,0.8,0.5,1.4,2.4,3.8,1.0,0.1,1.1,0.8,2.4,2005-06,0.49,0.1,0
Rafael Araújo,TOR,52.0,11.6,1.0,2.8,0.366,0.0,0.0,1.0,0.368,0.366,0.3,0.5,0.536,0.8,1.9,2.8,0.3,0.5,0.1,0.8,2.3,2005-06,0.38,0.06,0
Brandon Bass,NOK,29.0,9.2,1.0,2.4,0.4,0.0,,1.0,0.4,0.4,0.4,0.7,0.632,0.6,1.7,2.3,0.1,0.1,0.2,0.4,2.3,2005-06,0.42,0.1,0
DeSagana Diop,DAL,81.0,18.6,0.9,1.9,0.487,0.0,0.5,0.9,0.487,0.49,0.5,0.9,0.542,1.8,2.8,4.6,0.3,0.5,1.8,0.4,2.3,2005-06,0.5,0.1,0
John Lucas III,HOU,13.0,8.2,1.1,2.8,0.389,0.2,0.222,0.9,0.444,0.417,0.0,0.0,,0.2,0.2,0.4,0.9,0.4,0.0,0.5,2.3,2005-06,0.41,0.14,0
Arvydas Macijauskas,NOK,19.0,7.1,0.7,2.2,0.341,0.2,0.25,0.6,0.379,0.378,0.7,0.8,0.867,0.2,0.4,0.5,0.3,0.4,0.0,0.4,2.3,2005-06,0.45,0.08,0
Jason Maxiell,DET,26.0,6.1,0.9,2.1,0.426,0.0,,0.9,0.426,0.426,0.5,1.6,0.333,0.5,0.6,1.1,0.1,0.2,0.2,0.4,2.3,2005-06,0.41,0.05,0
Bo Outlaw,ORL,32.0,11.1,1.1,1.8,0.603,0.0,,1.1,0.603,0.603,0.2,0.3,0.625,1.0,1.4,2.4,0.4,0.3,0.4,0.5,2.3,2005-06,0.6,0.14,0
Shavlik Randolph,PHI,57.0,8.5,0.8,1.7,0.454,0.0,,0.8,0.454,0.454,0.8,1.2,0.606,1.0,1.4,2.3,0.3,0.3,0.2,0.4,2.3,2005-06,0.52,0.06,0
Loren Woods,TOR,27.0,12.0,1.0,2.2,0.475,0.0,0.0,1.0,0.483,0.475,0.2,0.5,0.429,1.6,2.4,4.1,0.1,0.3,0.9,0.6,2.3,2005-06,0.48,0.21,0
Zendon Hamilton,2TM,12.0,4.1,0.6,1.2,0.5,0.0,,0.6,0.5,0.5,1.0,1.5,0.667,0.3,0.7,0.9,0.0,0.3,0.0,0.5,2.2,2005-06,0.59,0.15,0
Andray Blatche,WAS,29.0,6.0,0.9,2.3,0.388,0.1,0.231,0.8,0.426,0.41,0.3,0.4,0.833,0.4,0.9,1.3,0.3,0.2,0.2,0.4,2.2,2005-06,0.44,0.08,0
Calbert Cheaney,GSW,42.0,10.7,1.0,2.6,0.389,0.0,0.0,1.0,0.42,0.389,0.2,0.2,1.0,0.5,1.0,1.5,0.5,0.3,0.0,0.4,2.2,2005-06,0.41,0.06,0
Ronald Dupree,MIN,36.0,7.4,0.9,1.8,0.524,0.0,0.0,0.9,0.532,0.524,0.4,1.1,0.341,0.6,0.8,1.4,0.4,0.3,0.0,0.4,2.2,2005-06,0.48,0.06,0
Boniface N'Dong,LAC,23.0,6.6,1.0,2.3,0.415,0.0,0.0,1.0,0.423,0.415,0.3,0.4,0.667,0.7,1.0,1.6,0.3,0.1,0.2,0.3,2.2,2005-06,0.44,0.12,0
Anthony Roberson,MEM,16.0,5.5,0.9,1.9,0.452,0.3,0.5,0.6,0.429,0.532,0.1,0.1,1.0,0.0,0.4,0.4,0.3,0.1,0.0,0.2,2.2,2005-06,0.57,0.11,0
Billy Thomas,WAS,17.0,7.7,0.8,2.4,0.325,0.6,0.333,0.2,0.3,0.45,0.1,0.1,1.0,0.3,0.5,0.8,0.5,0.6,0.1,0.4,2.2,2005-06,0.45,0.13,0
Nikoloz Tskitishvili,2TM,17.0,5.8,0.8,2.2,0.351,0.1,0.333,0.7,0.353,0.365,0.5,0.8,0.643,0.5,0.8,1.3,0.2,0.1,0.1,0.4,2.1,2005-06,0.41,0.1,0
Darrell Armstrong,DAL,62.0,10.0,0.7,2.1,0.336,0.2,0.229,0.5,0.4,0.379,0.5,0.7,0.786,0.3,1.0,1.3,1.4,0.4,0.0,0.9,2.1,2005-06,0.44,0.04,0
Eddie Basden,CHI,19.0,7.4,0.8,1.9,0.405,0.1,0.143,0.7,0.467,0.419,0.4,0.5,0.8,0.4,1.1,1.5,0.4,0.5,0.1,0.5,2.1,2005-06,0.5,0.15,0
Ronnie Price,SAC,29.0,5.2,0.7,2.0,0.362,0.2,0.222,0.5,0.484,0.414,0.4,0.4,1.0,0.2,0.3,0.5,0.4,0.2,0.0,0.3,2.1,2005-06,0.48,0.06,0
Robert Whaley,UTA,23.0,9.2,1.0,2.5,0.404,0.0,,1.0,0.404,0.404,0.1,0.3,0.5,0.7,1.2,1.9,0.7,0.3,0.3,0.6,2.1,2005-06,0.4,0.13,0
Rick Brunson,2TM,27.0,9.1,0.8,2.0,0.389,0.2,0.385,0.6,0.39,0.435,0.3,0.4,0.583,0.0,0.8,0.8,1.3,0.3,0.0,0.8,2.0,2005-06,0.46,0.09,0
Stacey Augmon,ORL,36.0,10.7,0.7,2.0,0.342,0.0,,0.7,0.342,0.342,0.6,0.8,0.7,0.5,1.0,1.5,0.6,0.3,0.2,0.3,2.0,2005-06,0.43,0.08,0
Antonio Burks,MEM,57.0,10.0,0.9,2.5,0.354,0.0,0.167,0.9,0.362,0.358,0.2,0.4,0.435,0.1,0.6,0.6,1.3,0.4,0.0,0.6,2.0,2005-06,0.37,0.03,0
Eric Piatkowski,CHI,29.0,7.9,0.8,2.1,0.393,0.3,0.273,0.5,0.536,0.467,0.1,0.2,0.4,0.1,0.7,0.8,0.4,0.2,0.0,0.4,2.0,2005-06,0.46,0.06,0
Ronny Turiaf,LAL,23.0,7.0,0.7,1.3,0.5,0.0,,0.7,0.5,0.5,0.7,1.2,0.556,0.5,1.1,1.6,0.3,0.1,0.4,0.3,2.0,2005-06,0.55,0.13,0
Derrick Zimmerman,NJN,2.0,16.0,1.0,1.5,0.667,0.0,,1.0,0.667,0.667,0.0,0.0,,0.5,1.5,2.0,3.5,0.0,0.0,2.0,2.0,2005-06,0.67,2.5,0
Lou Williams,PHI,30.0,4.8,0.8,1.7,0.442,0.1,0.222,0.7,0.488,0.462,0.3,0.4,0.615,0.1,0.5,0.6,0.3,0.2,0.0,0.4,1.9,2005-06,0.51,0.05,0
Mike Wilks,2TM,47.0,7.4,0.6,1.9,0.322,0.1,0.158,0.6,0.366,0.339,0.5,0.9,0.61,0.2,0.6,0.8,0.7,0.3,0.0,0.5,1.8,2005-06,0.39,0.03,0
Alex Acker,DET,5.0,7.0,0.8,3.2,0.25,0.2,0.2,0.6,0.273,0.281,0.0,0.0,,0.2,0.8,1.0,0.8,0.2,0.0,0.8,1.8,2005-06,0.28,0.12,0
Esteban Batista,ATL,57.0,8.7,0.6,1.4,0.425,0.0,0.0,0.6,0.43,0.425,0.6,0.9,0.623,1.1,1.5,2.5,0.1,0.3,0.2,0.7,1.8,2005-06,0.5,0.05,0
Kevin Burleson,CHA,39.0,8.7,0.6,2.3,0.25,0.3,0.185,0.3,0.353,0.307,0.4,0.4,0.941,0.1,0.6,0.7,1.2,0.7,0.1,0.6,1.8,2005-06,0.36,0.06,0
John Edwards,ATL,40.0,7.4,0.8,1.6,0.484,0.0,,0.8,0.484,0.484,0.2,0.3,0.727,0.5,0.8,1.2,0.1,0.1,0.4,0.3,1.8,2005-06,0.52,0.06,0
Luke Schenscher,CHI,20.0,7.5,0.8,1.3,0.615,0.0,,0.8,0.615,0.615,0.2,0.7,0.308,0.4,1.1,1.5,0.4,0.1,0.2,0.3,1.8,2005-06,0.56,0.14,0
Jackson Vroman,NOK,41.0,9.9,0.6,1.6,0.394,0.0,,0.6,0.394,0.394,0.5,1.1,0.477,0.8,1.3,2.1,0.3,0.3,0.3,0.5,1.8,2005-06,0.43,0.07,0
Antoine Wright,NJN,39.0,9.5,0.7,2.1,0.358,0.0,0.067,0.7,0.424,0.364,0.3,0.6,0.5,0.2,0.6,0.8,0.3,0.1,0.1,0.5,1.8,2005-06,0.38,0.02,0
D.J. Mbenga,DAL,43.0,5.5,0.7,1.4,0.533,0.0,0.0,0.7,0.542,0.533,0.2,0.5,0.5,0.4,0.9,1.3,0.0,0.1,0.6,0.4,1.7,2005-06,0.52,0.05,0
Fabricio Oberto,SAS,59.0,8.3,0.7,1.6,0.473,0.0,0.0,0.7,0.484,0.473,0.3,0.5,0.556,1.0,1.1,2.1,0.5,0.2,0.2,0.5,1.7,2005-06,0.47,0.05,0
Donta Smith,ATL,23.0,5.5,0.7,1.2,0.556,0.1,0.5,0.6,0.565,0.593,0.3,0.5,0.5,0.1,0.5,0.6,0.4,0.3,0.0,0.2,1.7,2005-06,0.6,0.09,0
Awvee Storey,WAS,25.0,4.6,0.6,1.6,0.39,0.1,0.429,0.5,0.382,0.427,0.3,0.6,0.571,0.3,0.6,0.9,0.2,0.1,0.0,0.2,1.7,2005-06,0.46,0.06,0
Earl Barron,MIA,8.0,5.6,0.6,2.0,0.313,0.0,,0.6,0.313,0.313,0.4,0.5,0.75,0.3,1.0,1.3,0.0,0.0,0.0,0.6,1.6,2005-06,0.36,0.1,0
Andrew Bynum,LAL,46.0,7.3,0.7,1.8,0.402,0.0,,0.7,0.402,0.402,0.2,0.6,0.296,0.7,1.0,1.7,0.2,0.1,0.5,0.4,1.6,2005-06,0.39,0.05,0
Terence Morris,ORL,22.0,8.7,0.7,2.2,0.327,0.0,0.0,0.7,0.34,0.327,0.1,0.1,1.0,0.3,1.5,1.7,0.2,0.3,0.2,0.3,1.6,2005-06,0.36,0.1,0
Ha Seung-Jin,POR,27.0,7.9,0.7,1.1,0.581,0.0,,0.7,0.581,0.581,0.3,0.6,0.471,0.5,1.3,1.8,0.0,0.1,0.3,0.5,1.6,2005-06,0.59,0.1,0
Michael Bradley,PHI,46.0,8.0,0.7,1.7,0.405,0.0,0.2,0.7,0.419,0.411,0.0,0.1,0.667,0.9,1.5,2.3,0.4,0.1,0.2,0.4,1.5,2005-06,0.43,0.07,0
Noel Felix,SEA,12.0,6.8,0.5,2.1,0.24,0.1,0.333,0.4,0.227,0.26,0.4,0.7,0.625,0.3,0.8,1.1,0.2,0.2,0.3,0.7,1.5,2005-06,0.31,0.06,0
Lawrence Roberts,MEM,33.0,5.5,0.6,1.3,0.455,0.0,0.0,0.6,0.476,0.455,0.3,0.7,0.478,0.8,0.7,1.5,0.2,0.2,0.1,0.2,1.5,2005-06,0.47,0.07,0
Calvin Booth,WAS,33.0,7.6,0.6,1.4,0.426,0.0,0.5,0.6,0.422,0.436,0.2,0.3,0.556,0.6,1.0,1.6,0.4,0.3,0.3,0.2,1.4,2005-06,0.46,0.09,0
Michael Ruffin,WAS,76.0,13.3,0.4,1.0,0.442,0.0,0.0,0.4,0.453,0.442,0.5,1.0,0.5,1.6,2.0,3.6,0.4,0.4,0.4,0.5,1.4,2005-06,0.49,0.06,0
James Thomas,2TM,22.0,6.8,0.5,0.9,0.526,0.0,,0.5,0.526,0.526,0.4,0.6,0.571,0.5,1.2,1.8,0.0,0.0,0.1,0.3,1.3,2005-06,0.56,0.1,0
Ryan Bowen,HOU,68.0,9.6,0.5,1.8,0.298,0.0,0.136,0.5,0.333,0.31,0.2,0.2,0.786,0.5,0.8,1.3,0.4,0.3,0.1,0.2,1.3,2005-06,0.34,0.03,0
Sharrod Ford,PHO,3.0,4.3,0.7,1.0,0.667,0.0,,0.7,0.667,0.667,0.0,0.0,,0.3,0.7,1.0,0.0,0.0,0.3,0.7,1.3,2005-06,0.65,0.53,0
Ira Newble,CLE,36.0,9.8,0.5,1.6,0.298,0.1,0.231,0.4,0.318,0.325,0.3,0.4,0.688,0.6,1.0,1.6,0.3,0.1,0.3,0.3,1.3,2005-06,0.37,0.06,0
Von Wafer,LAL,16.0,4.6,0.4,2.4,0.158,0.1,0.118,0.3,0.19,0.184,0.4,0.5,0.75,0.3,0.2,0.5,0.3,0.2,0.0,0.1,1.3,2005-06,0.25,0.01,0
Jermaine Jackson,MIL,30.0,6.7,0.4,0.9,0.423,0.0,0.25,0.3,0.455,0.442,0.4,0.5,0.857,0.3,0.6,0.9,0.8,0.1,0.0,0.4,1.2,2005-06,0.54,0.07,0
Mark Madsen,MIN,62.0,10.9,0.4,1.1,0.409,0.0,0.0,0.4,0.458,0.409,0.3,0.8,0.426,0.8,1.5,2.3,0.2,0.4,0.3,0.4,1.2,2005-06,0.41,0.05,0
Reece Gaines,MIL,12.0,4.5,0.5,1.0,0.5,0.0,0.0,0.5,0.6,0.5,0.1,0.3,0.25,0.0,0.0,0.0,0.3,0.1,0.0,0.1,1.1,2005-06,0.49,0.06,0
Eddie Gill,IND,41.0,3.0,0.2,1.1,0.222,0.2,0.304,0.1,0.136,0.3,0.4,0.6,0.783,0.0,0.4,0.4,0.3,0.3,0.0,0.2,1.1,2005-06,0.4,0.02,0
Yaroslav Korolev,LAC,24.0,5.3,0.4,1.3,0.3,0.1,0.286,0.3,0.304,0.333,0.3,0.4,0.7,0.2,0.3,0.5,0.4,0.1,0.0,0.3,1.1,2005-06,0.37,0.03,0
Josh Davis,3TM,6.0,2.8,0.3,1.2,0.286,0.0,0.0,0.3,0.4,0.286,0.3,0.5,0.667,0.5,0.2,0.7,0.2,0.3,0.0,0.2,1.0,2005-06,0.35,0.15,0
Josh Davis,MIL,4.0,3.0,0.3,1.0,0.25,0.0,0.0,0.3,0.333,0.25,0.0,0.0,,0.5,0.3,0.8,0.3,0.3,0.0,0.3,0.5,2005-06,0.25,0.23,0
Josh Davis,HOU,1.0,0.0,0.0,0.0,,0.0,,0.0,,,0.0,0.0,,0.0,0.0,0.0,0.0,0.0,0.0,0.0,0.0,2005-06,,0.0,0
Josh Davis,PHO,1.0,5.0,1.0,3.0,0.333,0.0,0.0,1.0,0.5,0.333,2.0,3.0,0.667,1.0,0.0,1.0,0.0,1.0,0.0,0.0,4.0,2005-06,0.46,3.0,0
Dwayne Jones,BOS,14.0,6.2,0.3,0.7,0.4,0.0,,0.3,0.4,0.4,0.4,0.9,0.462,0.7,1.5,2.2,0.1,0.1,0.2,0.2,1.0,2005-06,0.46,0.18,0
Stanislav Medvedenko,LAL,2.0,3.0,0.5,1.0,0.5,0.0,,0.5,0.5,0.5,0.0,0.0,,0.0,0.0,0.0,0.5,0.0,0.0,0.0,1.0,2005-06,0.5,0.5,0
Matt Walsh,MIA,2.0,1.5,0.5,0.5,1.0,0.0,,0.5,1.0,1.0,0.0,1.0,0.0,0.0,0.0,0.0,0.0,0.0,0.0,0.5,1.0,2005-06,0.53,-0.25,0
Alvin Williams,TOR,1.0,10.0,0.0,3.0,0.0,0.0,0.0,0.0,0.0,0.0,1.0,2.0,0.5,0.0,3.0,3.0,0.0,0.0,0.0,0.0,1.0,2005-06,0.13,0.0,0
John Thomas,3TM,16.0,7.9,0.4,0.9,0.4,0.0,,0.4,0.4,0.4,0.2,0.3,0.75,0.6,0.6,1.3,0.1,0.2,0.1,0.5,0.9,2005-06,0.44,0.09,0
John Thomas,MEM,3.0,8.3,0.7,0.7,1.0,0.0,,0.7,1.0,1.0,0.0,0.0,,0.0,0.0,0.0,0.3,0.0,0.3,0.7,1.3,2005-06,0.93,0.4,0
John Thomas,ATL,11.0,6.0,0.3,0.6,0.429,0.0,,0.3,0.429,0.429,0.3,0.4,0.75,0.3,0.6,0.9,0.1,0.2,0.0,0.4,0.8,2005-06,0.52,0.11,0
John Thomas,NJN,2.0,18.0,0.5,3.0,0.167,0.0,,0.5,0.167,0.167,0.0,0.0,,3.5,1.5,5.0,0.0,0.5,0.5,1.0,1.0,2005-06,0.17,1.75,0
Dale Davis,DET,28.0,6.4,0.3,0.9,0.375,0.0,0.0,0.3,0.391,0.375,0.3,0.5,0.533,0.8,1.1,1.9,0.2,0.0,0.3,0.1,0.9,2005-06,0.4,0.09,0
Devin Green,LAL,27.0,5.0,0.2,1.0,0.214,0.0,0.0,0.2,0.231,0.214,0.5,0.8,0.619,0.4,0.5,0.9,0.3,0.1,0.0,0.2,0.9,2005-06,0.33,0.03,0
Julius Hodge,DEN,14.0,2.4,0.4,0.9,0.385,0.0,,0.4,0.385,0.385,0.2,0.6,0.375,0.4,0.1,0.5,0.4,0.1,0.0,0.6,0.9,2005-06,0.39,0.03,0
Ervin Johnson,MIL,18.0,4.5,0.4,0.9,0.412,0.0,,0.4,0.412,0.412,0.1,0.1,0.5,0.3,1.1,1.3,0.1,0.1,0.1,0.3,0.8,2005-06,0.42,0.09,0
Aaron Miles,GSW,19.0,6.2,0.3,0.9,0.333,0.0,,0.3,0.333,0.333,0.2,0.2,1.0,0.0,0.7,0.7,1.3,0.2,0.1,0.6,0.8,2005-06,0.4,0.1,0
Jamal Sampson,SAC,12.0,3.3,0.4,0.6,0.714,0.0,,0.4,0.714,0.714,0.0,0.2,0.0,0.4,1.1,1.5,0.4,0.0,0.3,0.0,0.8,2005-06,0.58,0.22,0
Maciej Lampe,2TM,6.0,4.7,0.3,1.8,0.182,0.0,,0.3,0.182,0.182,0.0,0.3,0.0,0.7,0.8,1.5,0.3,0.0,0.0,0.5,0.7,2005-06,0.18,0.03,0
Anthony Goldwire,LAC,3.0,7.3,0.3,2.3,0.143,0.0,0.0,0.3,0.2,0.143,0.0,0.0,,0.0,0.3,0.3,0.7,0.0,0.0,0.3,0.7,2005-06,0.15,-0.2,0
Randy Holcomb,CHI,4.0,2.8,0.3,0.3,1.0,0.0,,0.3,1.0,1.0,0.0,0.0,,0.3,0.0,0.3,0.0,0.0,0.0,0.0,0.5,2005-06,0.83,0.2,0
Aaron McKie,LAL,14.0,8.6,0.2,0.9,0.25,0.0,0.0,0.2,0.3,0.25,0.1,0.1,0.5,0.2,1.2,1.4,0.8,0.4,0.0,0.1,0.5,2005-06,0.26,0.16,0
Samaki Walker,IND,7.0,3.1,0.0,0.3,0.0,0.0,,0.0,0.0,0.0,0.3,0.3,1.0,0.0,0.4,0.4,0.0,0.0,0.1,0.3,0.3,2005-06,0.35,0.03,0
Martynas Andriuškevičius,CLE,6.0,1.5,0.0,0.2,0.0,0.0,,0.0,0.0,0.0,0.0,0.0,,0.2,0.5,0.7,0.0,0.3,0.0,0.0,0.0,2005-06,0.0,0.13,0
Deng Gai,PHI,2.0,2.5,0.0,0.0,,0.0,,0.0,,,0.0,0.0,,0.0,0.0,0.0,0.0,0.0,0.0,0.0,0.0,2005-06,,0.0,0
Nenê,DEN,1.0,3.0,0.0,1.0,0.0,0.0,,0.0,0.0,0.0,0.0,0.0,,0.0,0.0,0.0,0.0,0.0,0.0,2.0,0.0,2005-06,0.0,-3.0,0
Randy Livingston,CHI,5.0,4.4,0.0,0.4,0.0,0.0,,0.0,0.0,0.0,0.0,0.0,,0.2,0.6,0.8,0.2,0.2,0.0,0.2,0.0,2005-06,0.0,0.12,0
Bryon Russell,DEN,1.0,3.0,0.0,0.0,,0.0,,0.0,,,0.0,0.0,,0.0,1.0,1.0,1.0,0.0,0.0,0.0,0.0,2005-06,,2.0,0
Alex Scales,SAS,1.0,0.0,0.0,0.0,,0.0,,0.0,,,0.0,0.0,,0.0,0.0,0.0,0.0,0.0,0.0,0.0,0.0,2005-06,,0.0,0
League Average,,,,,,0.454,,0.358,,0.478,0.49,,,0.745,,,,,,,,,2005-06,,,0
