Player,Age,Team,Pos,G,GS,MP,FG,FGA,FG%,3P,3PA,3P%,2P,2PA,2P%,eFG%,FT,FTA,FT%,ORB,DRB,TRB,AST,STL,BLK,TOV,PF,PTS,Awards,Season
Giannis Antetokounmpo,30.0,MIL,PF,19.0,19.0,34.8,12.7,20.7,0.616,0.2,0.7,0.214,12.6,19.9,0.631,0.62,6.9,11.4,0.611,2.2,9.5,11.6,6.6,0.5,1.3,3.5,2.6,32.6,,2024-25
LaMelo Ball,23.0,CHO,PG,18.0,18.0,34.1,10.7,24.9,0.43,4.7,13.1,0.356,6.1,11.8,0.512,0.523,4.9,5.8,0.848,0.9,4.4,5.4,6.9,1.1,0.2,4.5,4.1,31.1,,2024-25
Nikola Jokić,29.0,DEN,C,17.0,17.0,37.7,11.4,20.4,0.559,2.1,4.2,0.5,9.3,16.2,0.575,0.611,5.0,6.1,0.817,3.9,9.5,13.4,10.4,1.8,0.8,3.7,1.9,29.9,,2024-25
Shai Gilgeous-Alexander,26.0,OKC,PG,22.0,22.0,34.1,10.5,20.6,0.507,2.0,6.3,0.326,8.4,14.4,0.585,0.556,6.8,8.0,0.857,0.9,4.5,5.4,6.5,1.8,1.0,2.6,2.0,29.8,,2024-25
Paolo Banchero,22.0,ORL,PF,5.0,5.0,36.4,9.6,19.4,0.495,2.2,6.4,0.344,7.4,13.0,0.569,0.552,7.6,11.8,0.644,2.4,6.4,8.8,5.6,0.6,0.8,2.2,2.6,29.0,,2024-25
Luka Dončić,25.0,DAL,PG,17.0,17.0,36.6,10.1,22.4,0.45,3.4,9.9,0.339,6.7,12.5,0.538,0.525,5.2,6.9,0.752,0.6,7.4,8.0,7.9,1.8,0.4,3.3,2.8,28.6,,2024-25
Jayson Tatum,26.0,BOS,PF,21.0,21.0,36.4,9.1,20.1,0.454,4.0,10.6,0.374,5.2,9.6,0.542,0.552,6.2,7.7,0.802,0.5,8.1,8.6,5.6,1.3,0.6,3.0,2.4,28.4,,2024-25
Anthony Davis,31.0,LAL,C,21.0,21.0,35.2,9.6,18.1,0.53,0.7,2.0,0.349,8.9,16.1,0.553,0.55,6.9,8.9,0.78,2.5,8.8,11.3,3.4,1.2,1.9,1.9,2.0,26.9,,2024-25
De'Aaron Fox,27.0,SAC,PG,23.0,23.0,37.7,9.9,20.3,0.485,2.1,6.3,0.338,7.7,14.0,0.551,0.537,5.0,6.2,0.803,1.1,4.0,5.1,5.8,1.9,0.2,3.6,2.6,26.8,,2024-25
Anthony Edwards,23.0,MIN,SG,21.0,21.0,36.4,9.0,20.4,0.443,4.5,10.6,0.423,4.6,9.9,0.464,0.552,3.6,4.5,0.8,0.7,4.8,5.5,3.7,1.4,0.6,3.0,2.0,26.2,,2024-25
Damian Lillard,34.0,MIL,PG,18.0,18.0,35.8,8.0,17.7,0.451,3.5,9.3,0.377,4.5,8.4,0.533,0.55,6.4,7.0,0.921,0.6,3.9,4.4,7.5,0.9,0.2,2.9,1.8,25.9,,2024-25
Kevin Durant,36.0,PHO,PF,13.0,13.0,35.7,9.2,17.2,0.536,2.7,6.0,0.449,6.5,11.2,0.582,0.614,4.6,5.8,0.8,0.2,6.5,6.7,3.1,0.5,1.5,3.3,1.7,25.8,,2024-25
Jaylen Brown,28.0,BOS,SF,17.0,17.0,36.3,8.5,19.8,0.432,2.6,7.8,0.333,5.9,12.0,0.495,0.497,5.5,7.2,0.764,1.5,4.8,6.4,4.6,1.2,0.4,2.5,2.6,25.2,,2024-25
Karl-Anthony Towns,29.0,NYK,C,21.0,21.0,33.8,9.0,17.0,0.531,2.3,5.2,0.45,6.7,11.8,0.567,0.6,4.9,5.7,0.857,2.9,10.3,13.2,3.0,0.8,0.9,2.3,3.3,25.2,,2024-25
Devin Booker,28.0,PHO,SG,21.0,21.0,36.9,8.0,18.3,0.438,2.7,7.9,0.345,5.3,10.4,0.507,0.512,6.4,7.1,0.899,1.1,2.7,3.8,6.3,1.0,0.4,2.3,2.2,25.1,,2024-25
Jalen Brunson,28.0,NYK,PG,22.0,22.0,33.8,8.5,17.3,0.493,2.6,6.0,0.429,6.0,11.3,0.528,0.568,5.5,6.4,0.851,0.5,2.4,2.8,7.5,0.6,0.0,2.2,2.4,25.1,,2024-25
Tyrese Maxey,24.0,PHI,PG,14.0,14.0,36.4,8.8,21.5,0.409,2.9,9.4,0.305,5.9,12.1,0.488,0.475,4.4,5.1,0.861,0.2,3.0,3.2,4.8,2.0,0.4,1.9,2.5,24.9,,2024-25
Cam Thomas,23.0,BRK,SG,17.0,17.0,33.4,8.1,17.5,0.461,2.9,7.4,0.389,5.2,10.1,0.515,0.544,5.7,6.6,0.866,0.4,2.9,3.2,3.4,0.7,0.1,2.8,2.0,24.7,,2024-25
Donovan Mitchell,28.0,CLE,SG,22.0,22.0,31.7,8.8,19.3,0.455,3.8,9.3,0.412,5.0,10.0,0.495,0.554,3.1,3.9,0.812,0.6,4.2,4.8,4.2,1.6,0.4,2.1,2.4,24.5,,2024-25
Franz Wagner,23.0,ORL,SF,24.0,24.0,33.0,8.8,18.8,0.467,2.0,6.1,0.327,6.8,12.6,0.535,0.52,4.7,5.3,0.875,1.0,4.7,5.6,5.7,1.8,0.5,2.4,2.3,24.2,,2024-25
Tyler Herro,25.0,MIA,SG,20.0,20.0,34.7,8.3,17.7,0.467,4.3,10.3,0.42,4.0,7.4,0.534,0.589,3.3,3.9,0.857,0.3,5.0,5.2,4.9,0.8,0.1,2.5,1.7,24.1,,2024-25
Kyrie Irving,32.0,DAL,SG,21.0,21.0,34.9,9.0,18.0,0.499,3.0,6.7,0.457,6.0,11.4,0.523,0.583,3.0,3.5,0.877,1.2,3.6,4.9,5.3,1.2,0.2,2.1,2.4,24.1,,2024-25
Norman Powell,31.0,LAC,SG,17.0,17.0,32.4,8.3,16.4,0.505,4.0,7.9,0.507,4.3,8.5,0.503,0.627,3.4,4.0,0.838,0.3,2.6,2.9,2.4,1.1,0.2,2.1,1.8,23.9,,2024-25
Cade Cunningham,23.0,DET,PG,20.0,20.0,35.9,9.0,19.8,0.452,2.4,6.4,0.378,6.6,13.5,0.487,0.513,3.4,4.3,0.779,1.1,6.1,7.2,9.1,0.9,0.8,4.8,2.7,23.7,,2024-25
RJ Barrett,24.0,TOR,SG,20.0,20.0,34.5,8.5,18.7,0.456,2.0,5.9,0.342,6.5,12.8,0.508,0.509,4.6,6.5,0.713,0.9,5.8,6.7,6.0,0.8,0.3,3.4,2.5,23.6,,2024-25
Victor Wembanyama,21.0,SAS,C,18.0,18.0,32.5,8.7,18.2,0.476,3.1,9.2,0.337,5.6,9.0,0.617,0.561,3.1,3.6,0.859,2.1,8.3,10.4,3.8,1.3,3.4,3.6,2.2,23.5,,2024-25
Brandon Ingram,27.0,NOP,SF,17.0,17.0,33.9,9.1,19.4,0.468,2.5,6.6,0.372,6.6,12.7,0.519,0.532,2.6,3.1,0.849,1.0,4.8,5.8,5.3,0.9,0.6,3.9,2.6,23.2,,2024-25
DeMar DeRozan,35.0,SAC,SF,18.0,18.0,36.2,8.3,16.8,0.497,0.6,2.1,0.289,7.7,14.7,0.527,0.515,5.4,6.5,0.838,0.6,3.6,4.2,4.2,1.5,0.6,1.8,1.7,22.7,,2024-25
Zion Williamson,24.0,NOP,PF,6.0,6.0,31.0,7.8,17.3,0.452,0.3,1.0,0.333,7.5,16.3,0.459,0.462,6.7,10.0,0.667,2.7,5.3,8.0,5.3,0.7,1.2,3.7,3.0,22.7,,2024-25
Stephen Curry,36.0,GSW,PG,16.0,16.0,30.2,7.5,16.4,0.456,4.2,10.0,0.419,3.3,6.4,0.515,0.584,3.4,3.6,0.947,0.5,5.1,5.6,6.6,1.4,0.5,3.4,1.2,22.6,,2024-25
LeBron James,40.0,LAL,SF,22.0,22.0,34.7,8.5,17.3,0.491,1.9,5.5,0.342,6.6,11.9,0.559,0.545,3.4,4.5,0.758,1.0,7.0,7.9,9.0,0.6,0.5,4.1,1.1,22.3,,2024-25
Jaren Jackson Jr.,25.0,MEM,C,21.0,21.0,28.3,7.7,15.0,0.513,1.7,5.1,0.333,6.0,9.9,0.606,0.57,4.6,5.5,0.835,1.3,4.4,5.8,1.3,1.4,1.7,2.3,3.2,21.7,,2024-25
Brandon Miller,22.0,CHO,SF,18.0,18.0,34.1,7.6,18.7,0.407,4.1,10.9,0.371,3.6,7.8,0.457,0.515,2.4,2.7,0.896,1.0,4.2,5.2,3.5,1.3,0.7,2.7,2.7,21.7,,2024-25
Nikola Vučević,34.0,CHI,C,23.0,23.0,31.9,8.7,14.7,0.592,2.2,4.7,0.468,6.5,10.0,0.651,0.667,2.1,2.5,0.842,2.0,7.9,9.9,3.3,0.7,0.8,1.9,2.4,21.7,,2024-25
Jalen Williams,23.0,OKC,SG,22.0,22.0,31.7,8.5,16.5,0.511,2.0,5.1,0.389,6.5,11.4,0.566,0.571,2.8,3.5,0.816,0.9,5.2,6.1,5.0,2.0,0.9,2.0,2.7,21.7,,2024-25
James Harden,35.0,LAC,PG,24.0,24.0,33.9,6.2,16.3,0.379,2.8,8.4,0.338,3.3,7.9,0.421,0.465,6.5,7.2,0.896,0.6,6.2,6.8,8.5,1.6,0.7,4.4,2.0,21.6,,2024-25
CJ McCollum,33.0,NOP,PG,10.0,10.0,33.0,8.3,18.4,0.451,2.9,8.5,0.341,5.4,9.9,0.545,0.53,1.9,3.0,0.633,0.7,3.0,3.7,3.4,1.4,0.4,1.4,2.2,21.4,,2024-25
Zach LaVine,29.0,CHI,SF,20.0,20.0,33.4,7.8,15.4,0.505,3.1,7.3,0.425,4.7,8.1,0.578,0.606,2.7,3.3,0.815,0.3,4.3,4.5,4.4,0.8,0.3,2.7,1.9,21.3,,2024-25
Scottie Barnes,23.0,TOR,PF,12.0,12.0,33.7,7.8,16.8,0.46,1.7,5.8,0.29,6.1,11.1,0.549,0.51,4.0,5.6,0.716,2.3,6.5,8.8,7.3,1.3,0.8,3.8,2.0,21.2,,2024-25
Kristaps Porziņģis,29.0,BOS,C,4.0,4.0,27.3,7.0,14.3,0.491,2.3,6.3,0.36,4.8,8.0,0.594,0.57,4.8,5.8,0.826,1.5,6.3,7.8,1.8,1.0,1.0,0.8,2.0,21.0,,2024-25
Julius Randle,30.0,MIN,PF,21.0,21.0,33.4,7.2,14.5,0.5,1.7,4.8,0.356,5.5,9.7,0.571,0.559,4.8,5.9,0.813,1.7,5.0,6.7,4.0,0.8,0.0,2.7,2.6,21.0,,2024-25
Ja Morant,25.0,MEM,PG,13.0,13.0,27.7,7.0,15.6,0.448,1.2,4.4,0.263,5.8,11.2,0.521,0.485,5.8,6.8,0.852,0.5,3.5,4.0,8.5,0.9,0.4,3.8,1.6,20.9,,2024-25
Domantas Sabonis,28.0,SAC,C,21.0,21.0,36.4,8.0,12.8,0.625,1.0,2.5,0.415,7.0,10.3,0.676,0.665,3.8,4.7,0.806,3.2,9.4,12.6,6.3,0.7,0.4,3.5,3.7,20.8,,2024-25
Trae Young,26.0,ATL,PG,22.0,22.0,35.7,6.3,16.5,0.384,2.5,8.3,0.306,3.8,8.1,0.464,0.461,5.5,6.2,0.891,0.6,3.2,3.9,12.0,1.2,0.1,4.7,2.2,20.7,,2024-25
Darius Garland,25.0,CLE,PG,22.0,22.0,30.1,7.4,15.0,0.491,3.0,6.8,0.44,4.4,8.2,0.533,0.591,2.8,2.9,0.953,0.5,1.8,2.3,6.6,1.0,0.2,2.3,2.6,20.5,,2024-25
Jalen Johnson,23.0,ATL,SF,22.0,22.0,36.4,8.0,15.8,0.509,1.6,4.5,0.36,6.4,11.3,0.569,0.56,2.4,3.2,0.757,1.7,8.2,9.9,5.5,1.4,1.1,3.2,2.0,20.1,,2024-25
Pascal Siakam,30.0,IND,PF,23.0,23.0,34.3,7.8,14.7,0.531,1.8,4.3,0.41,6.0,10.3,0.582,0.592,2.8,3.6,0.78,1.8,4.6,6.3,3.7,0.9,0.3,1.5,3.0,20.1,,2024-25
Jordan Poole,25.0,WAS,SG,18.0,18.0,29.8,6.7,15.3,0.436,3.0,7.4,0.406,3.7,7.9,0.465,0.535,3.7,4.3,0.846,0.2,1.9,2.1,5.0,1.8,0.4,3.3,3.4,20.0,,2024-25
Joel Embiid,30.0,PHI,C,4.0,4.0,31.3,5.5,14.5,0.379,0.8,4.5,0.167,4.8,10.0,0.475,0.405,8.0,8.0,1.0,1.3,6.3,7.5,3.5,0.5,1.0,3.3,2.8,19.8,,2024-25
Lauri Markkanen,27.0,UTA,PF,17.0,17.0,32.2,6.1,13.4,0.452,2.6,6.9,0.385,3.4,6.5,0.523,0.55,4.5,5.2,0.854,1.6,4.9,6.5,2.2,0.7,0.1,1.3,1.7,19.2,,2024-25
Jalen Green,22.0,HOU,SG,23.0,23.0,32.4,6.4,16.1,0.396,2.5,7.7,0.324,3.9,8.5,0.462,0.473,3.8,4.4,0.861,0.6,4.2,4.7,2.7,1.1,0.3,2.6,1.8,19.0,,2024-25
Michael Porter Jr.,26.0,DEN,SF,20.0,20.0,35.6,7.4,14.6,0.509,2.6,6.2,0.411,4.9,8.4,0.581,0.596,1.7,2.5,0.673,1.6,5.6,7.2,2.7,0.9,0.4,1.3,2.3,19.0,,2024-25
Alperen Sengun,22.0,HOU,C,23.0,23.0,30.8,7.3,15.4,0.473,0.4,1.5,0.265,6.9,14.0,0.495,0.486,3.9,5.0,0.767,3.4,7.2,10.6,5.3,1.2,1.1,2.1,2.7,18.9,,2024-25
Jimmy Butler,35.0,MIA,PF,15.0,15.0,31.7,6.1,11.2,0.548,0.5,1.5,0.364,5.6,9.7,0.575,0.571,5.9,7.6,0.781,2.5,2.9,5.4,4.8,1.3,0.3,1.4,1.3,18.7,,2024-25
De'Andre Hunter,27.0,ATL,SF,12.0,2.0,27.5,6.1,12.6,0.483,2.4,5.9,0.408,3.7,6.7,0.55,0.579,4.1,4.5,0.907,0.6,3.6,4.2,1.3,0.8,0.2,1.3,2.6,18.7,,2024-25
Cameron Johnson,28.0,BRK,PF,22.0,22.0,32.6,6.1,12.7,0.484,3.3,7.6,0.431,2.9,5.1,0.563,0.613,2.9,3.2,0.901,0.7,3.6,4.3,2.9,0.9,0.5,0.9,1.9,18.5,,2024-25
Coby White,24.0,CHI,SG,21.0,21.0,32.5,6.0,13.9,0.435,3.3,8.7,0.379,2.8,5.2,0.527,0.553,2.9,3.3,0.871,0.3,3.4,3.7,4.5,1.1,0.2,2.5,2.4,18.3,,2024-25
Derrick White,30.0,BOS,SG,21.0,21.0,34.3,6.3,13.5,0.466,3.8,9.3,0.41,2.5,4.2,0.591,0.608,1.8,2.1,0.841,1.2,3.5,4.8,4.9,0.8,1.0,1.4,2.5,18.1,,2024-25
Bradley Beal,31.0,PHO,SG,13.0,13.0,33.2,6.8,13.6,0.503,2.3,6.0,0.385,4.5,7.6,0.596,0.588,2.0,2.5,0.813,0.5,3.6,4.2,3.3,1.2,0.7,2.1,2.6,18.0,,2024-25
Bennedict Mathurin,22.0,IND,SG,23.0,18.0,32.6,5.9,12.4,0.476,1.6,4.0,0.402,4.3,8.4,0.51,0.54,4.6,5.4,0.847,1.3,5.2,6.5,1.8,0.7,0.3,2.1,2.5,18.0,,2024-25
Gradey Dick,21.0,TOR,SG,18.0,18.0,32.4,6.0,14.2,0.422,2.4,6.9,0.352,3.6,7.3,0.489,0.508,3.5,3.9,0.9,0.6,2.3,2.9,2.1,0.9,0.3,1.8,2.2,17.9,,2024-25
Evan Mobley,23.0,CLE,PF,22.0,22.0,31.4,6.9,12.5,0.547,0.7,2.1,0.348,6.1,10.5,0.587,0.576,3.4,4.3,0.798,2.3,7.0,9.3,2.8,1.1,1.5,2.2,2.1,17.9,,2024-25
Dennis Schröder,31.0,BRK,PG,21.0,21.0,33.9,6.1,14.1,0.432,2.4,6.5,0.375,3.7,7.6,0.481,0.519,3.2,3.6,0.895,0.2,2.8,3.0,6.3,1.2,0.2,2.5,2.4,17.9,,2024-25
John Collins,27.0,UTA,PF,20.0,11.0,29.2,6.8,12.7,0.534,1.2,3.0,0.4,5.6,9.7,0.575,0.581,3.1,3.4,0.912,2.5,6.2,8.7,2.5,1.2,0.8,2.6,3.0,17.8,,2024-25
Jamal Murray,27.0,DEN,PG,17.0,17.0,36.1,6.4,15.1,0.42,1.9,5.8,0.333,4.4,9.3,0.475,0.484,3.1,3.9,0.803,0.5,3.5,4.0,6.2,1.4,0.6,1.9,1.7,17.8,,2024-25
Shaedon Sharpe,21.0,POR,SG,14.0,12.0,30.5,6.4,14.4,0.441,1.8,6.1,0.294,4.6,8.4,0.547,0.502,3.3,4.1,0.807,0.8,2.4,3.2,2.2,0.9,0.2,2.1,1.7,17.8,,2024-25
Devin Vassell,24.0,SAS,SG,8.0,0.0,23.5,6.4,12.5,0.51,2.8,6.0,0.458,3.6,6.5,0.558,0.62,2.3,2.5,0.9,0.3,1.4,1.6,2.6,1.3,0.4,1.8,2.3,17.8,,2024-25
OG Anunoby,27.0,NYK,PF,22.0,22.0,36.4,6.6,13.4,0.495,2.3,5.8,0.391,4.4,7.6,0.575,0.58,2.2,2.6,0.842,1.1,4.0,5.1,2.0,1.5,1.0,1.2,2.6,17.7,,2024-25
Jaden Ivey,22.0,DET,SG,23.0,23.0,30.6,6.3,14.0,0.449,1.9,4.9,0.381,4.4,9.0,0.486,0.516,3.3,4.4,0.735,1.3,2.9,4.2,4.3,1.0,0.4,3.0,2.5,17.7,,2024-25
Tyrese Haliburton,24.0,IND,PG,23.0,23.0,35.2,6.0,14.3,0.415,2.9,8.6,0.333,3.1,5.7,0.538,0.515,2.8,3.3,0.855,0.8,2.6,3.4,8.4,1.3,0.5,2.0,1.7,17.6,,2024-25
Trey Murphy III,24.0,NOP,SF,10.0,9.0,32.6,6.1,15.0,0.407,2.6,8.1,0.321,3.5,6.9,0.507,0.493,2.7,3.2,0.844,0.9,3.7,4.6,2.3,0.8,0.6,1.6,2.2,17.5,,2024-25
Andrew Wiggins,29.0,GSW,SF,19.0,19.0,29.1,5.9,12.8,0.463,2.3,5.3,0.43,3.7,7.6,0.486,0.551,3.3,4.4,0.759,1.6,2.9,4.5,2.4,0.9,0.7,1.1,1.9,17.5,,2024-25
Collin Sexton,26.0,UTA,SG,21.0,19.0,28.3,5.9,12.1,0.482,1.8,4.2,0.427,4.0,7.9,0.512,0.557,3.4,3.8,0.888,0.8,1.8,2.6,3.2,0.7,0.1,2.5,2.3,16.9,,2024-25
Austin Reaves,26.0,LAL,SG,19.0,19.0,33.7,5.8,13.2,0.44,2.6,7.4,0.355,3.2,5.7,0.55,0.54,2.5,3.3,0.774,0.8,2.7,3.5,4.8,1.1,0.2,2.3,2.2,16.7,,2024-25
Anfernee Simons,25.0,POR,SG,19.0,19.0,30.4,5.8,14.5,0.402,2.5,7.5,0.331,3.4,7.1,0.478,0.487,2.6,2.9,0.891,0.3,2.3,2.5,4.4,0.9,0.1,2.5,1.9,16.7,,2024-25
Mikal Bridges,28.0,NYK,SF,22.0,22.0,38.2,6.9,14.5,0.472,2.2,6.8,0.329,4.6,7.8,0.596,0.548,0.5,0.9,0.632,1.0,2.7,3.6,3.4,1.0,0.5,1.5,1.4,16.5,,2024-25
Jared McCain,20.0,PHI,SG,20.0,8.0,25.7,5.9,12.5,0.468,2.3,6.0,0.383,3.6,6.5,0.546,0.56,2.5,2.8,0.875,0.6,2.1,2.7,2.6,0.6,0.0,1.6,1.5,16.5,,2024-25
Payton Pritchard,27.0,BOS,PG,22.0,0.0,28.3,5.6,11.5,0.488,3.8,8.8,0.428,1.8,2.6,0.69,0.653,1.6,1.8,0.875,1.1,2.1,3.2,3.0,1.1,0.1,1.1,1.8,16.5,,2024-25
Chet Holmgren,22.0,OKC,C,10.0,10.0,26.5,5.6,11.1,0.505,1.4,3.7,0.378,4.2,7.4,0.568,0.568,3.8,4.9,0.776,1.6,7.1,8.7,2.0,0.8,2.6,2.3,1.8,16.4,,2024-25
Miles Bridges,26.0,CHO,PF,11.0,11.0,30.1,5.6,13.3,0.425,2.2,6.3,0.348,3.5,7.0,0.494,0.507,2.5,3.0,0.848,0.7,5.8,6.5,3.0,0.6,0.5,1.4,1.4,16.0,,2024-25
Jakob Poeltl,29.0,TOR,C,22.0,22.0,32.7,6.9,11.5,0.594,0.0,0.0,0.0,6.9,11.5,0.597,0.594,2.3,3.5,0.649,4.1,7.6,11.8,2.5,1.1,1.3,2.3,3.8,16.0,,2024-25
Fred VanVleet,30.0,HOU,PG,22.0,22.0,35.1,5.6,14.4,0.391,2.5,7.6,0.321,3.2,6.8,0.47,0.476,2.2,2.7,0.831,0.6,3.6,4.2,5.9,1.5,0.5,1.2,2.5,16.0,,2024-25
Paul George,34.0,PHI,PF,10.0,10.0,29.5,5.5,13.5,0.407,2.2,6.5,0.338,3.3,7.0,0.471,0.489,2.7,3.3,0.818,0.9,4.4,5.3,5.1,2.1,0.3,3.0,2.4,15.9,,2024-25
Malik Monk,26.0,SAC,SG,16.0,3.0,28.1,5.6,12.1,0.466,2.4,6.1,0.392,3.3,6.0,0.542,0.565,2.3,2.8,0.841,0.1,3.2,3.3,4.5,0.8,0.5,1.1,2.4,15.9,,2024-25
Jerami Grant,30.0,POR,PF,20.0,20.0,32.7,5.1,13.2,0.386,2.2,6.2,0.358,2.9,7.1,0.411,0.47,3.4,4.1,0.817,0.5,3.1,3.5,2.5,1.0,1.1,1.5,2.3,15.8,,2024-25
Kyle Kuzma,29.0,WAS,PF,12.0,12.0,27.5,6.3,15.1,0.42,1.3,4.8,0.276,5.0,10.3,0.488,0.464,1.8,2.7,0.688,0.7,4.9,5.6,1.9,0.4,0.3,2.4,1.9,15.8,,2024-25
Malik Beasley,28.0,DET,SG,24.0,7.0,28.5,5.6,12.9,0.432,3.5,8.9,0.399,2.0,4.0,0.505,0.569,1.0,1.3,0.719,0.7,2.4,3.0,1.9,0.8,0.0,1.1,1.4,15.7,,2024-25
Bam Adebayo,27.0,MIA,C,20.0,20.0,34.8,5.9,13.8,0.429,0.9,2.8,0.327,5.0,11.0,0.455,0.462,2.9,4.0,0.722,2.6,7.3,9.9,5.0,1.7,0.8,1.9,2.0,15.6,,2024-25
Myles Turner,28.0,IND,C,21.0,21.0,32.4,5.6,11.9,0.474,2.0,5.1,0.398,3.6,6.7,0.532,0.56,2.2,3.1,0.723,1.3,6.1,7.4,1.6,0.8,2.1,2.6,3.1,15.5,,2024-25
Christian Braun,23.0,DEN,SG,20.0,20.0,35.2,5.7,9.9,0.571,1.2,2.7,0.434,4.5,7.3,0.621,0.629,2.9,3.7,0.784,1.1,4.0,5.1,1.9,1.3,0.7,1.5,2.3,15.4,,2024-25
Keyonte George,21.0,UTA,PG,20.0,20.0,31.8,5.3,13.8,0.382,2.6,7.9,0.329,2.7,5.9,0.453,0.476,2.3,2.9,0.793,0.5,2.6,3.1,5.7,0.7,0.1,3.4,1.9,15.4,,2024-25
Immanuel Quickley,25.0,TOR,PG,3.0,3.0,22.7,5.3,14.0,0.381,2.0,5.3,0.375,3.3,8.7,0.385,0.452,2.7,3.0,0.889,0.3,1.7,2.0,4.0,0.7,0.0,1.3,2.3,15.3,,2024-25
Jeremy Sochan,21.0,SAS,PF,9.0,8.0,29.2,6.2,12.2,0.509,0.3,1.7,0.2,5.9,10.6,0.558,0.523,2.6,3.9,0.657,3.3,5.6,8.9,2.8,1.0,0.4,1.9,2.6,15.3,,2024-25
Jalen Suggs,23.0,ORL,PG,23.0,23.0,29.9,5.2,12.7,0.41,2.1,6.8,0.314,3.1,6.0,0.518,0.493,2.7,2.9,0.925,0.6,3.4,4.0,4.0,1.4,1.0,2.7,2.6,15.3,,2024-25
Aaron Gordon,29.0,DEN,PF,10.0,9.0,30.3,5.3,9.6,0.552,1.6,3.0,0.533,3.7,6.6,0.561,0.635,2.9,3.7,0.784,2.1,4.3,6.4,3.3,0.6,0.2,1.4,1.6,15.1,,2024-25
Jordan Clarkson,32.0,UTA,SG,13.0,2.0,26.0,5.2,13.4,0.391,1.7,6.2,0.275,3.5,7.2,0.489,0.454,2.8,3.5,0.804,0.8,3.1,3.8,3.8,0.8,0.1,2.0,1.5,15.0,,2024-25
Deandre Ayton,26.0,POR,C,15.0,15.0,30.7,6.8,12.1,0.564,0.3,1.1,0.294,6.5,10.9,0.591,0.577,0.9,1.3,0.684,2.7,7.1,9.8,1.3,0.9,0.7,1.8,2.1,14.8,,2024-25
Jonathan Kuminga,22.0,GSW,PF,19.0,6.0,23.6,5.6,12.5,0.451,1.2,3.7,0.314,4.5,8.8,0.509,0.498,2.4,4.1,0.597,1.1,3.3,4.3,1.8,1.0,0.5,1.4,2.1,14.8,,2024-25
Desmond Bane,26.0,MEM,SG,16.0,15.0,28.0,5.4,12.5,0.435,1.8,5.7,0.319,3.6,6.8,0.532,0.508,1.8,2.3,0.806,0.9,5.4,6.3,4.1,0.9,0.5,2.3,2.8,14.5,,2024-25
Ivica Zubac,27.0,LAC,C,24.0,24.0,32.3,6.5,10.8,0.602,0.0,0.0,,6.5,10.8,0.602,0.602,1.5,2.9,0.522,4.0,8.2,12.2,2.4,0.5,1.0,2.1,2.1,14.5,,2024-25
Buddy Hield,32.0,GSW,SG,21.0,2.0,23.4,5.0,11.2,0.445,3.2,7.6,0.428,1.8,3.7,0.481,0.589,1.1,1.2,0.923,0.7,2.9,3.5,1.5,0.8,0.2,1.1,2.1,14.4,,2024-25
Tobias Harris,32.0,DET,PF,23.0,23.0,32.5,5.3,12.0,0.447,1.6,4.5,0.346,3.8,7.4,0.509,0.513,1.9,2.3,0.827,1.0,5.7,6.8,2.4,0.9,0.9,1.3,2.0,14.1,,2024-25
Tre Mann,23.0,CHO,PG,13.0,0.0,24.5,5.4,12.4,0.435,1.8,4.6,0.4,3.5,7.8,0.455,0.509,1.5,1.6,0.905,0.9,2.0,2.9,3.0,0.5,0.3,1.9,1.8,14.1,,2024-25
Josh Hart,29.0,NYK,SG,22.0,22.0,37.2,5.4,9.0,0.596,1.4,3.4,0.4,4.0,5.6,0.715,0.672,1.8,2.1,0.87,1.6,7.0,8.6,5.7,1.4,0.4,1.9,2.4,13.9,,2024-25
Jarrett Allen,26.0,CLE,C,23.0,23.0,29.7,5.6,8.0,0.701,0.0,0.0,0.0,5.6,8.0,0.705,0.701,2.6,3.5,0.738,2.3,8.2,10.5,1.8,1.0,0.9,1.1,1.3,13.8,,2024-25
Malcolm Brogdon,32.0,WAS,PG,9.0,8.0,23.8,5.0,10.1,0.495,0.8,2.3,0.333,4.2,7.8,0.543,0.533,3.0,3.6,0.844,1.0,3.3,4.3,2.6,0.4,0.3,1.6,2.1,13.8,,2024-25
Dejounte Murray,28.0,NOP,PG,6.0,6.0,31.8,4.8,15.5,0.312,1.3,5.3,0.25,3.5,10.2,0.344,0.355,2.8,3.2,0.895,0.3,5.7,6.0,6.0,2.3,0.3,3.3,2.7,13.8,,2024-25
Dyson Daniels,21.0,ATL,SG,21.0,21.0,33.6,5.7,12.8,0.442,1.2,4.0,0.294,4.5,8.8,0.511,0.489,1.0,1.6,0.667,1.6,3.4,5.0,3.1,3.0,0.9,1.8,2.8,13.6,,2024-25
Santi Aldama,24.0,MEM,PF,23.0,11.0,27.6,5.4,10.4,0.523,1.5,4.2,0.361,3.9,6.2,0.634,0.596,0.8,1.0,0.75,1.7,5.8,7.6,3.3,1.0,0.4,1.3,1.2,13.2,,2024-25
Jordan Hawkins,22.0,NOP,SG,11.0,3.0,27.5,4.3,11.5,0.373,2.0,6.0,0.333,2.3,5.5,0.417,0.46,2.5,2.8,0.903,0.5,3.4,3.8,1.3,0.3,0.4,1.3,1.1,13.1,,2024-25
Naz Reid,25.0,MIN,C,21.0,0.0,24.5,4.7,9.8,0.481,1.9,5.0,0.368,2.9,4.8,0.6,0.575,1.7,1.9,0.9,0.7,4.3,5.0,1.5,0.8,0.7,1.2,2.3,13.0,,2024-25
Kelly Oubre Jr.,29.0,PHI,SF,20.0,17.0,30.9,5.0,11.4,0.441,1.4,4.6,0.308,3.6,6.8,0.529,0.502,1.5,2.0,0.75,1.5,3.4,4.9,1.5,1.2,0.5,1.3,3.3,12.9,,2024-25
Moritz Wagner,27.0,ORL,C,24.0,1.0,19.3,4.7,8.6,0.544,0.8,2.5,0.317,3.9,6.1,0.637,0.59,2.8,3.7,0.742,1.5,3.7,5.2,1.4,0.8,0.5,1.7,1.9,12.9,,2024-25
Daniel Gafford,26.0,DAL,C,22.0,12.0,21.1,5.4,7.4,0.728,0.0,0.0,,5.4,7.4,0.728,0.728,2.0,3.0,0.692,2.8,3.8,6.6,1.3,0.5,1.2,0.8,2.6,12.8,,2024-25
Keldon Johnson,25.0,SAS,SF,21.0,0.0,26.2,4.7,10.4,0.454,1.2,4.0,0.301,3.5,6.4,0.548,0.511,2.2,3.0,0.742,1.1,4.4,5.5,1.6,0.7,0.2,0.8,1.8,12.8,,2024-25
Ayo Dosunmu,25.0,CHI,SG,23.0,10.0,29.6,4.9,10.0,0.493,1.2,3.9,0.3,3.7,6.0,0.619,0.552,1.7,2.1,0.813,0.7,3.2,3.9,4.5,0.7,0.4,1.3,2.3,12.7,,2024-25
Terry Rozier,30.0,MIA,PG,18.0,12.0,29.3,4.4,10.8,0.41,2.1,5.7,0.363,2.4,5.2,0.462,0.505,1.7,1.9,0.886,0.6,2.9,3.5,3.2,0.6,0.3,1.7,1.6,12.7,,2024-25
P.J. Washington,26.0,DAL,PF,18.0,17.0,32.5,4.7,10.2,0.459,1.5,3.8,0.391,3.2,6.3,0.5,0.533,1.8,2.4,0.75,1.6,6.9,8.5,2.6,1.3,1.2,1.6,2.1,12.7,,2024-25
Klay Thompson,34.0,DAL,SF,19.0,19.0,27.7,4.5,11.7,0.381,2.8,7.6,0.368,1.7,4.2,0.405,0.5,0.9,0.9,0.944,0.7,2.7,3.4,1.9,0.6,0.4,1.0,1.2,12.6,,2024-25
Dillon Brooks,29.0,HOU,SF,23.0,23.0,30.7,4.6,11.0,0.419,2.0,5.4,0.379,2.6,5.6,0.457,0.512,1.2,1.5,0.824,1.2,2.3,3.6,1.4,0.6,0.2,1.0,3.3,12.5,,2024-25
Bobby Portis,29.0,MIL,PF,20.0,1.0,23.6,5.3,11.5,0.457,1.1,3.2,0.344,4.2,8.3,0.5,0.504,0.9,1.2,0.75,1.7,5.5,7.1,1.5,0.6,0.5,1.3,1.6,12.5,,2024-25
D'Angelo Russell,28.0,LAL,PG,21.0,10.0,27.4,4.5,10.7,0.418,1.9,5.7,0.325,2.6,5.0,0.524,0.504,1.6,1.9,0.872,0.3,2.2,2.5,4.8,1.0,0.1,1.8,1.8,12.4,,2024-25
Keegan Murray,24.0,SAC,PF,23.0,23.0,37.0,4.7,11.5,0.413,1.6,5.6,0.279,3.2,5.9,0.541,0.481,1.1,1.3,0.839,2.5,5.3,7.9,1.6,0.7,0.8,1.1,3.0,12.2,,2024-25
Rui Hachimura,26.0,LAL,PF,17.0,17.0,31.6,4.5,9.5,0.472,1.5,3.5,0.433,2.9,5.9,0.495,0.553,1.6,1.9,0.844,1.9,3.3,5.2,1.7,0.8,0.5,0.6,1.9,12.1,,2024-25
Caris LeVert,30.0,CLE,SF,17.0,0.0,24.2,4.3,8.2,0.525,1.8,3.8,0.477,2.5,4.4,0.568,0.637,1.6,2.4,0.683,0.5,2.4,2.9,4.1,0.9,0.4,1.4,1.2,12.1,,2024-25
Deni Avdija,24.0,POR,SF,22.0,12.0,26.9,3.9,9.4,0.417,1.3,3.8,0.345,2.6,5.5,0.467,0.488,2.9,3.6,0.797,1.3,4.7,6.0,3.2,1.1,0.8,2.1,2.1,12.0,,2024-25
Brandon Boston Jr.,23.0,NOP,SG,20.0,10.0,27.9,4.4,10.3,0.429,1.3,4.0,0.313,3.2,6.3,0.504,0.49,1.9,2.3,0.844,0.8,3.1,3.8,3.6,1.6,0.3,1.6,1.8,12.0,,2024-25
Jaylen Wells,21.0,MEM,SG,23.0,18.0,24.9,4.3,9.5,0.457,2.0,5.0,0.388,2.4,4.5,0.534,0.559,1.4,1.8,0.78,1.0,2.5,3.5,1.8,0.4,0.2,1.3,1.7,12.0,,2024-25
Josh Giddey,22.0,CHI,PG,23.0,23.0,27.0,4.5,10.0,0.448,1.2,3.5,0.346,3.3,6.5,0.503,0.509,1.7,2.5,0.69,1.2,5.0,6.2,6.7,0.7,0.4,2.5,1.6,11.9,,2024-25
Brook Lopez,36.0,MIL,C,21.0,21.0,32.9,4.4,9.3,0.474,2.0,5.4,0.36,2.5,3.9,0.634,0.579,1.1,1.5,0.719,1.2,3.8,5.0,1.8,1.2,2.4,1.1,2.4,11.9,,2024-25
Nick Richards,27.0,CHO,C,8.0,7.0,27.0,4.1,6.6,0.623,0.0,0.1,0.0,4.1,6.5,0.635,0.623,3.6,5.3,0.69,3.5,6.3,9.8,1.9,0.5,2.1,1.6,3.1,11.9,,2024-25
Jonas Valančiūnas,32.0,WAS,C,20.0,4.0,19.6,4.8,8.2,0.579,0.1,0.4,0.25,4.7,7.8,0.596,0.585,2.3,2.6,0.902,2.3,5.3,7.6,2.1,0.4,0.7,1.6,1.7,11.9,,2024-25
Julian Champagnie,23.0,SAS,SF,22.0,22.0,29.1,4.1,9.5,0.431,2.4,6.8,0.349,1.7,2.7,0.633,0.555,1.3,1.4,0.903,0.9,4.3,5.2,1.6,0.9,0.6,1.1,1.5,11.8,,2024-25
Bilal Coulibaly,20.0,WAS,SF,19.0,19.0,34.6,4.2,9.5,0.442,0.9,3.2,0.279,3.3,6.3,0.525,0.489,2.5,3.3,0.774,1.5,3.9,5.4,2.9,1.4,0.6,1.9,2.5,11.8,,2024-25
Tyus Jones,28.0,PHO,PG,21.0,21.0,32.3,4.6,9.6,0.475,2.1,5.3,0.396,2.5,4.3,0.571,0.584,0.5,0.7,0.786,0.7,2.0,2.7,7.0,1.1,0.1,1.0,1.0,11.8,,2024-25
Ochai Agbaji,24.0,TOR,SG,23.0,21.0,31.3,4.6,8.7,0.533,1.9,4.0,0.484,2.7,4.7,0.574,0.643,0.6,0.9,0.7,1.0,3.3,4.3,2.1,1.0,0.6,0.9,2.5,11.7,,2024-25
Isaiah Hartenstein,26.0,OKC,C,7.0,6.0,29.7,5.1,9.1,0.563,0.0,0.4,0.0,5.1,8.7,0.59,0.563,1.4,2.6,0.556,2.7,10.1,12.9,4.4,0.7,1.4,1.9,3.4,11.7,,2024-25
Scoot Henderson,20.0,POR,PG,16.0,3.0,26.5,4.3,10.4,0.416,1.0,3.1,0.32,3.3,7.3,0.457,0.464,2.1,2.8,0.75,0.7,2.2,2.9,5.4,0.9,0.1,3.1,2.6,11.7,,2024-25
Jrue Holiday,34.0,BOS,PG,19.0,19.0,31.2,4.2,9.4,0.447,1.7,5.1,0.333,2.5,4.4,0.578,0.536,1.6,1.7,0.909,1.1,3.2,4.2,3.9,0.8,0.3,1.6,1.4,11.7,,2024-25
Zaccharie Risacher,19.0,ATL,SF,23.0,21.0,24.1,4.3,10.3,0.412,1.3,4.7,0.29,2.9,5.7,0.511,0.477,1.8,2.6,0.683,1.2,2.3,3.5,1.3,0.9,0.7,1.1,2.2,11.7,,2024-25
Russell Westbrook,36.0,DEN,PG,20.0,3.0,24.1,3.9,10.1,0.388,1.4,3.8,0.36,2.6,6.3,0.405,0.455,2.5,3.8,0.667,0.8,3.1,3.9,5.9,1.4,0.6,2.4,2.4,11.7,,2024-25
Bogdan Bogdanović,32.0,ATL,SG,9.0,0.0,24.9,3.9,10.0,0.389,2.2,6.6,0.339,1.7,3.4,0.484,0.5,1.6,1.6,1.0,0.8,2.7,3.4,2.2,1.1,0.3,1.7,2.9,11.6,,2024-25
Naji Marshall,27.0,DAL,SF,20.0,7.0,24.1,4.7,8.6,0.544,0.8,2.6,0.294,3.9,6.0,0.65,0.588,1.5,1.7,0.882,1.2,2.2,3.4,2.4,1.0,0.1,1.5,1.6,11.6,,2024-25
Stephon Castle,20.0,SAS,PG,22.0,15.0,27.0,4.0,10.4,0.38,1.1,4.1,0.275,2.8,6.3,0.449,0.434,2.5,3.4,0.733,0.8,1.7,2.5,3.8,0.8,0.5,1.8,1.6,11.5,,2024-25
Amen Thompson,22.0,HOU,SF,23.0,1.0,26.4,4.2,7.8,0.539,0.3,1.2,0.296,3.9,6.7,0.582,0.561,2.7,3.9,0.689,2.2,4.7,7.0,1.9,1.1,0.9,1.7,2.4,11.5,,2024-25
Ty Jerome,27.0,CLE,SG,22.0,2.0,18.5,4.2,7.4,0.568,1.5,3.0,0.493,2.7,4.3,0.621,0.67,1.5,1.7,0.895,0.4,1.5,2.0,3.5,1.3,0.0,1.3,1.5,11.4,,2024-25
Jabari Smith Jr.,21.0,HOU,PF,23.0,23.0,29.8,4.0,9.4,0.431,1.7,4.7,0.349,2.4,4.7,0.514,0.519,1.7,2.0,0.867,1.8,5.0,6.8,0.8,0.3,0.9,0.6,2.5,11.4,,2024-25
Tari Eason,23.0,HOU,PF,22.0,0.0,22.9,4.5,9.4,0.476,0.9,3.0,0.303,3.5,6.4,0.557,0.524,1.5,2.0,0.767,2.3,4.2,6.5,1.1,2.1,1.0,0.9,2.4,11.3,,2024-25
Miles McBride,24.0,NYK,PG,17.0,0.0,25.6,3.9,8.5,0.462,2.2,5.0,0.435,1.8,3.5,0.5,0.59,1.2,1.3,0.909,0.6,2.0,2.6,2.8,0.9,0.2,0.9,1.8,11.2,,2024-25
Zach Edey,22.0,MEM,C,14.0,9.0,20.1,4.6,7.5,0.61,0.4,0.7,0.6,4.1,6.8,0.611,0.638,1.6,2.4,0.667,3.1,3.9,6.9,0.8,0.9,1.0,1.6,3.1,11.1,,2024-25
Dalton Knecht,23.0,LAL,SF,22.0,10.0,24.2,4.1,8.7,0.471,2.2,5.4,0.403,1.9,3.3,0.583,0.597,0.8,1.0,0.773,0.6,2.7,3.4,1.1,0.5,0.0,0.5,1.4,11.1,,2024-25
Onyeka Okongwu,24.0,ATL,C,21.0,0.0,23.7,4.3,8.0,0.539,0.4,1.8,0.211,3.9,6.1,0.636,0.563,2.2,2.7,0.807,2.3,4.2,6.5,1.6,0.7,0.7,0.9,2.1,11.1,,2024-25
Harrison Barnes,32.0,SAS,PF,22.0,22.0,28.5,3.6,7.5,0.482,1.4,3.2,0.423,2.2,4.2,0.527,0.573,2.4,3.0,0.815,1.8,2.9,4.6,1.5,0.3,0.2,0.8,0.8,11.0,,2024-25
Scotty Pippen Jr.,24.0,MEM,PG,23.0,9.0,23.7,4.2,8.9,0.468,1.0,3.0,0.343,3.1,5.9,0.533,0.527,1.6,2.1,0.75,0.7,3.0,3.7,5.3,1.1,0.3,2.0,2.7,11.0,,2024-25
Walker Kessler,23.0,UTA,C,15.0,15.0,28.8,4.7,6.3,0.737,0.0,0.0,,4.7,6.3,0.737,0.737,1.6,2.7,0.585,3.9,6.6,10.5,1.3,0.5,2.8,1.4,2.4,10.9,,2024-25
Corey Kispert,25.0,WAS,SF,19.0,0.0,27.6,4.0,9.7,0.413,1.8,5.9,0.313,2.2,3.8,0.569,0.508,1.1,1.3,0.833,0.4,3.1,3.4,1.5,0.6,0.2,1.1,1.7,10.9,,2024-25
Jose Alvarado,26.0,NOP,PG,11.0,7.0,25.6,3.6,9.2,0.396,2.2,5.5,0.4,1.5,3.7,0.39,0.515,1.3,1.5,0.824,0.5,1.6,2.2,4.5,1.5,0.3,1.3,2.4,10.7,,2024-25
Dorian Finney-Smith,31.0,BRK,PF,15.0,15.0,29.0,3.8,8.1,0.467,2.3,5.5,0.422,1.5,2.6,0.564,0.611,0.7,1.2,0.611,1.8,2.5,4.3,1.8,0.9,0.5,1.1,3.1,10.7,,2024-25
Grayson Allen,29.0,PHO,SG,17.0,1.0,23.5,3.3,8.2,0.403,2.2,6.1,0.356,1.1,2.1,0.543,0.536,1.9,2.3,0.821,0.5,2.4,2.9,1.8,0.6,0.4,1.1,1.4,10.6,,2024-25
Rudy Gobert,32.0,MIN,C,21.0,21.0,34.0,4.0,6.0,0.659,0.0,0.0,,4.0,6.0,0.659,0.659,2.7,3.4,0.789,3.4,7.7,11.1,2.1,0.7,1.5,1.6,2.9,10.6,,2024-25
Alex Sarr,19.0,WAS,C,20.0,20.0,26.8,4.0,10.5,0.383,1.1,4.4,0.25,2.9,6.1,0.479,0.435,1.5,2.2,0.659,2.1,4.2,6.3,2.0,0.8,1.9,1.4,2.7,10.6,,2024-25
Clint Capela,30.0,ATL,C,23.0,23.0,22.8,4.7,8.0,0.585,0.0,0.0,,4.7,8.0,0.585,0.585,1.2,2.1,0.563,3.6,5.9,9.5,1.3,0.7,1.0,0.8,1.9,10.5,,2024-25
Derrick Jones Jr.,27.0,LAC,SF,24.0,24.0,25.5,4.0,8.0,0.497,1.3,3.0,0.417,2.8,5.0,0.545,0.575,1.1,1.3,0.871,1.3,2.3,3.5,1.0,1.3,0.2,1.1,2.2,10.4,,2024-25
T.J. McConnell,32.0,IND,PG,22.0,0.0,19.6,4.8,8.5,0.561,0.1,0.4,0.25,4.7,8.1,0.575,0.567,0.8,1.0,0.739,0.5,2.1,2.6,3.9,1.3,0.2,1.6,1.1,10.4,,2024-25
Chris Paul,39.0,SAS,PG,22.0,22.0,28.8,3.5,8.1,0.43,1.9,5.2,0.357,1.6,2.9,0.563,0.545,1.5,1.5,1.0,0.5,3.2,3.7,8.3,1.4,0.2,1.7,1.9,10.4,,2024-25
Grant Williams,26.0,CHO,PF,16.0,7.0,29.9,3.4,7.7,0.439,1.7,4.6,0.365,1.7,3.1,0.551,0.549,1.9,2.3,0.838,1.1,4.0,5.1,2.3,1.1,0.8,1.8,2.9,10.4,,2024-25
De'Anthony Melton,26.0,GSW,SG,6.0,2.0,20.2,3.7,9.0,0.407,2.2,5.8,0.371,1.5,3.2,0.474,0.528,0.8,1.3,0.625,1.0,2.3,3.3,2.8,1.2,0.3,1.7,3.0,10.3,,2024-25
Amir Coffey,27.0,LAC,SG,24.0,7.0,24.0,3.6,7.4,0.486,1.7,3.9,0.43,1.9,3.5,0.548,0.599,1.4,1.6,0.846,0.6,2.0,2.6,1.3,0.6,0.0,0.7,1.4,10.2,,2024-25
Duncan Robinson,30.0,MIA,SF,19.0,8.0,22.2,3.6,9.3,0.39,2.4,6.6,0.36,1.3,2.7,0.462,0.517,0.5,0.7,0.769,0.4,1.8,2.3,2.2,0.5,0.2,0.8,2.1,10.2,,2024-25
Dalano Banton,25.0,POR,PG,20.0,0.0,16.9,3.6,8.3,0.436,1.3,3.4,0.388,2.3,4.9,0.469,0.515,1.6,2.4,0.667,0.4,2.0,2.4,2.6,1.0,0.6,1.8,1.2,10.1,,2024-25
Chris Boucher,32.0,TOR,PF,23.0,0.0,18.0,3.6,8.0,0.454,1.0,3.8,0.276,2.6,4.2,0.615,0.519,1.7,2.2,0.765,1.3,3.2,4.5,0.6,0.5,0.7,0.7,1.2,10.0,,2024-25
Royce O'Neale,31.0,PHO,SF,21.0,3.0,25.4,3.5,8.1,0.433,2.3,5.4,0.425,1.2,2.8,0.448,0.573,0.7,0.9,0.737,1.2,4.7,6.0,2.0,1.0,0.7,1.0,2.2,10.0,,2024-25
Jaden McDaniels,24.0,MIN,PF,21.0,21.0,29.8,4.0,8.9,0.444,1.1,3.8,0.3,2.8,5.1,0.551,0.508,0.9,1.2,0.692,1.1,2.6,3.7,1.8,1.1,0.8,1.1,3.1,9.9,,2024-25
Patrick Williams,23.0,CHI,PF,15.0,15.0,28.9,3.3,8.9,0.376,1.9,4.7,0.394,1.5,4.1,0.355,0.481,1.4,1.7,0.84,1.1,3.9,5.0,2.3,1.0,0.5,1.9,1.4,9.9,,2024-25
Guerschon Yabusele,29.0,PHI,PF,20.0,7.0,24.6,3.7,7.5,0.487,1.7,4.1,0.407,2.0,3.5,0.58,0.597,0.9,1.6,0.581,2.0,3.9,5.9,2.0,0.7,0.5,1.4,2.9,9.9,,2024-25
Marcus Smart,30.0,MEM,PG,13.0,5.0,21.5,3.0,7.9,0.379,1.6,5.0,0.323,1.4,2.9,0.474,0.481,2.2,2.7,0.829,0.9,1.6,2.5,4.5,1.5,0.5,2.1,1.8,9.8,,2024-25
Aaron Wiggins,26.0,OKC,SG,22.0,8.0,21.1,3.9,8.5,0.457,1.5,3.8,0.405,2.3,4.6,0.5,0.548,0.5,0.7,0.8,1.1,2.6,3.7,1.6,0.9,0.3,0.9,1.3,9.8,,2024-25
Tim Hardaway Jr.,32.0,DET,SG,21.0,21.0,27.5,3.1,7.8,0.405,1.9,5.2,0.358,1.3,2.6,0.5,0.525,1.6,1.8,0.892,0.1,1.7,1.9,1.6,0.2,0.0,0.6,1.2,9.7,,2024-25
Al Horford,38.0,BOS,C,17.0,16.0,28.0,3.5,7.4,0.476,2.3,5.4,0.424,1.2,2.0,0.618,0.631,0.4,0.4,1.0,0.9,4.1,5.1,2.4,0.8,0.9,1.0,1.6,9.7,,2024-25
Obi Toppin,26.0,IND,PF,22.0,0.0,20.0,3.9,7.3,0.534,1.0,3.3,0.306,2.9,4.0,0.719,0.602,0.9,1.0,0.87,0.8,2.9,3.7,1.6,0.6,0.4,0.7,1.3,9.7,,2024-25
Luguentz Dort,25.0,OKC,SF,22.0,22.0,29.2,3.3,8.1,0.404,2.0,5.3,0.379,1.3,2.8,0.452,0.528,1.1,1.3,0.828,1.4,3.1,4.5,1.9,1.1,0.9,0.6,3.0,9.6,,2024-25
Caleb Martin,29.0,PHI,SF,18.0,15.0,31.1,3.3,8.2,0.405,0.8,2.8,0.294,2.5,5.4,0.464,0.456,2.1,3.1,0.661,1.4,3.4,4.9,2.4,1.1,0.5,1.9,1.8,9.6,,2024-25
Trendon Watford,24.0,BRK,PF,10.0,0.0,18.5,3.2,7.4,0.432,0.7,2.5,0.28,2.5,4.9,0.51,0.48,2.5,3.0,0.833,0.4,2.9,3.3,1.3,0.5,0.4,1.6,2.8,9.6,,2024-25
Robert Williams,27.0,POR,C,7.0,1.0,18.7,3.9,5.4,0.711,0.1,0.3,0.5,3.7,5.1,0.722,0.724,1.7,1.9,0.923,2.1,3.9,6.0,1.4,1.1,1.9,1.0,1.0,9.6,,2024-25
Isaiah Joe,25.0,OKC,SG,20.0,9.0,22.2,3.4,8.0,0.419,2.5,6.3,0.389,0.9,1.7,0.529,0.572,0.4,0.5,0.7,0.6,2.2,2.8,1.7,0.8,0.3,0.5,1.8,9.5,,2024-25
Peyton Watson,22.0,DEN,SF,20.0,11.0,25.3,3.5,7.1,0.486,0.9,2.4,0.375,2.6,4.7,0.543,0.549,1.7,2.1,0.786,1.0,2.5,3.5,1.3,0.8,1.0,0.9,2.1,9.5,,2024-25
Nickeil Alexander-Walker,26.0,MIN,SG,21.0,2.0,24.3,3.4,6.7,0.504,1.7,3.8,0.438,1.7,2.9,0.59,0.628,1.0,1.3,0.778,0.7,2.1,2.8,2.6,1.0,0.4,1.5,1.7,9.4,,2024-25
Toumani Camara,24.0,POR,PF,22.0,22.0,31.0,3.5,8.2,0.425,1.6,4.2,0.391,1.9,4.0,0.461,0.525,0.8,1.1,0.68,2.2,3.0,5.2,2.2,1.5,0.4,1.6,3.0,9.4,,2024-25
Carlton Carrington,19.0,WAS,PG,20.0,12.0,28.2,3.4,8.4,0.407,1.5,4.3,0.349,1.9,4.1,0.469,0.497,1.0,1.3,0.8,0.2,3.8,4.0,4.1,1.1,0.3,2.0,3.1,9.3,,2024-25
Jaime Jaquez Jr.,23.0,MIA,SF,16.0,1.0,21.9,3.4,8.0,0.43,0.6,2.0,0.313,2.8,6.0,0.469,0.469,1.8,2.6,0.69,1.6,4.0,5.6,2.4,1.1,0.1,1.5,1.4,9.3,,2024-25
Jay Huff,26.0,MEM,C,23.0,1.0,15.2,3.2,6.1,0.525,1.7,3.9,0.422,1.6,2.2,0.706,0.66,1.1,1.5,0.714,0.5,1.9,2.4,0.8,0.3,1.3,0.6,1.5,9.2,,2024-25
Aaron Nesmith,25.0,IND,SF,6.0,6.0,22.7,3.2,6.0,0.528,1.0,1.8,0.545,2.2,4.2,0.52,0.611,1.8,2.2,0.846,0.7,3.3,4.0,1.0,0.7,0.3,0.8,4.0,9.2,,2024-25
Nic Claxton,25.0,BRK,C,17.0,9.0,24.8,4.1,6.2,0.651,0.1,0.1,0.5,4.0,6.1,0.654,0.656,0.9,2.2,0.421,1.9,5.8,7.6,2.2,0.6,1.2,1.3,2.5,9.1,,2024-25
Quentin Grimes,24.0,DAL,SG,21.0,7.0,20.6,3.1,6.3,0.496,1.6,3.6,0.434,1.6,2.7,0.579,0.62,1.2,1.8,0.684,0.6,3.0,3.7,1.5,0.8,0.2,1.2,1.9,9.1,,2024-25
Dereck Lively II,20.0,DAL,C,18.0,11.0,22.9,3.8,5.4,0.694,0.0,0.0,,3.8,5.4,0.694,0.694,1.5,2.5,0.6,3.1,4.5,7.6,2.3,0.6,1.6,1.2,3.0,9.1,,2024-25
Trentyn Flowers,19.0,LAC,SF,1.0,0.0,14.0,4.0,9.0,0.444,0.0,2.0,0.0,4.0,7.0,0.571,0.444,1.0,1.0,1.0,1.0,3.0,4.0,0.0,0.0,0.0,1.0,3.0,9.0,,2024-25
Kevin Huerter,26.0,SAC,SG,20.0,15.0,25.8,3.5,8.6,0.404,1.6,5.7,0.272,1.9,2.9,0.667,0.494,0.5,0.8,0.667,0.4,3.1,3.5,2.0,1.1,0.6,1.0,2.4,9.0,,2024-25
Yves Missi,20.0,NOP,C,22.0,16.0,24.7,3.6,6.5,0.552,0.0,0.0,,3.6,6.5,0.552,0.552,1.8,3.0,0.615,3.6,4.3,8.0,1.3,0.7,1.2,1.2,1.9,9.0,,2024-25
Taurean Prince,30.0,MIL,SF,21.0,21.0,28.4,3.2,6.3,0.508,2.1,3.9,0.556,1.0,2.4,0.431,0.678,0.5,0.6,0.846,0.7,3.8,4.5,1.9,0.9,0.2,1.1,2.2,9.0,,2024-25
Jalen Wilson,24.0,BRK,PF,22.0,6.0,25.0,3.0,6.8,0.447,1.3,3.7,0.354,1.7,3.1,0.559,0.543,1.6,1.8,0.875,1.0,2.6,3.6,1.6,0.4,0.0,0.9,2.3,9.0,,2024-25
Jusuf Nurkić,30.0,PHO,C,16.0,16.0,24.1,2.9,7.0,0.42,0.9,2.9,0.298,2.1,4.1,0.508,0.482,2.2,3.3,0.673,1.8,8.1,9.9,1.3,0.9,0.6,2.3,2.9,8.9,,2024-25
Donte DiVincenzo,28.0,MIN,SG,21.0,2.0,25.5,3.0,8.4,0.356,2.2,6.6,0.331,0.8,1.8,0.447,0.486,0.6,0.8,0.75,0.4,2.7,3.0,3.5,1.3,0.2,1.8,1.7,8.8,,2024-25
Draymond Green,34.0,GSW,PF,19.0,19.0,28.5,2.9,6.7,0.433,1.5,3.8,0.403,1.4,2.9,0.473,0.547,1.5,2.5,0.604,0.9,5.3,6.2,6.0,1.0,1.0,2.3,3.3,8.8,,2024-25
Kevin Porter Jr.,24.0,LAC,SG,21.0,0.0,18.7,3.7,8.9,0.414,0.4,2.3,0.184,3.2,6.5,0.496,0.438,1.0,1.7,0.629,0.7,2.9,3.5,2.8,0.9,0.3,2.3,1.3,8.8,,2024-25
Gary Trent Jr.,26.0,MIL,SG,19.0,7.0,25.6,3.0,7.7,0.39,1.9,5.1,0.385,1.1,2.6,0.4,0.517,0.8,0.9,0.889,0.2,1.9,2.1,1.0,0.9,0.0,0.6,2.3,8.8,,2024-25
Jalen Duren,21.0,DET,C,22.0,22.0,23.9,3.5,5.1,0.681,0.0,0.0,,3.5,5.1,0.681,0.681,1.7,3.0,0.576,3.0,6.1,9.2,2.5,0.3,1.3,2.0,3.1,8.7,,2024-25
Jake LaRavia,23.0,MEM,PF,23.0,0.0,23.3,3.1,6.0,0.511,0.9,2.2,0.392,2.2,3.8,0.58,0.583,1.7,2.4,0.696,1.5,3.3,4.8,3.7,0.8,0.7,1.4,2.3,8.7,,2024-25
Kentavious Caldwell-Pope,31.0,ORL,SG,23.0,23.0,29.9,2.9,7.2,0.406,1.5,4.9,0.313,1.4,2.3,0.604,0.512,1.2,1.3,0.966,0.4,1.8,2.2,1.8,1.6,0.6,0.7,2.1,8.6,,2024-25
Mike Conley,37.0,MIN,PG,17.0,17.0,25.5,2.6,7.5,0.354,1.9,5.2,0.364,0.8,2.3,0.333,0.48,1.5,1.6,0.893,0.5,2.5,2.9,4.5,1.5,0.2,1.4,1.6,8.6,,2024-25
Ziaire Williams,23.0,BRK,SF,21.0,7.0,21.9,3.0,7.6,0.403,0.9,3.1,0.273,2.2,4.4,0.495,0.459,1.7,2.1,0.795,1.0,3.3,4.4,1.1,1.0,0.3,0.9,2.7,8.6,,2024-25
Sam Hauser,27.0,BOS,PF,18.0,2.0,22.7,3.1,7.2,0.434,2.2,5.9,0.364,0.9,1.2,0.773,0.585,0.1,0.1,1.0,0.8,2.7,3.5,1.1,0.8,0.2,0.4,1.3,8.5,,2024-25
Cody Martin,29.0,CHO,SF,22.0,3.0,25.4,3.2,7.2,0.443,1.2,3.5,0.351,2.0,3.7,0.531,0.528,1.0,1.5,0.656,1.1,3.5,4.6,2.4,1.0,0.7,0.9,1.9,8.5,,2024-25
Georges Niang,31.0,CLE,PF,23.0,1.0,20.2,3.2,7.1,0.451,1.7,4.7,0.349,1.6,2.4,0.655,0.567,0.3,0.4,0.778,0.6,3.1,3.7,1.1,0.3,0.2,1.0,2.3,8.4,,2024-25
Jaylen Nowell,25.0,NOP,SG,8.0,0.0,21.0,3.3,9.1,0.356,1.0,3.4,0.296,2.3,5.8,0.391,0.411,0.9,1.4,0.636,0.8,1.8,2.5,2.3,0.1,0.5,1.0,1.1,8.4,,2024-25
Julian Strawther,22.0,DEN,SG,20.0,0.0,20.2,2.9,6.5,0.438,1.3,3.4,0.388,1.6,3.2,0.492,0.538,1.4,1.7,0.794,0.3,1.7,2.0,1.3,0.8,0.4,0.9,2.7,8.4,,2024-25
Anthony Black,21.0,ORL,PG,24.0,1.0,24.2,2.9,6.9,0.424,0.7,2.5,0.271,2.3,4.4,0.509,0.473,1.8,2.5,0.729,0.5,2.2,2.8,4.1,0.9,0.7,2.3,2.1,8.3,,2024-25
Josh Okogie,26.0,PHO,SG,11.0,1.0,15.4,3.1,5.9,0.523,0.9,2.0,0.455,2.2,3.9,0.558,0.6,1.2,1.8,0.65,1.5,1.9,3.4,0.7,1.0,0.1,0.8,1.1,8.3,,2024-25
A.J. Green,25.0,MIL,SG,20.0,3.0,20.6,2.8,5.8,0.478,2.5,5.3,0.462,0.3,0.5,0.667,0.691,0.3,0.3,0.833,0.2,2.0,2.2,1.0,0.6,0.1,0.6,2.1,8.2,,2024-25
Garrison Mathews,28.0,ATL,SG,18.0,1.0,17.9,2.4,5.3,0.453,2.1,4.4,0.468,0.3,0.9,0.375,0.647,1.3,1.6,0.828,0.2,0.9,1.1,1.4,0.7,0.2,0.6,1.7,8.2,,2024-25
Cameron Payne,30.0,NYK,PG,17.0,0.0,17.8,2.9,6.8,0.435,1.8,4.0,0.441,1.2,2.8,0.426,0.565,0.5,0.6,0.818,0.4,1.6,1.9,3.4,0.7,0.4,0.6,2.2,8.2,,2024-25
Goga Bitadze,25.0,ORL,C,19.0,16.0,22.2,3.4,5.1,0.677,0.0,0.4,0.0,3.4,4.7,0.73,0.677,1.3,1.6,0.774,2.5,4.5,7.0,1.7,0.8,1.6,1.3,2.5,8.1,,2024-25
Andre Drummond,31.0,PHI,C,17.0,11.0,20.4,3.2,6.2,0.524,0.1,0.4,0.167,3.2,5.8,0.545,0.529,1.5,2.8,0.553,2.9,5.3,8.2,0.6,1.3,0.5,1.7,2.5,8.1,,2024-25
Spencer Dinwiddie,31.0,DAL,PG,21.0,0.0,21.2,2.4,5.8,0.418,1.4,3.6,0.395,1.0,2.2,0.457,0.541,1.7,2.0,0.857,0.1,1.6,1.7,3.1,0.6,0.3,0.7,1.6,8.0,,2024-25
DaQuan Jeffries,27.0,CHO,SG,1.0,0.0,16.0,3.0,5.0,0.6,1.0,2.0,0.5,2.0,3.0,0.667,0.7,1.0,2.0,0.5,0.0,1.0,1.0,1.0,0.0,0.0,0.0,2.0,8.0,,2024-25
Brandin Podziemski,21.0,GSW,SG,20.0,7.0,24.9,3.1,8.2,0.38,0.8,3.6,0.211,2.4,4.6,0.511,0.426,1.1,1.4,0.75,1.1,3.9,5.0,3.5,0.8,0.4,1.3,1.9,8.0,,2024-25
Moses Moody,22.0,GSW,SG,21.0,4.0,16.5,2.7,6.3,0.424,1.4,3.7,0.372,1.3,2.6,0.5,0.534,1.2,1.7,0.714,0.4,1.5,2.0,1.0,0.3,0.3,0.8,1.2,7.9,,2024-25
Larry Nance Jr.,32.0,ATL,PF,9.0,1.0,15.6,3.1,4.8,0.651,1.6,2.4,0.636,1.6,2.3,0.667,0.814,0.1,0.2,0.5,1.1,1.3,2.4,1.2,0.8,0.3,0.4,1.2,7.9,,2024-25
Andrew Nembhard,25.0,IND,SG,9.0,9.0,24.4,3.0,7.6,0.397,0.6,2.1,0.263,2.4,5.4,0.449,0.434,1.3,1.6,0.857,0.1,1.7,1.8,4.6,1.0,0.0,1.3,2.1,7.9,,2024-25
Brice Sensabaugh,21.0,UTA,SF,15.0,0.0,16.4,2.7,6.2,0.441,1.7,4.0,0.417,1.1,2.2,0.485,0.575,0.7,0.8,0.917,0.7,1.6,2.3,0.7,0.5,0.1,1.5,0.9,7.9,,2024-25
Trayce Jackson-Davis,24.0,GSW,C,21.0,18.0,17.2,3.5,5.8,0.607,0.0,0.0,0.0,3.5,5.8,0.612,0.607,0.8,1.3,0.571,1.7,3.2,4.9,2.0,0.3,0.7,0.8,1.2,7.8,,2024-25
Herbert Jones,26.0,NOP,SF,5.0,5.0,29.0,3.2,7.2,0.444,0.8,3.2,0.25,2.4,4.0,0.6,0.5,0.6,1.2,0.5,0.8,2.6,3.4,1.8,2.2,0.4,1.2,2.4,7.8,,2024-25
Jalen Smith,24.0,CHI,C,20.0,0.0,14.4,2.7,6.0,0.454,1.2,3.4,0.358,1.5,2.6,0.577,0.555,1.2,1.5,0.767,1.4,3.7,5.1,0.8,0.4,0.7,0.7,1.6,7.8,,2024-25
Talen Horton-Tucker,24.0,CHI,SG,17.0,0.0,11.5,2.7,4.9,0.554,1.1,2.1,0.514,1.6,2.8,0.583,0.663,1.2,1.7,0.724,0.5,1.5,1.9,1.6,0.2,0.2,0.6,0.9,7.7,,2024-25
Nikola Jović,21.0,MIA,PF,14.0,8.0,18.2,2.8,6.2,0.448,1.0,3.1,0.318,1.8,3.1,0.581,0.529,1.1,1.4,0.8,0.6,3.1,3.7,1.3,0.9,0.1,0.6,1.4,7.7,,2024-25
Wendell Carter Jr.,25.0,ORL,C,11.0,11.0,25.5,2.7,5.5,0.5,0.4,2.2,0.167,2.4,3.3,0.722,0.533,1.8,2.5,0.714,2.0,5.6,7.6,2.3,1.0,0.6,0.9,2.7,7.6,,2024-25
Noah Clowney,20.0,BRK,PF,15.0,1.0,16.5,2.5,6.3,0.394,1.5,4.1,0.377,0.9,2.2,0.424,0.516,1.0,1.4,0.714,0.9,2.2,3.1,0.7,0.3,0.6,0.7,2.4,7.5,,2024-25
Tristan Da Silva,23.0,ORL,SF,20.0,14.0,23.8,2.9,6.9,0.416,1.2,3.6,0.338,1.7,3.3,0.5,0.504,0.6,0.8,0.75,0.8,2.9,3.7,1.7,0.4,0.2,0.5,1.3,7.5,,2024-25
Kyshawn George,21.0,WAS,SG,19.0,6.0,26.2,2.6,7.8,0.336,1.3,5.1,0.247,1.4,2.7,0.5,0.416,1.0,1.4,0.731,0.7,3.4,4.1,2.6,0.7,0.7,1.0,3.2,7.5,,2024-25
Jordan Miller,25.0,LAC,SF,13.0,0.0,15.1,2.9,6.2,0.475,0.4,1.5,0.263,2.5,4.7,0.541,0.506,1.3,1.7,0.773,1.1,1.2,2.2,1.2,0.4,0.2,1.0,1.2,7.5,,2024-25
Kyle Filipowski,21.0,UTA,C,14.0,8.0,19.0,2.8,5.4,0.513,0.6,2.1,0.3,2.1,3.3,0.652,0.572,1.1,2.1,0.517,0.9,3.8,4.7,2.1,0.6,0.1,1.0,1.6,7.3,,2024-25
Jeremiah Robinson-Earl,24.0,NOP,PF,23.0,4.0,20.5,2.7,6.2,0.441,0.8,2.6,0.322,1.9,3.7,0.524,0.507,1.0,1.1,0.88,2.2,3.0,5.2,1.2,0.7,0.1,0.9,1.3,7.3,,2024-25
Haywood Highsmith,28.0,MIA,SF,18.0,12.0,25.3,2.7,5.4,0.5,1.3,3.0,0.426,1.4,2.4,0.591,0.617,0.5,0.7,0.692,0.8,2.2,2.9,1.2,1.2,0.8,0.6,2.1,7.2,,2024-25
Tyrese Martin,25.0,BRK,SG,9.0,2.0,14.7,2.4,4.9,0.5,1.9,3.7,0.515,0.6,1.2,0.455,0.693,0.4,0.6,0.8,0.4,1.8,2.2,1.1,0.3,0.2,0.4,1.3,7.2,,2024-25
Josh Green,24.0,CHO,SG,20.0,19.0,27.0,2.6,6.0,0.425,1.5,3.3,0.455,1.1,2.7,0.389,0.55,0.4,0.7,0.615,1.0,1.7,2.6,1.7,0.7,0.3,0.8,2.8,7.0,,2024-25
Isaiah Jackson,23.0,IND,C,5.0,1.0,16.8,2.8,4.6,0.609,0.0,0.0,,2.8,4.6,0.609,0.609,1.4,2.8,0.5,2.2,3.4,5.6,1.0,0.6,1.6,1.0,2.8,7.0,,2024-25
Sam Merrill,28.0,CLE,SG,19.0,1.0,19.8,2.4,6.0,0.395,1.9,5.3,0.356,0.5,0.7,0.692,0.553,0.4,0.4,0.875,0.3,1.6,1.9,1.8,0.6,0.3,0.5,1.9,7.0,,2024-25
JT Thor,22.0,CLE,PF,2.0,0.0,7.0,2.5,2.5,1.0,1.0,1.0,1.0,1.5,1.5,1.0,1.2,1.0,1.0,1.0,0.0,1.0,1.0,0.0,1.0,1.0,1.0,1.0,7.0,,2024-25
Quenton Jackson,26.0,IND,PG,14.0,7.0,17.1,2.7,5.2,0.521,0.6,1.6,0.391,2.1,3.6,0.58,0.582,0.9,1.2,0.706,0.7,1.2,1.9,2.0,0.6,0.4,0.8,2.0,6.9,,2024-25
Kevin Love,36.0,MIA,PF,10.0,4.0,12.5,2.4,6.4,0.375,1.5,3.8,0.395,0.9,2.6,0.346,0.492,0.6,0.9,0.667,1.2,4.2,5.4,1.4,1.3,0.2,0.7,1.0,6.9,,2024-25
Cason Wallace,21.0,OKC,SG,22.0,11.0,26.2,2.9,6.7,0.426,0.9,3.0,0.299,2.0,3.7,0.531,0.493,0.3,0.3,0.857,1.2,2.0,3.3,2.1,1.7,0.7,0.4,2.1,6.9,,2024-25
Malaki Branham,21.0,SAS,SG,17.0,0.0,12.7,2.4,5.2,0.461,0.9,2.2,0.421,1.5,3.0,0.49,0.551,1.0,1.2,0.85,0.2,1.5,1.7,1.2,0.4,0.1,1.2,0.6,6.8,,2024-25
Keon Ellis,25.0,SAC,SG,21.0,4.0,20.7,2.2,4.6,0.479,1.4,3.2,0.441,0.8,1.3,0.571,0.635,1.0,1.2,0.8,0.8,1.2,2.0,0.9,1.0,0.9,0.9,2.0,6.8,,2024-25
Davion Mitchell,26.0,TOR,PG,23.0,13.0,27.7,2.6,6.8,0.382,0.9,3.3,0.26,1.7,3.5,0.5,0.446,0.7,1.1,0.654,0.5,1.7,2.3,5.2,0.9,0.2,2.0,2.9,6.8,,2024-25
Brandon Clarke,28.0,MEM,PF,22.0,13.0,18.0,3.0,5.1,0.593,0.0,0.7,0.063,3.0,4.4,0.68,0.597,0.5,0.9,0.632,1.5,3.1,4.6,0.8,0.7,0.4,0.4,1.9,6.7,,2024-25
Luke Kennard,28.0,MEM,SG,14.0,0.0,19.7,2.2,5.1,0.431,1.5,3.7,0.404,0.7,1.4,0.5,0.576,0.8,1.0,0.786,0.5,1.9,2.4,2.9,0.6,0.1,0.7,0.6,6.7,,2024-25
Elfrid Payton,30.0,NOP,PG,7.0,3.0,20.6,3.3,6.6,0.5,0.0,0.1,0.0,3.3,6.4,0.511,0.5,0.1,0.3,0.5,0.7,2.7,3.4,6.9,1.4,0.4,2.9,1.4,6.7,,2024-25
Kris Dunn,30.0,LAC,PG,24.0,13.0,22.6,2.7,6.0,0.441,1.0,2.9,0.329,1.7,3.1,0.547,0.521,0.2,0.4,0.5,0.8,3.1,3.9,2.6,1.5,0.3,1.1,2.6,6.5,,2024-25
Javonte Green,31.0,NOP,SG,23.0,12.0,24.0,2.2,5.3,0.421,0.7,2.3,0.315,1.5,2.9,0.507,0.492,1.3,1.7,0.769,1.0,2.3,3.4,0.9,1.2,0.7,0.6,1.3,6.5,,2024-25
Jaden Hardy,22.0,DAL,SG,22.0,2.0,14.5,2.4,6.0,0.391,0.8,2.7,0.305,1.5,3.4,0.459,0.459,1.0,1.1,0.88,0.2,1.2,1.4,1.2,0.6,0.0,1.4,1.4,6.5,,2024-25
Jonathan Isaac,27.0,ORL,PF,21.0,0.0,16.9,2.4,5.4,0.442,0.8,2.8,0.293,1.6,2.6,0.6,0.518,0.9,1.3,0.679,1.8,3.0,4.7,0.2,0.9,1.4,0.4,1.5,6.5,,2024-25
Simone Fontecchio,29.0,DET,SF,22.0,0.0,18.0,2.1,5.3,0.397,1.2,3.5,0.333,0.9,1.7,0.526,0.509,1.0,1.3,0.786,0.5,2.5,3.1,0.8,0.3,0.2,0.7,1.4,6.4,,2024-25
Jaxson Hayes,24.0,LAL,C,11.0,1.0,17.5,2.4,3.3,0.722,0.0,0.0,,2.4,3.3,0.722,0.722,1.6,2.1,0.783,1.9,2.6,4.5,0.8,0.4,0.8,0.7,2.5,6.4,,2024-25
Terance Mann,28.0,LAC,SG,23.0,11.0,21.0,2.4,5.6,0.438,0.7,2.0,0.34,1.7,3.5,0.494,0.5,0.7,1.0,0.667,1.0,2.0,3.1,1.7,1.0,0.2,0.6,2.0,6.3,,2024-25
Vasilije Micić,31.0,CHO,PG,11.0,4.0,19.5,2.4,7.1,0.333,1.0,3.0,0.333,1.4,4.1,0.333,0.404,0.5,0.8,0.667,0.7,2.0,2.7,3.1,0.5,0.0,1.7,1.3,6.3,,2024-25
Neemias Queta,25.0,BOS,C,18.0,5.0,18.2,2.7,4.2,0.64,0.0,0.1,0.0,2.7,4.1,0.658,0.64,0.9,1.2,0.773,1.9,3.3,5.3,0.8,0.2,1.0,0.7,2.1,6.3,,2024-25
Marcus Sasser,24.0,DET,PG,16.0,0.0,13.2,2.6,4.8,0.539,0.8,2.0,0.406,1.8,2.8,0.636,0.625,0.4,0.4,1.0,0.4,0.7,1.1,1.5,0.8,0.1,0.8,0.8,6.3,,2024-25
Isaiah Stewart,23.0,DET,C,24.0,2.0,21.8,2.4,4.4,0.552,0.2,0.8,0.25,2.2,3.5,0.624,0.576,1.2,1.4,0.879,2.4,3.8,6.2,1.9,0.5,1.4,1.2,3.0,6.3,,2024-25
Zach Collins,27.0,SAS,C,22.0,3.0,14.9,2.2,4.6,0.475,0.5,1.6,0.343,1.6,3.0,0.545,0.535,1.3,1.4,0.903,1.1,2.3,3.4,1.9,0.5,0.5,1.0,2.2,6.2,,2024-25
Bones Hyland,24.0,LAC,PG,9.0,0.0,8.4,1.8,5.1,0.348,1.4,3.4,0.419,0.3,1.7,0.2,0.489,1.1,1.3,0.833,0.2,0.9,1.1,0.7,0.7,0.2,1.1,1.0,6.1,,2024-25
Jamison Battle,23.0,TOR,SF,22.0,0.0,14.0,2.1,4.4,0.474,1.4,3.3,0.425,0.7,1.1,0.625,0.634,0.4,0.5,0.818,0.6,1.5,2.1,1.0,0.1,0.2,0.4,1.2,6.0,,2024-25
Ryan Dunn,22.0,PHO,SF,19.0,9.0,17.8,2.4,5.8,0.409,1.2,3.7,0.31,1.2,2.1,0.59,0.509,0.1,0.4,0.25,0.6,2.1,2.7,0.8,0.5,0.5,0.5,2.5,6.0,,2024-25
Pelle Larsson,23.0,MIA,SG,15.0,0.0,16.3,2.3,4.2,0.54,0.7,1.9,0.379,1.5,2.3,0.676,0.627,0.7,1.3,0.55,0.7,1.3,2.0,1.5,0.6,0.0,0.5,2.1,6.0,,2024-25
Dariq Whitehead,20.0,BRK,SF,3.0,0.0,8.7,2.0,3.7,0.545,2.0,3.3,0.6,0.0,0.3,0.0,0.818,0.0,0.0,,0.0,1.0,1.0,0.3,0.7,0.3,1.0,0.3,6.0,,2024-25
Isaac Okoro,24.0,CLE,SG,21.0,14.0,20.9,2.1,4.5,0.479,1.2,2.6,0.463,1.0,1.9,0.5,0.612,0.5,0.8,0.647,0.9,1.4,2.3,1.8,0.7,0.4,0.3,2.0,6.0,,2024-25
Ausar Thompson,22.0,DET,SF,5.0,1.0,15.2,2.4,5.8,0.414,0.6,1.8,0.333,1.8,4.0,0.45,0.466,0.6,1.4,0.429,1.2,1.8,3.0,2.8,0.4,0.6,1.6,2.2,6.0,,2024-25
James Wiseman,23.0,IND,C,1.0,0.0,5.0,2.0,4.0,0.5,0.0,1.0,0.0,2.0,3.0,0.667,0.5,2.0,2.0,1.0,0.0,1.0,1.0,0.0,0.0,0.0,0.0,0.0,6.0,,2024-25
Johnny Juzang,23.0,UTA,SG,17.0,0.0,16.3,2.0,5.3,0.378,1.3,3.8,0.338,0.7,1.5,0.48,0.5,0.6,0.8,0.846,0.6,1.6,2.2,1.2,0.4,0.2,0.5,1.9,5.9,,2024-25
KJ Martin,24.0,PHI,PF,17.0,3.0,18.2,2.2,3.7,0.587,0.2,0.7,0.333,1.9,3.0,0.647,0.619,1.3,1.5,0.846,0.8,1.9,2.6,0.9,0.4,0.8,0.4,2.4,5.9,,2024-25
Shake Milton,28.0,BRK,SG,19.0,0.0,16.4,2.2,4.7,0.472,0.9,2.2,0.415,1.3,2.5,0.521,0.567,0.6,0.9,0.706,0.5,1.1,1.5,2.2,0.4,0.1,0.6,1.1,5.9,,2024-25
Lindy Waters III,27.0,GSW,SG,17.0,8.0,17.1,2.2,5.3,0.411,1.3,3.6,0.355,0.9,1.6,0.536,0.533,0.2,0.3,0.8,0.5,2.0,2.5,1.3,0.5,0.3,0.2,1.6,5.9,,2024-25
Cam Whitmore,20.0,HOU,SF,8.0,0.0,9.9,2.3,6.0,0.375,0.1,2.6,0.048,2.1,3.4,0.63,0.385,1.3,2.0,0.625,0.5,0.9,1.4,0.5,0.1,0.1,0.4,1.1,5.9,,2024-25
Donovan Clingan,20.0,POR,C,17.0,6.0,17.0,2.4,4.5,0.526,0.2,0.5,0.333,2.2,3.9,0.552,0.546,0.9,1.3,0.727,3.2,3.5,6.7,0.3,0.5,2.2,1.0,2.9,5.8,,2024-25
David Roddy,23.0,ATL,PF,13.0,1.0,15.4,2.1,3.6,0.574,0.8,1.8,0.435,1.3,1.8,0.708,0.681,0.8,1.0,0.846,0.3,2.7,3.0,1.5,0.5,0.2,1.0,0.8,5.8,,2024-25
Ben Sheppard,23.0,IND,SG,13.0,5.0,20.9,2.2,5.1,0.424,1.5,3.6,0.404,0.7,1.5,0.474,0.568,0.0,0.0,,0.4,1.8,2.2,1.3,0.4,0.3,0.4,2.5,5.8,,2024-25
Max Christie,21.0,LAL,SG,21.0,1.0,18.3,1.8,4.3,0.418,0.5,2.0,0.268,1.3,2.4,0.54,0.478,1.5,1.8,0.865,0.7,1.4,2.1,1.2,0.7,0.4,0.6,1.1,5.7,,2024-25
Keon Johnson,22.0,BRK,SG,21.0,2.0,16.8,2.1,5.9,0.355,1.1,3.7,0.295,1.0,2.2,0.457,0.448,0.4,0.5,0.727,0.6,2.4,3.0,1.1,0.5,0.3,0.9,2.0,5.7,,2024-25
Kyle Lowry,38.0,PHI,PG,14.0,10.0,23.4,1.7,4.6,0.375,1.2,3.5,0.347,0.5,1.1,0.467,0.508,1.1,1.4,0.789,0.4,1.9,2.3,3.1,1.1,0.4,0.8,1.9,5.7,,2024-25
Kenrich Williams,30.0,OKC,PF,12.0,0.0,13.1,2.2,4.1,0.531,0.8,2.3,0.37,1.3,1.8,0.727,0.633,0.5,0.5,1.0,0.9,2.3,3.2,0.9,0.5,0.3,0.2,1.6,5.7,,2024-25
Ron Holland,19.0,DET,SF,24.0,1.0,15.8,2.2,5.2,0.416,0.4,2.1,0.18,1.8,3.1,0.573,0.452,0.9,1.2,0.786,0.6,2.5,3.0,0.7,0.5,0.2,1.0,1.6,5.6,,2024-25
Ajay Mitchell,22.0,OKC,SG,22.0,0.0,16.1,2.3,4.7,0.481,0.6,1.4,0.433,1.7,3.4,0.5,0.543,0.5,0.6,0.769,0.4,1.0,1.5,1.6,0.9,0.0,0.8,1.8,5.6,,2024-25
Ja'Kobe Walter,20.0,TOR,SG,9.0,4.0,17.7,2.2,6.9,0.323,0.6,3.2,0.172,1.7,3.7,0.455,0.363,0.6,0.9,0.625,1.1,2.8,3.9,1.3,0.4,0.2,0.9,2.0,5.6,,2024-25
Jonathan Mogbo,23.0,TOR,PF,23.0,1.0,15.9,2.0,4.0,0.495,0.2,0.7,0.313,1.8,3.3,0.532,0.522,1.3,1.8,0.714,2.2,2.0,4.2,1.7,0.9,0.4,0.9,1.9,5.5,,2024-25
Day'Ron Sharpe,23.0,BRK,C,2.0,0.0,16.5,1.5,4.0,0.375,0.5,1.0,0.5,1.0,3.0,0.333,0.438,2.0,2.0,1.0,1.5,2.5,4.0,1.5,1.0,0.5,0.5,1.5,5.5,,2024-25
Ben Simmons,28.0,BRK,PG,17.0,13.0,24.0,2.6,4.4,0.608,0.0,0.0,,2.6,4.4,0.608,0.608,0.2,0.5,0.5,1.1,4.8,5.8,6.7,0.9,0.6,2.5,2.7,5.5,,2024-25
Kobe Bufkin,21.0,ATL,SG,9.0,0.0,13.3,1.8,4.9,0.364,0.4,2.0,0.222,1.3,2.9,0.462,0.409,1.4,2.0,0.722,0.6,1.6,2.1,1.9,0.3,0.2,0.8,0.9,5.4,,2024-25
Kevon Looney,28.0,GSW,C,19.0,2.0,16.1,2.3,4.4,0.512,0.0,0.0,,2.3,4.4,0.512,0.512,0.9,1.9,0.459,3.7,4.3,8.0,1.7,0.9,0.3,0.8,2.7,5.4,,2024-25
Trey Lyles,29.0,SAC,PF,18.0,2.0,19.6,1.8,5.1,0.363,1.2,3.7,0.333,0.6,1.4,0.44,0.484,0.6,0.8,0.714,0.8,3.1,3.9,0.9,0.6,0.6,0.6,1.4,5.4,,2024-25
Alec Burks,33.0,MIA,SG,12.0,0.0,15.1,1.8,3.8,0.457,1.3,2.7,0.469,0.5,1.2,0.429,0.62,0.5,0.7,0.75,0.3,1.6,1.9,1.3,0.5,0.3,0.2,0.4,5.3,,2024-25
Antonio Reeves,24.0,NOP,SG,12.0,0.0,10.8,2.1,5.1,0.41,0.7,2.5,0.267,1.4,2.6,0.548,0.475,0.5,0.6,0.857,0.3,1.0,1.3,0.4,0.3,0.0,0.3,0.5,5.3,,2024-25
Vince Williams Jr.,24.0,MEM,SG,3.0,0.0,15.0,2.3,6.3,0.368,0.3,2.7,0.125,2.0,3.7,0.545,0.395,0.3,1.3,0.25,1.3,2.3,3.7,3.0,0.0,0.7,2.3,3.0,5.3,,2024-25
Kyle Anderson,31.0,GSW,PF,20.0,0.0,15.2,2.1,5.0,0.41,0.5,1.7,0.265,1.6,3.3,0.485,0.455,0.7,1.0,0.65,0.6,2.7,3.2,2.6,0.9,0.5,0.6,1.1,5.2,,2024-25
Matas Buzelis,20.0,CHI,SF,22.0,0.0,12.0,1.8,4.4,0.417,0.9,2.3,0.38,1.0,2.1,0.457,0.516,0.7,1.0,0.762,0.5,2.0,2.5,0.3,0.4,0.6,0.7,1.5,5.2,,2024-25
Alex Caruso,30.0,OKC,SG,14.0,0.0,19.6,2.1,5.7,0.363,0.7,3.0,0.238,1.4,2.7,0.5,0.425,0.4,0.5,0.714,0.6,2.4,3.0,2.1,1.9,0.7,0.7,2.5,5.2,,2024-25
Torrey Craig,34.0,CHI,SF,6.0,1.0,11.2,1.8,3.7,0.5,1.2,3.0,0.389,0.7,0.7,1.0,0.659,0.3,0.3,1.0,0.5,1.7,2.2,0.5,0.2,0.2,0.0,1.7,5.2,,2024-25
Jarace Walker,21.0,IND,PF,23.0,1.0,17.9,1.7,4.3,0.4,0.9,2.3,0.37,0.9,2.0,0.435,0.5,0.8,1.3,0.613,0.5,3.0,3.5,1.5,1.3,0.3,1.4,1.7,5.2,,2024-25
Jamal Cain,25.0,NOP,SF,13.0,0.0,14.7,1.8,3.8,0.48,0.7,1.9,0.36,1.2,1.9,0.6,0.57,0.7,1.1,0.643,0.8,1.9,2.8,0.7,0.5,0.5,0.5,1.4,5.1,,2024-25
Monte Morris,29.0,PHO,PG,16.0,0.0,11.3,1.8,3.8,0.475,0.8,1.8,0.414,1.1,2.0,0.531,0.574,0.8,0.9,0.857,0.2,1.1,1.3,1.6,0.4,0.2,0.3,0.4,5.1,,2024-25
Dean Wade,28.0,CLE,PF,15.0,7.0,21.5,1.7,4.7,0.366,1.3,4.0,0.317,0.5,0.7,0.636,0.5,0.3,1.0,0.333,0.5,3.9,4.4,1.5,0.9,0.3,0.3,1.5,5.1,,2024-25
Cam Christie,19.0,LAC,SG,1.0,0.0,18.0,2.0,7.0,0.286,1.0,4.0,0.25,1.0,3.0,0.333,0.357,0.0,0.0,,1.0,2.0,3.0,0.0,2.0,0.0,1.0,0.0,5.0,,2024-25
Micah Potter,26.0,UTA,C,3.0,1.0,20.0,1.7,4.0,0.417,1.7,3.3,0.5,0.0,0.7,0.0,0.625,0.0,0.0,,3.0,4.0,7.0,1.0,0.3,0.3,1.3,1.3,5.0,,2024-25
Tidjane Salaün,19.0,CHO,PF,20.0,8.0,18.8,1.7,5.1,0.327,1.0,3.4,0.294,0.7,1.7,0.394,0.426,0.7,1.0,0.737,0.9,3.2,4.1,1.0,0.6,0.2,0.8,1.4,5.0,,2024-25
Alondes Williams,25.0,DET,SG,1.0,0.0,4.0,2.0,2.0,1.0,1.0,1.0,1.0,1.0,1.0,1.0,1.25,0.0,0.0,,0.0,0.0,0.0,1.0,0.0,0.0,0.0,0.0,5.0,,2024-25
Mark Williams,23.0,CHO,C,2.0,0.0,9.5,2.0,5.0,0.4,0.0,0.0,,2.0,5.0,0.4,0.4,1.0,1.0,1.0,1.5,2.5,4.0,0.5,0.5,0.5,0.5,0.5,5.0,,2024-25
Mo Bamba,26.0,LAC,C,10.0,0.0,13.6,1.9,4.3,0.442,0.5,2.0,0.25,1.4,2.3,0.609,0.5,0.6,0.9,0.667,0.7,3.2,3.9,0.8,0.7,1.2,0.7,2.2,4.9,,2024-25
Pat Connaughton,32.0,MIL,SG,15.0,0.0,17.0,1.7,4.7,0.371,0.9,2.9,0.295,0.9,1.7,0.5,0.464,0.6,0.8,0.75,0.5,2.5,3.0,1.7,0.2,0.3,0.7,1.3,4.9,,2024-25
Seth Curry,34.0,CHO,SG,21.0,4.0,12.8,1.8,3.8,0.475,0.9,2.0,0.452,0.9,1.8,0.5,0.594,0.3,0.4,0.778,0.4,1.0,1.4,0.4,0.4,0.2,0.3,1.0,4.9,,2024-25
Isaac Jones,24.0,SAC,PF,13.0,0.0,9.9,2.2,3.2,0.683,0.1,0.2,0.333,2.1,2.9,0.711,0.695,0.5,1.2,0.467,0.6,1.2,1.8,0.2,0.1,0.5,0.6,1.5,4.9,,2024-25
Paul Reed,25.0,DET,C,11.0,0.0,10.0,1.7,3.0,0.576,0.4,0.8,0.444,1.4,2.2,0.625,0.636,1.1,1.4,0.8,0.6,1.5,2.1,0.5,0.7,0.5,0.8,1.7,4.9,,2024-25
Cole Anthony,24.0,ORL,PG,21.0,0.0,9.9,1.6,4.0,0.388,0.6,1.8,0.316,1.0,2.2,0.447,0.459,1.1,1.5,0.719,0.3,1.8,2.1,1.7,0.4,0.0,1.1,1.4,4.8,,2024-25
Eric Gordon,36.0,PHI,SG,16.0,1.0,16.5,1.6,4.8,0.325,0.6,2.6,0.238,0.9,2.2,0.429,0.39,1.1,1.4,0.773,0.2,0.8,0.9,1.3,0.6,0.3,0.8,0.8,4.8,,2024-25
Sandro Mamukelashvili,25.0,SAS,PF,16.0,0.0,8.9,1.7,2.9,0.574,0.9,2.0,0.469,0.8,0.9,0.8,0.734,0.5,0.6,0.889,0.5,2.2,2.7,0.3,0.2,0.3,0.6,0.6,4.8,,2024-25
KJ Simpson,22.0,CHO,PG,6.0,0.0,15.2,1.7,5.3,0.313,0.5,2.8,0.176,1.2,2.5,0.467,0.359,1.0,1.3,0.75,1.3,1.0,2.3,2.7,0.7,0.2,1.3,1.5,4.8,,2024-25
Jared Butler,24.0,WAS,SG,15.0,0.0,9.1,1.8,4.1,0.435,0.1,0.8,0.167,1.7,3.3,0.5,0.452,1.0,1.4,0.714,0.1,0.4,0.5,2.3,0.4,0.1,0.5,1.0,4.7,,2024-25
Taylor Hendricks,21.0,UTA,PF,3.0,3.0,25.0,1.3,6.0,0.222,1.0,4.0,0.25,0.3,2.0,0.167,0.306,1.0,1.3,0.75,1.7,3.3,5.0,0.7,1.7,1.3,0.7,2.7,4.7,,2024-25
Wendell Moore Jr.,23.0,DET,SG,11.0,0.0,14.9,1.7,3.2,0.543,0.3,0.8,0.333,1.5,2.4,0.615,0.586,1.0,1.1,0.917,0.8,2.5,3.3,1.1,0.6,0.3,0.7,1.1,4.7,,2024-25
Gary Payton II,32.0,GSW,SG,21.0,2.0,12.5,2.1,3.7,0.577,0.2,1.0,0.182,2.0,2.7,0.732,0.603,0.2,0.4,0.625,1.0,1.4,2.3,1.1,0.7,0.3,0.4,1.4,4.7,,2024-25
Keaton Wallace,25.0,ATL,PG,12.0,1.0,16.2,1.8,4.6,0.4,0.7,2.2,0.308,1.2,2.4,0.483,0.473,0.3,0.3,1.0,0.2,1.3,1.5,1.8,0.8,0.5,1.0,1.1,4.7,,2024-25
Oso Ighodaro,22.0,PHO,PF,16.0,2.0,17.3,2.0,3.1,0.64,0.0,0.0,,2.0,3.1,0.64,0.64,0.6,0.8,0.769,1.0,2.9,3.9,0.9,0.4,0.4,0.7,2.0,4.6,,2024-25
Julian Phillips,21.0,CHI,SF,22.0,2.0,15.0,1.6,4.0,0.409,0.8,2.5,0.315,0.9,1.5,0.559,0.506,0.6,1.0,0.619,0.8,1.4,2.2,0.5,0.7,0.3,0.4,1.4,4.6,,2024-25
Mason Plumlee,34.0,PHO,C,20.0,5.0,17.4,1.8,3.2,0.571,0.0,0.0,,1.8,3.2,0.571,0.571,1.0,1.9,0.526,1.5,4.4,5.9,1.7,0.4,0.7,0.9,1.9,4.6,,2024-25
Lonzo Ball,27.0,CHI,PG,6.0,0.0,16.2,1.7,4.3,0.385,1.2,3.7,0.318,0.5,0.7,0.75,0.519,0.0,0.0,,0.2,2.3,2.5,3.5,1.2,0.5,0.8,0.8,4.5,,2024-25
Luke Kornet,29.0,BOS,C,17.0,3.0,17.5,1.8,2.8,0.638,0.0,0.0,,1.8,2.8,0.638,0.638,1.0,1.1,0.895,1.8,2.5,4.4,1.6,0.6,1.2,0.4,1.4,4.5,,2024-25
Jamal Shead,22.0,TOR,PG,23.0,0.0,14.1,1.8,4.7,0.38,0.6,1.9,0.295,1.2,2.8,0.438,0.44,0.4,0.5,0.75,0.1,0.8,0.9,2.8,0.4,0.1,1.3,1.8,4.5,,2024-25
Dalen Terry,22.0,CHI,SG,23.0,0.0,13.8,1.6,3.1,0.5,0.4,1.1,0.36,1.2,2.0,0.574,0.563,1.0,1.2,0.786,0.7,0.7,1.4,1.0,0.6,0.3,0.9,1.5,4.5,,2024-25
Ricky Council IV,23.0,PHI,SF,17.0,0.0,11.8,1.5,3.6,0.41,0.4,1.6,0.259,1.1,2.0,0.529,0.467,1.1,1.2,0.857,0.3,1.2,1.5,0.8,0.2,0.2,0.2,0.7,4.4,,2024-25
Thomas Bryant,27.0,MIA,C,9.0,0.0,12.0,1.3,3.1,0.429,0.7,1.9,0.353,0.7,1.2,0.545,0.536,1.0,1.0,1.0,0.7,2.8,3.4,0.4,0.1,0.8,0.2,0.9,4.3,,2024-25
Reggie Jackson,34.0,PHI,PG,10.0,0.0,11.9,1.6,3.9,0.41,1.1,2.5,0.44,0.5,1.4,0.357,0.551,0.0,0.0,,0.1,0.8,0.9,2.1,0.6,0.3,0.7,0.8,4.3,,2024-25
Kris Murray,24.0,POR,SF,19.0,0.0,12.9,1.7,3.7,0.457,0.5,1.7,0.313,1.2,2.0,0.579,0.529,0.4,1.0,0.368,1.1,1.3,2.3,0.6,0.5,0.2,0.6,1.0,4.3,,2024-25
Svi Mykhailiuk,27.0,UTA,SF,4.0,1.0,12.3,1.3,3.8,0.333,1.0,3.3,0.308,0.3,0.5,0.5,0.467,0.8,1.0,0.75,0.0,0.3,0.3,1.0,1.0,0.3,1.8,1.3,4.3,,2024-25
Blake Wesley,21.0,SAS,SG,18.0,0.0,11.6,1.6,3.7,0.439,0.2,1.1,0.2,1.4,2.6,0.543,0.47,0.7,1.1,0.684,0.3,0.6,0.8,1.5,0.4,0.1,1.1,0.6,4.2,,2024-25
Marvin Bagley III,25.0,WAS,C,14.0,1.0,6.7,1.7,3.2,0.533,0.1,0.6,0.25,1.6,2.6,0.595,0.556,0.6,0.8,0.727,1.1,1.4,2.5,0.2,0.3,0.1,0.6,0.3,4.1,,2024-25
Drew Eubanks,27.0,UTA,C,18.0,0.0,13.6,1.7,3.0,0.556,0.1,0.2,0.333,1.6,2.8,0.569,0.565,0.7,1.2,0.571,1.2,2.7,3.9,1.2,0.2,0.6,0.9,1.2,4.1,,2024-25
Gary Harris,30.0,ORL,SG,17.0,2.0,16.6,1.4,3.5,0.4,1.0,2.7,0.37,0.4,0.8,0.5,0.542,0.2,0.4,0.667,0.5,0.8,1.4,0.4,0.5,0.3,0.4,0.8,4.1,,2024-25
Tre Jones,25.0,SAS,PG,8.0,0.0,17.5,1.3,3.8,0.333,0.4,1.5,0.25,0.9,2.3,0.389,0.383,1.3,1.8,0.714,0.6,1.8,2.4,3.3,0.6,0.3,0.6,1.5,4.1,,2024-25
Jae Crowder,34.0,SAC,SF,5.0,2.0,16.8,1.2,3.4,0.353,0.6,2.4,0.25,0.6,1.0,0.6,0.441,1.0,1.2,0.833,1.0,2.0,3.0,0.8,0.6,0.0,0.6,1.8,4.0,,2024-25
Luka Garza,26.0,MIN,C,6.0,0.0,5.2,1.7,3.0,0.556,0.2,0.8,0.2,1.5,2.2,0.692,0.583,0.5,1.0,0.5,0.5,0.8,1.3,0.0,0.2,0.0,0.3,0.5,4.0,,2024-25
Richaun Holmes,31.0,WAS,PF,3.0,0.0,6.7,1.7,3.3,0.5,0.0,0.3,0.0,1.7,3.0,0.556,0.5,0.7,0.7,1.0,0.7,1.0,1.7,0.0,0.0,0.7,0.7,0.3,4.0,,2024-25
Josh Richardson,31.0,MIA,SG,8.0,0.0,18.8,1.4,4.8,0.289,0.8,2.8,0.273,0.6,2.0,0.313,0.368,0.5,0.5,1.0,0.8,0.8,1.5,1.5,1.0,0.1,1.0,2.1,4.0,,2024-25
Reed Sheppard,20.0,HOU,PG,23.0,0.0,11.8,1.5,4.1,0.368,0.7,2.3,0.321,0.8,1.8,0.429,0.458,0.2,0.2,1.0,0.3,0.8,1.1,1.3,0.5,0.3,0.6,1.0,4.0,,2024-25
Aaron Holiday,28.0,HOU,PG,13.0,0.0,8.8,1.3,2.7,0.486,0.9,2.0,0.462,0.4,0.7,0.556,0.657,0.4,0.5,0.714,0.0,1.0,1.0,1.2,0.1,0.1,0.2,0.4,3.9,,2024-25
Jock Landale,29.0,HOU,C,14.0,0.0,11.1,1.5,3.4,0.447,0.2,0.4,0.5,1.3,2.9,0.439,0.479,0.7,1.4,0.526,1.4,1.9,3.3,1.0,0.2,0.4,0.5,1.0,3.9,,2024-25
Rob Dillingham,20.0,MIN,PG,11.0,0.0,8.4,1.6,3.3,0.5,0.5,1.1,0.5,1.1,2.2,0.5,0.583,0.0,0.0,,0.1,0.7,0.8,1.5,0.0,0.0,1.1,0.4,3.8,,2024-25
Jett Howard,21.0,ORL,SF,22.0,0.0,10.2,1.4,3.7,0.366,1.0,3.0,0.323,0.4,0.8,0.529,0.494,0.1,0.1,1.0,0.5,0.8,1.3,0.4,0.1,0.3,0.3,0.9,3.8,,2024-25
Damion Lee,32.0,PHO,SG,4.0,0.0,9.3,1.0,3.5,0.286,0.3,2.3,0.111,0.8,1.3,0.6,0.321,1.5,1.5,1.0,0.0,1.3,1.3,1.3,0.5,0.0,0.8,0.3,3.8,,2024-25
Nicolas Batum,36.0,LAC,PF,24.0,0.0,17.6,1.3,3.3,0.38,1.0,2.6,0.371,0.3,0.7,0.412,0.525,0.3,0.3,0.75,0.8,1.9,2.7,1.5,0.3,0.5,0.4,1.3,3.7,,2024-25
Bruno Fernando,26.0,TOR,C,15.0,1.0,9.4,1.7,3.1,0.532,0.0,0.0,,1.7,3.1,0.532,0.532,0.4,0.5,0.75,1.4,1.9,3.3,1.2,0.2,0.6,0.9,1.7,3.7,,2024-25
Patty Mills,36.0,UTA,PG,9.0,0.0,15.3,1.2,3.4,0.355,0.8,2.7,0.292,0.4,0.8,0.571,0.468,0.3,0.3,1.0,0.1,0.8,0.9,1.4,0.7,0.2,0.9,0.9,3.6,,2024-25
Rayan Rupert,20.0,POR,SG,19.0,0.0,10.8,1.4,3.2,0.433,0.5,1.4,0.333,0.9,1.7,0.515,0.508,0.4,0.6,0.667,0.8,0.8,1.6,0.4,0.4,0.1,0.6,0.8,3.6,,2024-25
Dru Smith,27.0,MIA,SG,7.0,0.0,12.1,1.4,3.0,0.476,0.7,1.1,0.625,0.7,1.9,0.385,0.595,0.0,0.0,,0.9,2.0,2.9,1.4,0.9,0.6,0.9,1.0,3.6,,2024-25
Bol Bol,25.0,PHO,PF,6.0,0.0,5.3,1.3,2.2,0.615,0.2,0.8,0.2,1.2,1.3,0.875,0.654,0.7,1.0,0.667,0.7,0.8,1.5,0.2,0.0,0.0,0.5,0.2,3.5,,2024-25
Ousmane Dieng,21.0,OKC,PF,16.0,0.0,11.6,1.3,3.7,0.339,0.6,2.3,0.25,0.7,1.4,0.478,0.415,0.4,0.7,0.636,0.6,2.1,2.6,0.8,0.7,0.3,0.3,1.1,3.5,,2024-25
Andre Jackson Jr.,23.0,MIL,SG,20.0,12.0,18.3,1.4,3.5,0.386,0.6,1.8,0.343,0.8,1.8,0.429,0.471,0.2,0.4,0.5,0.8,2.5,3.2,1.4,0.7,0.3,1.5,2.5,3.5,,2024-25
Cam Reddish,25.0,LAL,SF,15.0,8.0,19.5,1.2,2.5,0.486,0.6,1.3,0.45,0.6,1.1,0.529,0.608,0.5,0.8,0.667,0.4,1.9,2.3,0.6,1.0,0.3,0.5,1.7,3.5,,2024-25
Daniel Theis,32.0,NOP,C,17.0,7.0,14.3,1.4,3.3,0.429,0.2,1.1,0.222,1.2,2.2,0.526,0.464,0.5,0.6,0.8,0.7,2.7,3.4,1.2,0.3,0.6,0.6,1.5,3.5,,2024-25
Gabe Vincent,28.0,LAL,PG,22.0,1.0,18.0,1.4,4.0,0.341,0.6,2.5,0.236,0.8,1.5,0.515,0.415,0.2,0.4,0.5,0.3,0.8,1.1,0.7,0.7,0.0,0.4,1.6,3.5,,2024-25
Johnny Furphy,20.0,IND,SG,13.0,0.0,10.1,1.2,3.0,0.385,0.7,1.8,0.391,0.5,1.2,0.375,0.5,0.4,0.4,1.0,0.7,0.8,1.5,0.4,0.3,0.3,0.6,0.7,3.4,,2024-25
Dario Šarić,30.0,DEN,C,10.0,3.0,13.6,1.2,4.0,0.3,0.5,1.9,0.263,0.7,2.1,0.333,0.363,0.5,0.6,0.833,0.9,2.6,3.5,1.1,0.6,0.0,1.1,1.4,3.4,,2024-25
Nick Smith Jr.,20.0,CHO,SG,11.0,0.0,9.0,1.3,3.5,0.368,0.7,1.9,0.381,0.5,1.5,0.353,0.474,0.0,0.0,,0.1,0.7,0.8,0.8,0.2,0.0,0.2,0.3,3.3,,2024-25
Tristan Thompson,33.0,CLE,PF,8.0,0.0,7.3,1.6,2.4,0.684,0.0,0.1,0.0,1.6,2.3,0.722,0.684,0.0,0.8,0.0,0.4,1.8,2.1,0.5,0.0,0.3,0.5,0.8,3.3,,2024-25
Moses Brown,25.0,IND,C,9.0,0.0,5.1,1.4,2.2,0.65,0.0,0.0,,1.4,2.2,0.65,0.65,0.3,0.6,0.6,0.4,1.0,1.4,0.0,0.2,0.1,0.7,0.7,3.2,,2024-25
Charles Bassey,24.0,SAS,C,13.0,0.0,8.8,1.3,2.3,0.567,0.0,0.0,,1.3,2.3,0.567,0.567,0.5,0.8,0.545,1.0,2.0,3.0,0.6,0.5,0.9,0.5,1.2,3.1,,2024-25
Isaiah Collier,20.0,UTA,PG,14.0,1.0,17.1,1.2,3.8,0.321,0.2,1.6,0.136,1.0,2.2,0.452,0.349,0.5,1.1,0.438,0.1,1.5,1.6,3.1,0.9,0.1,2.4,1.7,3.1,,2024-25
Moussa Diabaté,23.0,CHO,C,22.0,4.0,20.0,1.5,2.6,0.552,0.0,0.0,,1.5,2.6,0.552,0.552,0.2,0.7,0.333,3.6,4.2,7.8,0.7,0.7,1.0,1.0,1.8,3.1,,2024-25
Jabari Walker,22.0,POR,SF,17.0,0.0,10.2,1.2,3.2,0.389,0.1,0.9,0.133,1.1,2.3,0.487,0.407,0.5,0.5,0.889,1.1,2.0,3.1,0.6,0.3,0.1,0.6,1.1,3.1,,2024-25
Cody Williams,20.0,UTA,SG,16.0,7.0,18.7,1.1,4.2,0.269,0.4,2.3,0.189,0.7,1.9,0.367,0.321,0.4,0.6,0.6,0.5,1.8,2.3,1.2,0.4,0.3,0.7,1.3,3.1,,2024-25
Justin Champagnie,23.0,WAS,SF,3.0,0.0,11.3,1.3,3.0,0.444,0.3,1.3,0.25,1.0,1.7,0.6,0.5,0.0,0.0,,1.0,1.3,2.3,1.3,0.0,0.0,0.3,1.7,3.0,,2024-25
David Duke Jr.,25.0,SAS,SG,1.0,0.0,8.0,1.0,4.0,0.25,0.0,1.0,0.0,1.0,3.0,0.333,0.25,1.0,2.0,0.5,0.0,0.0,0.0,2.0,0.0,0.0,0.0,1.0,3.0,,2024-25
Collin Gillespie,25.0,PHO,PG,1.0,0.0,3.0,1.0,2.0,0.5,1.0,1.0,1.0,0.0,1.0,0.0,0.75,0.0,0.0,,0.0,0.0,0.0,0.0,0.0,0.0,0.0,0.0,3.0,,2024-25
Taze Moore,26.0,POR,SG,2.0,0.0,10.0,1.0,5.0,0.2,0.5,2.0,0.25,0.5,3.0,0.167,0.25,0.5,1.0,0.5,2.0,2.0,4.0,0.5,1.0,0.0,1.0,0.0,3.0,,2024-25
Oscar Tshiebwe,25.0,UTA,PF,1.0,0.0,16.0,0.0,0.0,,0.0,0.0,,0.0,0.0,,,3.0,4.0,0.75,3.0,6.0,9.0,0.0,2.0,0.0,1.0,3.0,3.0,,2024-25
Kobe Brown,25.0,LAC,PF,7.0,0.0,6.7,1.3,2.9,0.45,0.1,0.9,0.167,1.1,2.0,0.571,0.475,0.1,0.3,0.5,0.7,1.6,2.3,0.6,0.1,0.0,0.0,0.7,2.9,,2024-25
Tyler Kolek,23.0,NYK,PG,15.0,0.0,7.1,1.0,2.4,0.417,0.6,1.4,0.429,0.4,1.0,0.4,0.542,0.3,0.3,1.0,0.1,0.7,0.8,0.7,0.3,0.1,0.5,0.6,2.9,,2024-25
Vit Krejci,24.0,ATL,PG,9.0,0.0,10.9,1.0,2.4,0.409,0.4,1.2,0.364,0.6,1.2,0.455,0.5,0.4,0.8,0.571,0.3,0.8,1.1,1.1,0.4,0.2,0.6,1.7,2.9,,2024-25
Taj Gibson,39.0,CHO,C,11.0,7.0,11.4,1.3,2.6,0.483,0.1,0.2,0.5,1.2,2.5,0.481,0.5,0.2,0.3,0.667,1.7,1.9,3.6,0.4,0.4,0.3,0.8,1.5,2.8,,2024-25
Craig Porter Jr.,24.0,CLE,PG,16.0,0.0,9.4,1.1,1.9,0.581,0.3,0.7,0.455,0.8,1.3,0.65,0.661,0.2,0.3,0.6,0.1,0.8,0.9,1.4,0.3,0.4,0.6,0.4,2.8,,2024-25
Ryan Rollins,22.0,MIL,PG,11.0,1.0,6.5,0.9,2.3,0.4,0.5,1.1,0.5,0.4,1.2,0.308,0.52,0.5,0.5,0.833,0.3,0.7,1.0,0.8,0.6,0.4,0.6,0.9,2.8,,2024-25
Josh Minott,22.0,MIN,SF,9.0,0.0,8.0,1.1,1.9,0.588,0.1,0.9,0.125,1.0,1.0,1.0,0.618,0.3,0.6,0.6,0.1,1.4,1.6,0.6,0.2,0.3,0.4,1.2,2.7,,2024-25
TyTy Washington Jr.,23.0,PHO,PG,3.0,0.0,9.0,1.0,2.0,0.5,0.7,1.0,0.667,0.3,1.0,0.333,0.667,0.0,0.0,,0.0,0.3,0.3,1.3,0.7,0.0,0.3,0.0,2.7,,2024-25
Delon Wright,32.0,MIL,PG,18.0,2.0,15.9,0.9,2.9,0.321,0.5,1.8,0.281,0.4,1.2,0.381,0.406,0.3,0.6,0.5,0.6,1.2,1.8,1.6,0.7,0.3,0.4,0.6,2.7,,2024-25
Trey Jemison,25.0,NOP,C,13.0,0.0,11.2,1.1,2.2,0.5,0.0,0.0,,1.1,2.2,0.5,0.5,0.5,1.0,0.462,1.2,1.6,2.8,0.6,0.5,0.5,0.8,1.8,2.6,,2024-25
DeAndre Jordan,36.0,DEN,C,8.0,0.0,9.8,1.3,2.3,0.556,0.0,0.0,,1.3,2.3,0.556,0.556,0.1,0.5,0.25,1.3,2.0,3.3,0.5,0.3,0.3,0.9,1.4,2.6,,2024-25
Doug McDermott,33.0,SAC,SF,17.0,2.0,8.4,0.9,2.8,0.319,0.7,2.3,0.308,0.2,0.5,0.375,0.447,0.2,0.3,0.6,0.1,0.8,0.8,0.2,0.1,0.1,0.1,0.9,2.6,,2024-25
Steven Adams,31.0,HOU,C,12.0,0.0,11.2,0.9,1.7,0.55,0.0,0.0,,0.9,1.7,0.55,0.55,0.7,1.5,0.444,1.5,1.7,3.2,1.2,0.3,0.2,1.3,1.3,2.5,,2024-25
Johnny Davis,22.0,WAS,SG,15.0,0.0,7.3,1.1,2.2,0.485,0.2,0.5,0.375,0.9,1.7,0.52,0.53,0.2,0.3,0.6,0.3,1.0,1.3,0.3,0.3,0.1,0.1,0.7,2.5,,2024-25
Anthony Gill,32.0,WAS,PF,15.0,0.0,6.5,0.9,1.4,0.619,0.3,0.5,0.5,0.6,0.9,0.692,0.714,0.5,0.9,0.5,0.2,0.7,0.9,0.3,0.3,0.1,0.1,0.2,2.5,,2024-25
Dillon Jones,23.0,OKC,SF,20.0,0.0,8.8,1.0,2.7,0.352,0.4,1.6,0.219,0.6,1.1,0.545,0.417,0.3,0.4,0.625,0.8,1.3,2.1,0.8,0.2,0.1,0.4,1.0,2.5,,2024-25
E.J. Liddell,24.0,CHI,PF,6.0,0.0,5.2,0.8,1.3,0.625,0.5,1.0,0.5,0.3,0.3,1.0,0.813,0.3,0.3,1.0,0.2,0.7,0.8,0.5,0.2,0.2,0.3,1.3,2.5,,2024-25
Drew Peterson,25.0,BOS,PF,6.0,0.0,10.3,0.7,2.0,0.333,0.7,1.8,0.364,0.0,0.2,0.0,0.5,0.5,0.7,0.75,0.5,1.7,2.2,0.3,0.3,0.3,0.3,0.8,2.5,,2024-25
Jaylon Tyson,22.0,CLE,SG,12.0,1.0,8.5,1.0,2.2,0.462,0.3,0.8,0.3,0.8,1.3,0.563,0.519,0.3,0.5,0.5,0.8,1.2,2.0,0.9,0.3,0.0,0.5,1.4,2.5,,2024-25
Chris Duarte,27.0,CHI,SG,12.0,0.0,4.2,0.8,1.5,0.5,0.4,1.0,0.417,0.3,0.5,0.667,0.639,0.5,0.7,0.75,0.3,0.8,1.2,0.3,0.0,0.0,0.1,0.4,2.4,,2024-25
Jeff Green,38.0,HOU,PF,7.0,0.0,5.7,1.0,1.9,0.538,0.4,1.1,0.375,0.6,0.7,0.8,0.654,0.0,0.0,,0.0,0.6,0.6,0.1,0.3,0.0,0.3,0.3,2.4,,2024-25
Hunter Tyson,24.0,DEN,PF,12.0,0.0,9.2,0.8,1.9,0.435,0.3,1.1,0.231,0.6,0.8,0.7,0.5,0.5,0.6,0.857,0.3,1.3,1.7,0.5,0.2,0.3,0.4,1.2,2.4,,2024-25
Kel'el Ware,20.0,MIA,C,10.0,0.0,6.9,1.0,2.5,0.4,0.2,0.7,0.286,0.8,1.8,0.444,0.44,0.2,0.2,1.0,0.2,1.4,1.6,0.1,0.3,0.5,0.4,0.6,2.4,,2024-25
Patrick Baldwin Jr.,22.0,WAS,SF,11.0,0.0,5.1,0.8,1.7,0.474,0.5,1.0,0.455,0.4,0.7,0.5,0.605,0.2,0.4,0.5,0.3,0.8,1.1,0.1,0.2,0.2,0.2,0.4,2.3,,2024-25
Vlatko Čančar,27.0,DEN,PF,4.0,0.0,8.5,1.0,1.8,0.571,0.3,0.5,0.5,0.8,1.3,0.6,0.643,0.0,0.0,,0.8,1.3,2.0,0.0,0.0,0.3,0.5,1.0,2.3,,2024-25
John Konchar,28.0,MEM,SG,11.0,0.0,12.0,0.7,1.6,0.444,0.5,1.5,0.375,0.2,0.2,1.0,0.611,0.3,0.4,0.75,0.7,1.9,2.6,0.8,0.5,0.5,0.5,0.8,2.3,,2024-25
Lester Quiñones,24.0,PHI,SG,4.0,0.0,4.3,1.0,2.0,0.5,0.0,0.8,0.0,1.0,1.3,0.8,0.5,0.3,0.3,1.0,0.8,0.3,1.0,0.3,0.0,0.0,1.0,0.0,2.3,,2024-25
Orlando Robinson,24.0,SAC,C,3.0,0.0,7.3,0.7,0.7,1.0,0.3,0.3,1.0,0.3,0.3,1.0,1.25,0.7,1.3,0.5,0.7,1.3,2.0,0.3,0.3,0.0,1.0,1.3,2.3,,2024-25
Jeenathan Williams,25.0,HOU,SG,3.0,0.0,3.3,1.0,1.3,0.75,0.3,0.7,0.5,0.7,0.7,1.0,0.875,0.0,0.0,,0.0,1.0,1.0,0.0,0.3,0.0,0.0,0.0,2.3,,2024-25
Kai Jones,24.0,LAC,C,15.0,0.0,8.5,0.9,1.2,0.722,0.0,0.0,,0.9,1.2,0.722,0.722,0.5,0.7,0.7,0.7,1.3,2.0,0.3,0.2,0.6,0.4,0.9,2.2,,2024-25
Christian Koloko,24.0,LAL,C,13.0,0.0,9.4,1.0,1.5,0.684,0.0,0.2,0.0,1.0,1.3,0.765,0.684,0.2,0.2,1.0,0.8,1.2,1.9,0.2,0.3,0.3,0.4,1.1,2.2,,2024-25
Jordan McLaughlin,28.0,SAC,PG,18.0,0.0,8.1,0.7,1.8,0.364,0.3,1.1,0.316,0.3,0.8,0.429,0.455,0.6,0.8,0.714,0.2,0.8,0.9,0.9,0.4,0.0,0.4,0.6,2.2,,2024-25
Precious Achiuwa,25.0,NYK,PF,1.0,0.0,12.0,1.0,4.0,0.25,0.0,1.0,0.0,1.0,3.0,0.333,0.25,0.0,2.0,0.0,2.0,2.0,4.0,1.0,0.0,0.0,2.0,2.0,2.0,,2024-25
Ulrich Chomche,19.0,TOR,PF,1.0,0.0,5.0,1.0,1.0,1.0,0.0,0.0,,1.0,1.0,1.0,1.0,0.0,0.0,,0.0,1.0,1.0,0.0,0.0,0.0,0.0,0.0,2.0,,2024-25
Jeff Dowtin,27.0,PHI,PG,8.0,0.0,10.0,0.8,2.4,0.316,0.1,1.0,0.125,0.6,1.4,0.455,0.342,0.4,0.5,0.75,0.3,0.8,1.0,1.1,0.4,0.0,0.1,0.6,2.0,,2024-25
Justin Edwards,21.0,PHI,SF,2.0,0.0,4.5,1.0,1.5,0.667,0.0,0.5,0.0,1.0,1.0,1.0,0.667,0.0,0.5,0.0,0.0,1.0,1.0,0.5,0.0,0.0,0.0,0.0,2.0,,2024-25
Jalen Hood-Schifino,21.0,LAL,SG,2.0,0.0,7.0,0.5,0.5,1.0,0.0,0.0,,0.5,0.5,1.0,1.0,1.0,1.0,1.0,0.5,0.0,0.5,0.5,0.0,0.5,0.5,1.5,2.0,,2024-25
Alex Reese,25.0,OKC,PF,1.0,0.0,2.0,1.0,1.0,1.0,0.0,0.0,,1.0,1.0,1.0,1.0,0.0,0.0,,1.0,0.0,1.0,0.0,0.0,0.0,0.0,0.0,2.0,,2024-25
Adama Sanogo,22.0,CHI,C,3.0,0.0,4.7,1.0,1.7,0.6,0.0,0.0,,1.0,1.7,0.6,0.6,0.0,0.0,,0.7,0.0,0.7,0.3,0.0,0.0,0.3,0.3,2.0,,2024-25
Tyler Smith,20.0,MIL,PF,10.0,0.0,3.4,0.8,1.3,0.615,0.3,0.8,0.375,0.5,0.5,1.0,0.731,0.1,0.2,0.5,0.1,0.7,0.8,0.1,0.0,0.3,0.3,0.4,2.0,,2024-25
Jae'Sean Tate,29.0,HOU,SF,9.0,0.0,4.6,0.8,1.3,0.583,0.0,0.1,0.0,0.8,1.2,0.636,0.583,0.4,0.8,0.571,0.3,1.7,2.0,0.4,0.4,0.0,0.7,0.9,2.0,,2024-25
Dwight Powell,33.0,DAL,C,17.0,0.0,8.8,0.5,0.6,0.8,0.0,0.0,,0.5,0.6,0.8,0.8,1.0,1.4,0.708,0.6,1.3,1.9,0.8,0.4,0.5,0.3,1.5,1.9,,2024-25
Jericho Sims,26.0,NYK,C,22.0,1.0,13.2,0.9,1.2,0.704,0.0,0.0,,0.9,1.2,0.704,0.704,0.2,0.3,0.571,1.4,2.5,4.0,0.6,0.3,0.4,0.5,1.5,1.9,,2024-25
Pacome Dadiet,19.0,NYK,SG,11.0,0.0,7.0,0.5,1.6,0.333,0.5,1.1,0.417,0.1,0.5,0.167,0.472,0.2,0.2,1.0,0.0,1.2,1.2,0.5,0.1,0.2,0.1,0.5,1.7,,2024-25
Maxi Kleber,33.0,DAL,PF,14.0,2.0,17.0,0.6,1.9,0.346,0.1,0.6,0.222,0.5,1.2,0.412,0.385,0.3,0.4,0.667,0.4,2.6,3.0,0.6,0.1,0.5,0.7,2.1,1.7,,2024-25
Markieff Morris,35.0,DAL,PF,3.0,0.0,6.0,0.7,3.0,0.222,0.3,1.0,0.333,0.3,2.0,0.167,0.278,0.0,0.0,,0.0,1.7,1.7,0.7,0.0,0.3,0.7,0.0,1.7,,2024-25
Pat Spencer,28.0,GSW,PG,6.0,0.0,5.7,0.7,1.8,0.364,0.0,0.0,,0.7,1.8,0.364,0.364,0.3,0.3,1.0,0.7,0.5,1.2,1.3,0.3,0.0,0.3,0.7,1.7,,2024-25
Armel Traoré,22.0,LAL,SF,6.0,0.0,8.3,0.7,2.2,0.308,0.0,0.8,0.0,0.7,1.3,0.5,0.308,0.3,1.2,0.286,0.2,1.8,2.0,0.0,0.7,0.3,0.3,1.0,1.7,,2024-25
MarJon Beauchamp,24.0,MIL,SF,11.0,0.0,3.2,0.5,1.5,0.375,0.2,0.7,0.25,0.4,0.7,0.5,0.438,0.4,0.4,1.0,0.2,0.6,0.8,0.1,0.1,0.0,0.6,0.3,1.6,,2024-25
Jevon Carter,29.0,CHI,PG,11.0,0.0,4.8,0.6,2.1,0.304,0.4,1.5,0.25,0.3,0.6,0.429,0.391,0.0,0.0,,0.1,0.6,0.7,0.5,0.3,0.0,0.4,0.1,1.6,,2024-25
Jazian Gortman,21.0,DAL,PG,5.0,0.0,2.6,0.6,1.0,0.6,0.4,0.6,0.667,0.2,0.4,0.5,0.8,0.0,0.0,,0.2,0.0,0.2,0.0,0.0,0.2,0.2,0.4,1.6,,2024-25
Duop Reath,28.0,POR,C,12.0,0.0,4.8,0.6,1.8,0.333,0.4,1.3,0.313,0.2,0.4,0.4,0.452,0.0,0.0,,0.4,0.3,0.7,0.2,0.0,0.2,0.1,0.6,1.6,,2024-25
Luke Travers,23.0,CLE,SG,5.0,0.0,8.0,0.6,1.4,0.429,0.0,0.6,0.0,0.6,0.8,0.75,0.429,0.4,0.4,1.0,0.2,1.0,1.2,1.0,0.2,0.2,0.4,0.6,1.6,,2024-25
Adem Bona,21.0,PHI,C,14.0,0.0,6.4,0.6,0.9,0.615,0.0,0.0,,0.6,0.9,0.615,0.615,0.4,0.4,0.833,0.6,1.1,1.7,0.0,0.0,0.4,0.4,1.1,1.5,,2024-25
Alex Len,31.0,SAC,C,16.0,2.0,7.3,0.7,1.3,0.55,0.0,0.3,0.0,0.7,1.0,0.688,0.55,0.1,0.3,0.5,0.4,1.6,2.0,0.7,0.2,0.7,0.4,0.9,1.5,,2024-25
Jaylen Martin,21.0,BRK,SF,2.0,0.0,1.5,0.5,0.5,1.0,0.5,0.5,1.0,0.0,0.0,,1.5,0.0,0.0,,0.0,0.0,0.0,0.0,0.0,0.0,0.0,0.5,1.5,,2024-25
Olivier-Maxence Prosper,22.0,DAL,PF,13.0,0.0,5.7,0.6,1.8,0.348,0.0,0.4,0.0,0.6,1.4,0.444,0.348,0.2,0.4,0.6,0.6,0.8,1.4,0.1,0.2,0.1,0.1,0.5,1.5,,2024-25
Trevelin Queen,27.0,ORL,SG,2.0,0.0,2.5,0.5,1.5,0.333,0.5,0.5,1.0,0.0,1.0,0.0,0.5,0.0,0.0,,0.0,0.0,0.0,0.0,0.0,0.0,0.5,0.5,1.5,,2024-25
Terrence Shannon Jr.,24.0,MIN,SG,6.0,0.0,4.7,0.7,1.3,0.5,0.2,0.5,0.333,0.5,0.8,0.6,0.563,0.0,0.0,,0.0,0.2,0.2,0.7,0.3,0.2,0.5,0.0,1.5,,2024-25
Adam Flagler,25.0,OKC,SG,11.0,0.0,3.6,0.5,1.8,0.25,0.5,1.7,0.263,0.0,0.1,0.0,0.375,0.0,0.0,,0.2,0.4,0.5,0.0,0.2,0.0,0.0,0.4,1.4,,2024-25
Enrique Freeman,24.0,IND,PF,14.0,1.0,7.6,0.5,1.2,0.412,0.1,0.4,0.2,0.4,0.9,0.5,0.441,0.4,0.6,0.556,0.2,0.6,0.8,0.4,0.1,0.1,0.3,1.1,1.4,,2024-25
AJ Johnson,20.0,MIL,SG,5.0,0.0,2.2,0.6,1.2,0.5,0.2,0.2,1.0,0.4,1.0,0.4,0.583,0.0,0.0,,0.0,0.4,0.4,0.2,0.0,0.0,0.4,0.0,1.4,,2024-25
Matt Ryan,27.0,NYK,SF,8.0,0.0,5.1,0.5,2.0,0.25,0.4,1.5,0.25,0.1,0.5,0.25,0.344,0.0,0.0,,0.0,0.1,0.1,0.0,0.0,0.0,0.4,0.0,1.4,,2024-25
James Johnson,37.0,IND,PF,3.0,0.0,3.3,0.7,1.3,0.5,0.0,0.3,0.0,0.7,1.0,0.667,0.5,0.0,0.0,,0.0,0.7,0.7,0.7,0.0,0.3,1.0,0.0,1.3,,2024-25
Jack McVeigh,28.0,HOU,PF,6.0,0.0,3.5,0.5,1.8,0.273,0.3,1.3,0.25,0.2,0.5,0.333,0.364,0.0,0.0,,0.2,0.5,0.7,0.2,0.0,0.2,0.2,0.2,1.3,,2024-25
Jordan Walsh,20.0,BOS,PF,16.0,1.0,8.8,0.5,1.6,0.308,0.3,1.3,0.25,0.2,0.4,0.5,0.404,0.0,0.1,0.0,0.3,0.8,1.1,0.2,0.3,0.4,0.3,0.7,1.3,,2024-25
PJ Dozier,28.0,MIN,SG,6.0,0.0,4.7,0.3,0.5,0.667,0.3,0.5,0.667,0.0,0.0,,1.0,0.2,1.0,0.167,0.2,0.7,0.8,0.8,0.2,0.0,0.2,0.5,1.2,,2024-25
Ariel Hukporti,22.0,NYK,C,10.0,0.0,8.2,0.5,1.0,0.5,0.0,0.0,,0.5,1.0,0.5,0.5,0.2,0.4,0.5,0.3,1.5,1.8,0.4,0.0,0.8,0.8,1.4,1.2,,2024-25
Cory Joseph,33.0,ORL,PG,13.0,0.0,3.5,0.4,1.2,0.333,0.4,0.9,0.417,0.0,0.2,0.0,0.5,0.0,0.0,,0.2,0.5,0.7,0.7,0.2,0.2,0.2,0.2,1.2,,2024-25
Zeke Nnaji,24.0,DEN,PF,14.0,0.0,5.1,0.6,1.4,0.4,0.0,0.6,0.0,0.6,0.9,0.667,0.4,0.1,0.3,0.25,0.1,0.4,0.5,0.2,0.1,0.1,0.1,0.4,1.2,,2024-25
Xavier Tillman Sr.,26.0,BOS,C,15.0,1.0,9.4,0.5,1.8,0.259,0.2,1.0,0.2,0.3,0.8,0.333,0.315,0.1,0.1,0.5,0.5,1.7,2.1,0.4,0.3,0.2,0.3,0.8,1.2,,2024-25
Brandon Williams,25.0,DAL,PG,5.0,0.0,4.2,0.4,1.8,0.222,0.0,0.4,0.0,0.4,1.4,0.286,0.222,0.4,0.6,0.667,0.2,0.6,0.8,0.4,0.0,0.0,0.4,0.4,1.2,,2024-25
Reece Beekman,23.0,GSW,PG,2.0,0.0,2.0,0.5,0.5,1.0,0.0,0.0,,0.5,0.5,1.0,1.0,0.0,0.0,,0.5,0.0,0.5,0.5,0.5,0.0,0.0,0.5,1.0,,2024-25
Branden Carlson,25.0,OKC,C,4.0,0.0,4.3,0.3,1.8,0.143,0.0,1.3,0.0,0.3,0.5,0.5,0.143,0.5,0.5,1.0,0.8,1.3,2.0,0.5,0.3,0.3,0.0,0.3,1.0,,2024-25
Mouhamed Gueye,22.0,ATL,PF,2.0,0.0,5.5,0.5,2.0,0.25,0.0,1.0,0.0,0.5,1.0,0.5,0.25,0.0,0.0,,0.0,1.0,1.0,0.0,0.0,0.0,0.5,0.0,1.0,,2024-25
Keshad Johnson,23.0,MIA,SF,2.0,0.0,6.0,0.5,1.0,0.5,0.0,0.5,0.0,0.5,0.5,1.0,0.5,0.0,0.0,,0.0,1.0,1.0,0.0,0.0,0.0,0.0,0.0,1.0,,2024-25
Jared Rhoden,25.0,CHO,SG,4.0,0.0,3.0,0.5,2.0,0.25,0.0,0.5,0.0,0.5,1.5,0.333,0.25,0.0,0.0,,0.5,0.5,1.0,0.5,0.3,0.0,0.3,0.3,1.0,,2024-25
Liam Robbins,25.0,MIL,C,5.0,0.0,4.0,0.4,0.6,0.667,0.0,0.2,0.0,0.4,0.4,1.0,0.667,0.2,0.8,0.25,0.4,0.2,0.6,0.0,0.0,0.0,0.0,0.6,1.0,,2024-25
Gui Santos,22.0,GSW,PF,6.0,0.0,3.7,0.3,0.8,0.4,0.2,0.5,0.333,0.2,0.3,0.5,0.5,0.2,0.3,0.5,0.2,0.8,1.0,0.3,0.0,0.0,0.3,0.5,1.0,,2024-25
Cam Spencer,24.0,MEM,SG,2.0,0.0,10.5,0.5,1.0,0.5,0.0,0.5,0.0,0.5,0.5,1.0,0.5,0.0,0.0,,0.0,1.0,1.0,1.0,0.0,0.5,0.5,1.0,1.0,,2024-25
Trey Alexander,21.0,DEN,SG,8.0,0.0,5.1,0.3,1.3,0.2,0.1,0.8,0.167,0.1,0.5,0.25,0.25,0.3,0.3,1.0,0.0,0.1,0.1,0.3,0.0,0.1,0.1,0.4,0.9,,2024-25
Caleb Houstan,22.0,ORL,SF,14.0,0.0,4.7,0.3,1.4,0.2,0.2,1.2,0.176,0.1,0.2,0.333,0.275,0.1,0.1,1.0,0.1,0.4,0.5,0.0,0.0,0.1,0.1,0.4,0.9,,2024-25
Colby Jones,22.0,SAC,SG,13.0,0.0,4.2,0.4,1.1,0.357,0.2,0.4,0.4,0.2,0.7,0.333,0.429,0.0,0.0,,0.2,0.5,0.7,0.2,0.2,0.2,0.3,0.4,0.9,,2024-25
Jaden Springer,22.0,BOS,SG,7.0,0.0,3.4,0.3,1.0,0.286,0.0,0.3,0.0,0.3,0.7,0.4,0.286,0.3,0.6,0.5,0.4,0.4,0.9,0.4,0.4,0.0,0.1,0.4,0.9,,2024-25
D.J. Carton,24.0,TOR,SG,4.0,0.0,8.3,0.3,1.8,0.143,0.0,0.8,0.0,0.3,1.0,0.25,0.143,0.3,0.3,1.0,0.0,1.0,1.0,0.8,0.5,0.0,1.0,0.3,0.8,,2024-25
JD Davison,22.0,BOS,PG,4.0,0.0,4.3,0.3,1.0,0.25,0.0,0.5,0.0,0.3,0.5,0.5,0.25,0.3,0.5,0.5,0.0,0.5,0.5,0.3,0.3,0.0,1.0,0.3,0.8,,2024-25
Yuki Kawamura,23.0,MEM,PG,12.0,0.0,2.8,0.3,1.1,0.231,0.1,0.8,0.111,0.2,0.3,0.5,0.269,0.3,0.3,0.75,0.0,0.2,0.2,0.6,0.0,0.0,0.3,0.3,0.8,,2024-25
Karlo Matković,23.0,NOP,PF,5.0,0.0,7.8,0.4,1.0,0.4,0.0,0.0,,0.4,1.0,0.4,0.4,0.0,0.0,,1.2,0.8,2.0,0.0,0.6,0.6,0.8,0.8,0.8,,2024-25
Baylor Scheierman,24.0,BOS,SG,5.0,0.0,6.8,0.2,2.0,0.1,0.0,1.2,0.0,0.2,0.8,0.25,0.1,0.4,0.4,1.0,0.4,1.0,1.4,0.4,0.2,0.0,0.0,0.6,0.8,,2024-25
Colin Castleton,24.0,MEM,C,6.0,0.0,2.3,0.0,0.2,0.0,0.0,0.2,0.0,0.0,0.0,,0.0,0.7,0.7,1.0,0.0,0.8,0.8,0.0,0.0,0.2,0.0,0.3,0.7,,2024-25
Bronny James,20.0,LAL,SG,6.0,0.0,2.7,0.2,1.0,0.167,0.0,0.7,0.0,0.2,0.3,0.5,0.167,0.3,0.3,1.0,0.2,0.0,0.2,0.3,0.2,0.0,0.0,0.3,0.7,,2024-25
Maxwell Lewis,22.0,LAL,SF,6.0,0.0,4.5,0.3,1.0,0.333,0.0,0.0,,0.3,1.0,0.333,0.333,0.0,0.0,,0.3,0.0,0.3,0.3,0.2,0.0,0.2,0.2,0.7,,2024-25
Chris Livingston,21.0,MIL,SF,3.0,0.0,2.0,0.3,0.7,0.5,0.0,0.0,,0.3,0.7,0.5,0.5,0.0,0.0,,0.3,0.3,0.7,0.3,0.3,0.0,0.3,0.0,0.7,,2024-25
Sidy Cissoko,20.0,SAS,SF,9.0,0.0,2.8,0.2,0.7,0.333,0.1,0.2,0.5,0.1,0.4,0.25,0.417,0.0,0.2,0.0,0.2,0.4,0.7,0.6,0.0,0.0,0.1,0.4,0.6,,2024-25
Cui Yongxi,21.0,BRK,SG,5.0,0.0,2.0,0.2,1.4,0.143,0.0,0.6,0.0,0.2,0.8,0.25,0.143,0.2,0.4,0.5,0.0,0.4,0.4,0.0,0.0,0.0,0.0,0.0,0.6,,2024-25
Tristen Newton,23.0,IND,SG,5.0,0.0,1.6,0.2,1.2,0.167,0.0,0.6,0.0,0.2,0.6,0.333,0.167,0.2,0.2,1.0,0.0,0.0,0.0,0.2,0.0,0.0,0.2,0.4,0.6,,2024-25
Garrett Temple,38.0,TOR,SG,8.0,0.0,3.9,0.3,0.8,0.333,0.1,0.3,0.5,0.1,0.5,0.25,0.417,0.0,0.0,,0.1,0.4,0.5,0.6,0.5,0.1,0.1,0.8,0.6,,2024-25
Dominick Barlow,21.0,ATL,SF,2.0,0.0,5.5,0.0,0.5,0.0,0.0,0.0,,0.0,0.5,0.0,0.0,0.5,1.0,0.5,0.0,0.0,0.0,0.0,0.0,0.0,0.0,0.5,0.5,,2024-25
Jalen Bridges,23.0,PHO,SF,2.0,0.0,5.5,0.0,1.0,0.0,0.0,1.0,0.0,0.0,0.0,,0.0,0.5,1.0,0.5,0.0,0.5,0.5,0.0,0.0,0.0,1.0,0.0,0.5,,2024-25
PJ Hall,22.0,DEN,C,4.0,0.0,2.0,0.3,0.8,0.333,0.0,0.5,0.0,0.3,0.3,1.0,0.333,0.0,0.0,,0.0,0.0,0.0,0.0,0.0,0.0,0.0,0.3,0.5,,2024-25
Daishen Nix,22.0,MIN,PG,2.0,0.0,5.5,0.0,0.5,0.0,0.0,0.5,0.0,0.0,0.0,,0.0,0.5,1.0,0.5,0.0,2.0,2.0,1.5,0.0,0.0,1.5,0.5,0.5,,2024-25
Stanley Umude,25.0,MIL,SG,6.0,0.0,2.8,0.2,0.5,0.333,0.2,0.5,0.333,0.0,0.0,,0.5,0.0,0.3,0.0,0.0,0.5,0.5,0.2,0.0,0.2,0.0,0.0,0.5,,2024-25
Malevy Leons,25.0,OKC,SF,6.0,0.0,3.5,0.0,0.3,0.0,0.0,0.2,0.0,0.0,0.2,0.0,0.0,0.3,0.7,0.5,0.2,0.3,0.5,0.2,0.0,0.0,0.2,0.7,0.3,,2024-25
Jacob Toppin,24.0,NYK,SF,7.0,0.0,3.0,0.1,0.4,0.333,0.0,0.3,0.0,0.1,0.1,1.0,0.333,0.0,0.0,,0.0,0.4,0.4,0.3,0.0,0.0,0.1,0.0,0.3,,2024-25
Alex Ducas,24.0,OKC,SG,4.0,0.0,1.8,0.0,0.8,0.0,0.0,0.5,0.0,0.0,0.3,0.0,0.0,0.0,0.0,,0.0,0.0,0.0,0.0,0.0,0.0,0.0,0.0,0.0,,2024-25
Kessler Edwards,24.0,DAL,SF,4.0,0.0,2.3,0.0,0.5,0.0,0.0,0.5,0.0,0.0,0.0,,0.0,0.0,0.0,,0.0,0.0,0.0,0.0,0.0,0.0,0.3,0.5,0.0,,2024-25
Joe Ingles,37.0,MIN,SF,7.0,0.0,3.7,0.0,0.3,0.0,0.0,0.3,0.0,0.0,0.0,,0.0,0.0,0.0,,0.3,0.0,0.3,1.3,0.0,0.0,0.1,0.7,0.0,,2024-25
Harrison Ingram,22.0,SAS,SF,1.0,0.0,7.0,0.0,1.0,0.0,0.0,0.0,,0.0,1.0,0.0,0.0,0.0,0.0,,0.0,1.0,1.0,0.0,0.0,0.0,0.0,1.0,0.0,,2024-25
Daniss Jenkins,23.0,DET,PG,2.0,0.0,2.5,0.0,1.0,0.0,0.0,1.0,0.0,0.0,0.0,,0.0,0.0,0.0,,0.0,0.0,0.0,0.0,0.0,0.0,0.0,0.5,0.0,,2024-25
Mason Jones,26.0,SAC,SG,3.0,0.0,4.3,0.0,0.7,0.0,0.0,0.7,0.0,0.0,0.0,,0.0,0.0,0.0,,0.3,1.0,1.3,2.3,0.0,0.0,0.0,0.3,0.0,,2024-25
Spencer Jones,23.0,DEN,SF,2.0,0.0,2.0,0.0,0.5,0.0,0.0,0.5,0.0,0.0,0.0,,0.0,0.0,0.0,,0.0,0.5,0.5,0.0,1.0,0.0,0.0,0.0,0.0,,2024-25
Mac McClung,26.0,ORL,SG,1.0,0.0,5.0,0.0,0.0,,0.0,0.0,,0.0,0.0,,,0.0,0.0,,0.0,1.0,1.0,2.0,0.0,0.0,0.0,0.0,0.0,,2024-25
Justin Minaya,25.0,POR,SF,1.0,0.0,6.0,0.0,0.0,,0.0,0.0,,0.0,0.0,,,0.0,0.0,,0.0,1.0,1.0,0.0,0.0,0.0,0.0,1.0,0.0,,2024-25
Riley Minix,24.0,SAS,SF,1.0,0.0,7.0,0.0,1.0,0.0,0.0,1.0,0.0,0.0,0.0,,0.0,0.0,0.0,,0.0,2.0,2.0,0.0,0.0,0.0,0.0,0.0,0.0,,2024-25
Jalen Pickett,25.0,DEN,SG,2.0,0.0,2.0,0.0,0.5,0.0,0.0,0.5,0.0,0.0,0.0,,0.0,0.0,0.0,,0.0,0.0,0.0,0.0,0.0,0.0,0.0,0.0,0.0,,2024-25
Cole Swider,25.0,DET,SF,2.0,0.0,6.5,0.0,2.5,0.0,0.0,2.5,0.0,0.0,0.0,,0.0,0.0,0.0,,0.0,1.0,1.0,0.5,0.0,0.0,0.0,0.5,0.0,,2024-25
League Average,,,,,,,,,0.464,,,0.359,,,0.541,0.54,,,0.777,,,,,,,,,,,2024-25
