Player,Team,G,MP,FG,FGA,FG%,3P,3P%,2P,2P%,eFG%,FT,FTA,FT%,ORB,DRB,TRB,AST,STL,BLK,TOV,PTS,Season,TS%,EFF,Nominated,Team_Rank,Made_Playoffs
James Harden,HOU,72.0,35.4,9.0,20.1,0.449,3.7,0.367,5.4,0.531,0.541,8.7,10.1,0.858,0.6,4.8,5.4,8.8,1.8,0.7,4.4,30.4,2017-18,0.62,0.42,1,1,1
Anthony Davis,NOP,75.0,36.4,10.4,19.5,0.534,0.7,0.34,9.7,0.558,0.552,6.6,8.0,0.828,2.5,8.6,11.1,2.3,1.5,2.6,2.2,28.1,2017-18,0.61,0.44,1,9,1
LeBron James,CLE,82.0,36.9,10.5,19.3,0.542,1.8,0.367,8.6,0.603,0.59,4.7,6.5,0.731,1.2,7.5,8.6,9.1,1.4,0.9,4.2,27.5,2017-18,0.62,0.4,1,6,1
Giannis Antetokounmpo,MIL,75.0,36.7,9.9,18.7,0.529,0.6,0.307,9.3,0.554,0.545,6.5,8.5,0.76,2.1,8.0,10.0,4.8,1.5,1.4,3.0,26.9,2017-18,0.6,0.41,1,15,1
Damian Lillard,POR,73.0,36.6,8.5,19.4,0.439,3.1,0.361,5.4,0.501,0.519,6.8,7.4,0.916,0.8,3.6,4.5,6.6,1.1,0.4,2.8,26.9,2017-18,0.59,0.35,0,7,1
Stephen Curry,GSW,51.0,32.0,8.4,16.9,0.495,4.2,0.423,4.2,0.595,0.618,5.5,5.9,0.921,0.7,4.4,5.1,6.1,1.6,0.2,3.0,26.4,2017-18,0.68,0.54,1,3,1
Kevin Durant,GSW,68.0,34.2,9.3,18.0,0.516,2.5,0.419,6.7,0.565,0.586,5.3,5.9,0.889,0.5,6.4,6.8,5.4,0.7,1.8,3.0,26.4,2017-18,0.64,0.42,1,3,1
Russell Westbrook,OKC,80.0,36.4,9.5,21.1,0.449,1.2,0.298,8.3,0.485,0.477,5.2,7.1,0.737,1.9,8.2,10.1,10.3,1.8,0.3,4.8,25.4,2017-18,0.52,0.37,1,11,1
DeMarcus Cousins,NOP,48.0,36.2,8.5,18.0,0.47,2.2,0.354,6.3,0.53,0.53,6.1,8.2,0.746,2.2,10.7,12.9,5.4,1.6,1.6,5.0,25.2,2017-18,0.58,0.63,0,9,1
Devin Booker,PHO,54.0,34.5,8.4,19.5,0.432,2.7,0.383,5.7,0.46,0.501,5.4,6.1,0.878,0.5,4.0,4.5,4.7,0.9,0.3,3.6,24.9,2017-18,0.56,0.37,0,30,0
Kyrie Irving,BOS,60.0,32.2,8.9,18.1,0.491,2.8,0.408,6.1,0.541,0.568,3.9,4.4,0.889,0.6,3.2,3.8,5.1,1.1,0.3,2.3,24.4,2017-18,0.61,0.38,0,4,1
LaMarcus Aldridge,SAS,75.0,33.5,9.2,18.0,0.51,0.4,0.293,8.8,0.526,0.52,4.5,5.3,0.837,3.3,5.2,8.5,2.0,0.6,1.2,1.5,23.1,2017-18,0.57,0.32,0,13,1
Victor Oladipo,IND,75.0,34.0,8.5,17.9,0.477,2.1,0.371,6.4,0.528,0.537,3.9,4.9,0.799,0.6,4.6,5.2,4.3,2.4,0.8,2.9,23.1,2017-18,0.58,0.3,0,8,1
DeMar DeRozan,TOR,80.0,33.9,8.1,17.7,0.456,1.1,0.31,7.0,0.494,0.488,5.8,7.0,0.825,0.7,3.2,3.9,5.2,1.1,0.3,2.2,23.0,2017-18,0.55,0.26,1,2,1
Joel Embiid,PHI,63.0,30.3,8.1,16.8,0.483,1.0,0.308,7.0,0.527,0.514,5.7,7.4,0.769,2.3,8.7,11.0,3.2,0.6,1.8,3.7,22.9,2017-18,0.57,0.4,0,5,1
Kristaps Porziņģis,NYK,48.0,32.4,8.1,18.5,0.439,1.9,0.395,6.3,0.454,0.489,4.5,5.7,0.793,1.3,5.3,6.6,1.2,0.8,2.4,1.9,22.7,2017-18,0.54,0.42,0,22,0
Bradley Beal,WAS,82.0,36.3,8.3,18.1,0.46,2.4,0.375,5.9,0.507,0.527,3.6,4.5,0.791,0.7,3.7,4.4,4.5,1.2,0.4,2.6,22.6,2017-18,0.56,0.24,0,17,1
Lou Williams,LAC,79.0,32.8,7.4,16.9,0.435,2.4,0.359,5.0,0.484,0.505,5.5,6.2,0.88,0.5,2.0,2.5,5.3,1.1,0.2,3.0,22.6,2017-18,0.58,0.23,0,18,0
Jimmy Butler,MIN,59.0,36.7,7.4,15.6,0.474,1.2,0.35,6.2,0.509,0.512,6.2,7.2,0.854,1.3,4.0,5.3,4.9,2.0,0.4,1.8,22.2,2017-18,0.59,0.4,0,12,1
Kemba Walker,CHO,80.0,34.2,7.4,17.0,0.431,2.9,0.384,4.5,0.469,0.516,4.5,5.3,0.864,0.4,2.7,3.1,5.6,1.1,0.3,2.2,22.1,2017-18,0.57,0.25,0,20,0
Paul George,OKC,79.0,36.6,7.3,17.0,0.43,3.1,0.401,4.2,0.454,0.521,4.3,5.2,0.822,0.9,4.7,5.7,3.3,2.0,0.5,2.7,21.9,2017-18,0.57,0.25,0,11,1
Blake Griffin,2TM,58.0,34.0,7.5,17.2,0.438,1.9,0.345,5.6,0.482,0.493,4.5,5.7,0.785,1.3,6.1,7.4,5.8,0.7,0.3,2.8,21.4,2017-18,0.54,0.38,0,-1,0
CJ McCollum,POR,81.0,36.1,8.2,18.6,0.443,2.3,0.397,5.9,0.465,0.506,2.6,3.1,0.836,0.7,3.3,4.0,3.4,1.0,0.4,1.9,21.4,2017-18,0.54,0.21,0,7,1
Karl-Anthony Towns,MIN,82.0,35.6,7.8,14.3,0.545,1.5,0.421,6.3,0.585,0.596,4.2,4.9,0.858,2.9,9.4,12.3,2.4,0.8,1.4,1.9,21.3,2017-18,0.65,0.35,0,12,1
Donovan Mitchell,UTA,79.0,33.4,7.5,17.2,0.437,2.4,0.34,5.2,0.502,0.506,3.0,3.8,0.805,0.7,3.1,3.7,3.7,1.5,0.3,2.7,20.5,2017-18,0.54,0.21,0,10,1
MarShon Brooks,MEM,7.0,27.6,7.3,14.6,0.5,2.7,0.594,4.6,0.457,0.593,2.9,3.3,0.87,1.1,1.9,3.0,3.6,1.6,0.4,2.3,20.1,2017-18,0.63,2.67,0,29,0
Khris Middleton,MIL,82.0,36.4,7.2,15.5,0.466,1.8,0.359,5.5,0.517,0.524,3.9,4.4,0.884,0.5,4.7,5.2,4.0,1.5,0.3,2.3,20.1,2017-18,0.58,0.24,0,15,1
Klay Thompson,GSW,73.0,34.3,7.9,16.2,0.488,3.1,0.44,4.7,0.526,0.585,1.1,1.3,0.837,0.4,3.4,3.8,2.5,0.8,0.5,1.8,20.0,2017-18,0.6,0.24,0,3,1
T.J. Warren,PHO,65.0,33.0,8.1,16.4,0.498,0.3,0.222,7.8,0.523,0.507,3.0,3.9,0.757,1.9,3.2,5.1,1.3,1.0,0.6,1.3,19.6,2017-18,0.54,0.26,0,30,0
Tyreke Evans,MEM,52.0,30.9,7.0,15.6,0.452,2.2,0.399,4.8,0.482,0.523,3.2,4.0,0.785,0.8,4.3,5.1,5.2,1.1,0.3,2.3,19.4,2017-18,0.56,0.37,0,29,0
Dennis Schröder,ATL,67.0,31.0,7.5,17.1,0.436,1.1,0.29,6.3,0.48,0.469,3.4,4.0,0.849,0.7,2.4,3.1,6.2,1.1,0.1,2.7,19.4,2017-18,0.51,0.25,0,27,0
John Wall,WAS,41.0,34.4,6.8,16.3,0.42,1.5,0.371,5.3,0.436,0.466,4.3,5.9,0.726,0.5,3.1,3.7,9.6,1.4,1.1,3.9,19.4,2017-18,0.51,0.49,1,17,1
Jrue Holiday,NOP,81.0,36.1,7.6,15.4,0.494,1.5,0.337,6.1,0.557,0.543,2.3,2.9,0.786,0.8,3.7,4.5,6.0,1.5,0.8,2.6,19.0,2017-18,0.57,0.26,0,9,1
Harrison Barnes,DAL,77.0,34.2,7.0,15.7,0.445,1.5,0.357,5.4,0.478,0.494,3.4,4.1,0.827,1.0,5.1,6.1,2.0,0.6,0.2,1.5,18.9,2017-18,0.54,0.22,0,28,0
Tobias Harris,2TM,80.0,33.4,7.0,15.3,0.46,2.3,0.411,4.7,0.488,0.535,2.2,2.7,0.829,0.7,4.7,5.5,2.4,0.9,0.4,1.3,18.6,2017-18,0.56,0.22,0,-1,0
Chris Paul,HOU,58.0,31.8,6.3,13.8,0.46,2.5,0.38,3.8,0.532,0.55,3.5,3.8,0.919,0.6,4.8,5.4,7.9,1.7,0.2,2.2,18.6,2017-18,0.6,0.41,0,1,1
Nikola Jokić,DEN,75.0,32.6,6.7,13.5,0.499,1.5,0.396,5.2,0.538,0.554,3.5,4.2,0.85,2.6,8.1,10.7,6.1,1.2,0.8,2.8,18.5,2017-18,0.6,0.36,0,14,0
Eric Gordon,HOU,69.0,31.2,6.0,14.1,0.428,3.2,0.359,2.9,0.544,0.54,2.8,3.5,0.809,0.4,2.1,2.5,2.2,0.6,0.4,1.9,18.0,2017-18,0.58,0.19,0,1,1
Jeremy Lin,BRK,1.0,25.0,5.0,12.0,0.417,1.0,0.5,4.0,0.4,0.458,7.0,7.0,1.0,0.0,0.0,0.0,4.0,0.0,0.0,3.0,18.0,2017-18,0.6,12.0,0,23,0
Evan Fournier,ORL,57.0,32.2,6.5,14.1,0.459,2.2,0.379,4.2,0.516,0.538,2.6,3.0,0.867,0.4,2.8,3.2,2.9,0.8,0.3,1.7,17.8,2017-18,0.58,0.27,0,26,0
Eric Bledsoe,2TM,74.0,31.4,6.3,13.4,0.473,1.7,0.347,4.6,0.545,0.536,3.4,4.3,0.795,0.7,3.1,3.8,5.0,2.0,0.6,2.9,17.7,2017-18,0.58,0.25,0,-1,0
Andrew Wiggins,MIN,82.0,36.3,6.9,15.9,0.438,1.4,0.331,5.6,0.475,0.481,2.5,3.8,0.643,1.0,3.4,4.4,2.0,1.1,0.6,1.7,17.7,2017-18,0.5,0.17,0,12,1
Aaron Gordon,ORL,58.0,32.9,6.5,14.9,0.434,2.0,0.336,4.5,0.497,0.5,2.7,3.9,0.698,1.5,6.4,7.9,2.3,1.0,0.8,1.8,17.6,2017-18,0.53,0.31,0,26,0
Kevin Love,CLE,59.0,28.0,5.7,12.4,0.458,2.3,0.415,3.3,0.494,0.552,4.0,4.5,0.88,1.7,7.5,9.3,1.7,0.7,0.4,1.5,17.6,2017-18,0.61,0.36,0,6,1
Tim Hardaway Jr.,NYK,57.0,33.1,6.3,15.0,0.421,2.3,0.317,4.0,0.516,0.496,2.6,3.1,0.816,0.6,3.4,3.9,2.7,1.1,0.2,1.6,17.5,2017-18,0.53,0.26,0,22,0
Gary Harris,DEN,67.0,34.4,6.6,13.6,0.485,2.3,0.396,4.2,0.553,0.57,2.0,2.4,0.827,0.6,2.1,2.6,2.9,1.8,0.2,1.8,17.5,2017-18,0.6,0.24,0,14,0
Goran Dragić,MIA,75.0,31.7,6.5,14.3,0.45,1.5,0.37,5.0,0.481,0.502,2.9,3.6,0.801,0.7,3.4,4.1,4.8,0.8,0.2,2.2,17.3,2017-18,0.54,0.22,0,16,1
Marc Gasol,MEM,73.0,33.0,5.9,14.2,0.42,1.5,0.341,4.5,0.456,0.473,3.8,4.6,0.834,1.1,7.0,8.1,4.2,0.7,1.4,2.7,17.2,2017-18,0.53,0.27,0,29,0
Mike Conley,MEM,12.0,31.1,5.3,14.0,0.381,2.0,0.312,3.3,0.44,0.452,4.4,5.5,0.803,0.0,2.3,2.3,4.1,1.0,0.3,1.5,17.1,2017-18,0.52,1.13,0,29,0
JJ Redick,PHI,70.0,30.2,5.8,12.6,0.46,2.8,0.42,3.0,0.504,0.569,2.8,3.1,0.904,0.1,2.4,2.5,3.0,0.5,0.1,1.5,17.1,2017-18,0.61,0.21,0,5,1
Zach LaVine,CHI,24.0,27.3,5.7,14.8,0.383,1.8,0.341,3.9,0.405,0.442,3.6,4.5,0.813,0.4,3.5,3.9,3.0,1.0,0.2,1.8,16.7,2017-18,0.5,0.54,0,24,0
Jamal Murray,DEN,81.0,31.7,5.9,13.1,0.451,2.0,0.378,3.9,0.502,0.529,2.8,3.1,0.905,1.0,2.7,3.7,3.4,1.0,0.3,2.1,16.7,2017-18,0.58,0.19,0,14,0
Dwight Howard,CHO,81.0,30.4,6.2,11.2,0.555,0.0,0.143,6.2,0.559,0.556,4.1,7.2,0.574,3.1,9.3,12.5,1.3,0.6,1.6,2.6,16.6,2017-18,0.58,0.27,0,20,0
Nikola Vučević,ORL,57.0,29.5,7.0,14.7,0.475,1.1,0.314,5.9,0.527,0.513,1.4,1.6,0.819,1.8,7.4,9.2,3.4,1.0,1.1,1.9,16.5,2017-18,0.54,0.38,0,26,0
Carmelo Anthony,OKC,78.0,32.1,6.1,15.0,0.404,2.2,0.357,3.9,0.437,0.476,1.9,2.5,0.767,0.9,4.9,5.8,1.3,0.6,0.6,1.3,16.2,2017-18,0.5,0.18,0,11,1
Kawhi Leonard,SAS,9.0,23.3,5.8,12.3,0.468,1.2,0.314,4.6,0.539,0.518,3.4,4.2,0.816,0.7,4.0,4.7,2.3,2.0,1.0,1.8,16.2,2017-18,0.57,1.9,1,13,1
Kyle Lowry,TOR,78.0,32.2,5.2,12.1,0.427,3.1,0.399,2.1,0.474,0.553,2.9,3.3,0.854,0.8,4.7,5.6,6.9,1.1,0.2,2.3,16.2,2017-18,0.6,0.26,0,2,1
Brandon Ingram,LAL,59.0,33.5,6.1,12.9,0.47,0.7,0.39,5.4,0.483,0.497,3.3,4.8,0.681,1.0,4.4,5.3,3.9,0.8,0.7,2.5,16.1,2017-18,0.54,0.27,0,21,0
Kyle Kuzma,LAL,77.0,31.2,6.1,13.5,0.45,2.1,0.366,4.0,0.511,0.527,1.9,2.7,0.707,1.1,5.1,6.3,1.8,0.6,0.4,1.8,16.1,2017-18,0.55,0.2,0,21,0
Julius Randle,LAL,82.0,26.7,6.1,11.0,0.558,0.1,0.222,6.0,0.575,0.563,3.7,5.2,0.718,2.2,5.8,8.0,2.6,0.5,0.5,2.6,16.1,2017-18,0.61,0.23,0,21,0
Ben Simmons,PHI,81.0,33.7,6.7,12.3,0.545,0.0,0.0,6.7,0.551,0.545,2.4,4.2,0.56,1.8,6.3,8.1,8.2,1.7,0.9,3.4,15.8,2017-18,0.56,0.3,0,5,1
Will Barton,DEN,81.0,33.1,5.7,12.7,0.452,1.9,0.37,3.8,0.51,0.528,2.2,2.8,0.805,0.9,4.2,5.0,4.1,1.0,0.6,1.8,15.7,2017-18,0.56,0.21,0,14,0
Nikola Mirotić,2TM,55.0,27.2,5.6,12.4,0.447,2.5,0.377,3.1,0.525,0.546,2.0,2.5,0.818,1.1,6.3,7.4,1.5,0.8,0.7,1.1,15.6,2017-18,0.58,0.32,0,-1,0
D'Angelo Russell,BRK,48.0,25.7,5.8,14.0,0.414,1.9,0.324,3.9,0.477,0.481,2.0,2.7,0.74,0.6,3.3,3.9,5.2,0.8,0.4,3.1,15.5,2017-18,0.51,0.29,0,23,0
Danilo Gallinari,LAC,21.0,32.0,4.9,12.2,0.398,1.7,0.324,3.1,0.455,0.469,3.9,4.1,0.931,0.4,4.4,4.8,2.0,0.6,0.5,1.2,15.3,2017-18,0.55,0.69,0,18,0
Isaiah Thomas,2TM,32.0,26.9,4.9,13.2,0.373,1.7,0.293,3.2,0.438,0.438,3.7,4.1,0.893,0.5,1.6,2.1,4.8,0.5,0.1,3.0,15.2,2017-18,0.51,0.34,1,-1,0
Lauri Markkanen,CHI,68.0,29.7,5.5,12.7,0.434,2.1,0.362,3.4,0.497,0.518,2.1,2.4,0.843,1.2,6.3,7.5,1.2,0.6,0.6,1.2,15.2,2017-18,0.55,0.24,0,24,0
Dennis Smith Jr.,DAL,69.0,29.7,5.9,14.8,0.395,1.5,0.313,4.3,0.435,0.446,1.9,2.8,0.694,0.7,3.0,3.8,5.2,1.0,0.3,2.8,15.2,2017-18,0.47,0.19,0,28,0
Austin Rivers,LAC,61.0,33.7,5.6,13.2,0.424,2.2,0.378,3.4,0.461,0.508,1.7,2.6,0.642,0.4,1.9,2.4,4.0,1.2,0.3,1.8,15.1,2017-18,0.53,0.21,0,18,0
Andre Drummond,DET,78.0,33.7,6.0,11.3,0.529,0.0,0.0,6.0,0.536,0.529,3.1,5.1,0.605,5.1,10.9,16.0,3.0,1.5,1.6,2.6,15.0,2017-18,0.55,0.35,0,19,0
Rodney Hood,2TM,60.0,26.9,5.4,12.5,0.429,2.1,0.381,3.3,0.467,0.513,1.9,2.2,0.86,0.4,2.4,2.8,1.6,0.8,0.2,1.2,14.7,2017-18,0.55,0.19,0,-1,0
Otto Porter Jr.,WAS,77.0,31.6,5.8,11.5,0.503,1.8,0.441,4.0,0.537,0.581,1.4,1.7,0.828,1.3,5.1,6.4,2.0,1.5,0.5,1.0,14.7,2017-18,0.6,0.24,0,17,1
Reggie Jackson,DET,45.0,26.7,5.5,12.8,0.426,1.2,0.308,4.3,0.475,0.471,2.5,3.0,0.836,0.6,2.1,2.8,5.3,0.6,0.1,2.2,14.6,2017-18,0.52,0.3,0,19,0
Paul Millsap,DEN,38.0,30.1,5.3,11.4,0.464,1.0,0.345,4.3,0.506,0.509,2.9,4.2,0.696,1.7,4.7,6.4,2.8,1.0,1.2,1.9,14.6,2017-18,0.55,0.44,0,14,0
Dario Šarić,PHI,78.0,29.6,5.2,11.4,0.453,2.0,0.393,3.2,0.501,0.541,2.3,2.7,0.86,2.0,4.7,6.7,2.6,0.7,0.3,1.9,14.6,2017-18,0.58,0.21,0,5,1
Jaylen Brown,BOS,70.0,30.7,5.3,11.5,0.465,1.7,0.395,3.6,0.507,0.54,2.1,3.3,0.644,0.9,4.0,4.9,1.6,1.0,0.4,1.8,14.5,2017-18,0.56,0.19,0,4,1
Zach Randolph,SAC,59.0,25.6,6.1,12.9,0.473,0.9,0.347,5.3,0.503,0.507,1.4,1.8,0.785,1.6,5.1,6.7,2.2,0.7,0.2,2.0,14.5,2017-18,0.53,0.26,0,25,0
Avery Bradley,2TM,46.0,31.2,5.6,13.6,0.414,1.6,0.369,4.0,0.436,0.474,1.4,1.8,0.768,0.5,2.0,2.5,2.0,1.1,0.2,2.2,14.3,2017-18,0.5,0.21,0,-1,0
Bojan Bogdanović,IND,80.0,30.8,5.1,10.7,0.474,1.9,0.402,3.1,0.534,0.565,2.2,2.6,0.868,0.4,3.0,3.4,1.5,0.7,0.1,1.3,14.3,2017-18,0.6,0.16,0,8,1
Jusuf Nurkić,POR,79.0,26.4,6.1,12.0,0.505,0.0,0.0,6.1,0.508,0.505,2.2,3.5,0.63,2.4,6.6,9.0,1.8,0.8,1.4,2.3,14.3,2017-18,0.53,0.23,0,7,1
Dion Waiters,MIA,30.0,30.6,5.4,13.7,0.398,1.7,0.306,3.7,0.463,0.461,1.7,2.3,0.739,0.3,2.3,2.6,3.8,0.8,0.3,2.3,14.3,2017-18,0.49,0.35,0,16,1
Jeff Teague,MIN,70.0,33.0,5.1,11.3,0.446,1.2,0.368,3.9,0.477,0.499,2.9,3.4,0.845,0.3,2.6,3.0,7.0,1.5,0.3,2.5,14.2,2017-18,0.55,0.24,0,12,1
Enes Freedom,NYK,71.0,25.8,5.9,10.0,0.592,0.0,0.0,5.9,0.594,0.592,2.2,2.6,0.848,3.8,7.1,11.0,1.5,0.5,0.5,1.7,14.1,2017-18,0.63,0.3,0,22,0
Taurean Prince,ATL,82.0,30.0,5.1,11.9,0.426,2.1,0.385,2.9,0.461,0.516,1.9,2.2,0.844,0.6,4.1,4.7,2.6,1.0,0.5,2.3,14.1,2017-18,0.55,0.16,0,27,0
Hassan Whiteside,MIA,54.0,25.3,5.8,10.7,0.54,0.0,1.0,5.7,0.538,0.542,2.4,3.4,0.703,3.2,8.2,11.4,1.0,0.7,1.7,1.7,14.0,2017-18,0.57,0.39,0,16,1
Jordan Clarkson,2TM,81.0,23.3,5.3,11.8,0.451,1.4,0.352,3.9,0.5,0.509,1.9,2.3,0.8,0.7,2.0,2.7,2.7,0.7,0.1,1.6,13.9,2017-18,0.54,0.14,0,-1,0
Steven Adams,OKC,76.0,32.7,5.9,9.4,0.629,0.0,0.0,5.9,0.631,0.629,2.1,3.8,0.559,5.1,4.0,9.0,1.2,1.2,1.0,1.7,13.9,2017-18,0.63,0.26,0,11,1
Clint Capela,HOU,74.0,27.5,6.0,9.1,0.652,0.0,0.0,6.0,0.653,0.652,1.9,3.5,0.56,3.3,7.6,10.8,0.9,0.8,1.9,1.4,13.9,2017-18,0.65,0.3,0,1,1
Rondae Hollis-Jefferson,BRK,68.0,28.2,5.0,10.6,0.472,0.2,0.241,4.8,0.491,0.481,3.7,4.6,0.788,1.5,5.3,6.8,2.5,1.0,0.7,1.8,13.9,2017-18,0.55,0.24,0,23,0
Jonathon Simmons,ORL,69.0,29.4,5.1,11.0,0.465,1.0,0.338,4.1,0.512,0.511,2.7,3.5,0.768,0.9,2.6,3.5,2.5,0.8,0.2,2.1,13.9,2017-18,0.55,0.18,0,26,0
Jayson Tatum,BOS,80.0,30.5,5.0,10.4,0.475,1.3,0.434,3.7,0.492,0.538,2.7,3.2,0.826,0.6,4.4,5.0,1.6,1.0,0.7,1.4,13.9,2017-18,0.59,0.19,0,4,1
Marcus Morris,BOS,54.0,26.7,4.9,11.3,0.429,1.6,0.368,3.3,0.467,0.499,2.3,2.9,0.805,0.8,4.6,5.4,1.3,0.6,0.2,1.2,13.6,2017-18,0.54,0.24,0,4,1
DeMarre Carroll,BRK,73.0,29.9,4.5,10.8,0.414,2.0,0.371,2.5,0.457,0.506,2.6,3.4,0.764,1.4,5.1,6.6,2.0,0.8,0.4,1.4,13.5,2017-18,0.55,0.2,0,23,0
Rudy Gobert,UTA,56.0,32.4,4.9,7.9,0.622,0.0,,4.9,0.622,0.622,3.6,5.3,0.682,2.9,7.8,10.7,1.4,0.8,2.3,1.9,13.5,2017-18,0.66,0.39,0,10,1
Buddy Hield,SAC,80.0,25.3,5.2,11.7,0.446,2.2,0.431,3.0,0.457,0.54,0.9,1.0,0.877,0.7,3.2,3.8,1.9,1.1,0.3,1.6,13.5,2017-18,0.56,0.16,0,25,0
Kentavious Caldwell-Pope,LAL,74.0,33.2,4.6,10.8,0.426,2.1,0.383,2.4,0.473,0.526,2.1,2.6,0.789,0.8,4.4,5.2,2.2,1.4,0.2,1.3,13.4,2017-18,0.56,0.19,0,21,0
Kris Dunn,CHI,52.0,29.3,5.5,12.8,0.429,0.8,0.321,4.7,0.457,0.462,1.6,2.2,0.737,0.5,3.8,4.3,6.0,2.0,0.5,2.9,13.4,2017-18,0.49,0.3,0,24,0
Michael Beasley,NYK,74.0,22.3,5.5,10.9,0.507,0.5,0.395,5.1,0.52,0.528,1.7,2.1,0.78,1.3,4.3,5.6,1.7,0.5,0.6,1.9,13.2,2017-18,0.56,0.19,0,22,0
Allen Crabbe,BRK,75.0,29.3,4.5,11.0,0.407,2.7,0.378,1.8,0.461,0.529,1.5,1.8,0.852,0.4,3.9,4.3,1.6,0.6,0.5,1.0,13.2,2017-18,0.56,0.17,0,23,0
Bobby Portis,CHI,73.0,22.5,5.2,11.1,0.471,1.1,0.359,4.1,0.514,0.52,1.6,2.1,0.769,2.2,4.6,6.8,1.7,0.7,0.3,1.4,13.2,2017-18,0.55,0.2,0,24,0
Josh Jackson,PHO,77.0,25.4,5.1,12.1,0.417,0.7,0.263,4.3,0.464,0.448,2.3,3.6,0.634,1.2,3.3,4.6,1.5,1.0,0.5,1.9,13.1,2017-18,0.48,0.14,0,30,0
Ricky Rubio,UTA,77.0,29.3,4.5,10.7,0.418,1.2,0.352,3.2,0.451,0.476,2.9,3.3,0.866,0.6,4.0,4.6,5.3,1.6,0.1,2.7,13.1,2017-18,0.54,0.2,0,10,1
Malcolm Brogdon,MIL,48.0,29.9,5.1,10.5,0.485,1.3,0.385,3.8,0.532,0.547,1.6,1.8,0.882,0.5,2.8,3.3,3.2,0.9,0.3,1.4,13.0,2017-18,0.58,0.29,0,15,1
Brook Lopez,LAL,74.0,23.4,5.0,10.7,0.465,1.5,0.345,3.5,0.549,0.536,1.5,2.1,0.703,1.0,3.0,4.0,1.7,0.4,1.3,1.3,13.0,2017-18,0.56,0.17,0,21,0
Kent Bazemore,ATL,65.0,27.5,4.4,10.4,0.42,1.7,0.394,2.7,0.438,0.5,2.5,3.1,0.796,0.4,3.4,3.8,3.5,1.5,0.7,2.4,12.9,2017-18,0.55,0.21,0,27,0
Al Horford,BOS,72.0,31.6,5.1,10.5,0.489,1.3,0.429,3.8,0.514,0.553,1.3,1.7,0.783,1.4,5.9,7.4,4.7,0.6,1.1,1.8,12.9,2017-18,0.57,0.27,0,4,1
Jeremy Lamb,CHO,80.0,24.6,4.8,10.4,0.457,1.2,0.37,3.6,0.495,0.513,2.2,2.6,0.861,0.6,3.4,4.1,2.3,0.8,0.4,1.2,12.9,2017-18,0.56,0.17,0,20,0
Josh Richardson,MIA,81.0,33.2,4.9,10.9,0.451,1.6,0.378,3.4,0.495,0.523,1.5,1.8,0.845,0.9,2.7,3.5,2.9,1.5,0.9,1.7,12.9,2017-18,0.55,0.17,0,16,1
Trey Burke,NYK,36.0,21.8,5.4,10.7,0.503,1.1,0.362,4.3,0.556,0.552,1.0,1.6,0.649,0.4,1.6,2.0,4.7,0.7,0.1,1.2,12.8,2017-18,0.56,0.37,0,22,0
Willie Cauley-Stein,SAC,73.0,28.0,5.3,10.6,0.502,0.0,0.25,5.3,0.506,0.504,2.1,3.4,0.619,1.8,5.2,7.0,2.4,1.1,0.9,1.5,12.8,2017-18,0.53,0.22,0,25,0
Elfrid Payton,2TM,63.0,28.7,5.2,10.6,0.493,0.5,0.326,4.7,0.52,0.516,1.7,2.7,0.649,1.0,3.3,4.3,6.2,1.3,0.3,2.7,12.7,2017-18,0.54,0.25,0,-1,0
Wesley Matthews,DAL,63.0,33.8,4.5,11.1,0.406,2.4,0.381,2.1,0.441,0.516,1.3,1.6,0.822,0.4,2.7,3.1,2.7,1.2,0.3,1.3,12.7,2017-18,0.54,0.19,0,28,0
Myles Turner,IND,65.0,28.2,4.7,9.8,0.479,0.9,0.357,3.8,0.519,0.523,2.5,3.2,0.777,1.4,5.0,6.4,1.3,0.6,1.8,1.5,12.7,2017-18,0.57,0.24,0,8,1
Jonas Valančiūnas,TOR,77.0,22.4,5.1,8.9,0.568,0.4,0.405,4.7,0.587,0.59,2.2,2.7,0.806,2.4,6.2,8.6,1.1,0.4,0.9,1.5,12.7,2017-18,0.63,0.23,0,2,1
Robert Covington,PHI,80.0,31.7,4.3,10.5,0.413,2.5,0.369,1.8,0.497,0.534,1.5,1.7,0.853,0.7,4.7,5.4,2.0,1.7,0.9,1.6,12.6,2017-18,0.56,0.18,0,5,1
Spencer Dinwiddie,BRK,80.0,28.8,4.1,10.5,0.387,1.8,0.326,2.3,0.452,0.471,2.7,3.4,0.813,0.5,2.7,3.2,6.6,0.9,0.3,1.6,12.6,2017-18,0.53,0.19,0,23,0
Serge Ibaka,TOR,76.0,27.5,5.0,10.3,0.483,1.4,0.36,3.6,0.559,0.552,1.2,1.6,0.797,1.0,5.3,6.3,0.8,0.4,1.3,1.2,12.6,2017-18,0.57,0.19,0,2,1
Jabari Parker,MIL,31.0,24.0,5.2,10.7,0.482,1.0,0.383,4.2,0.514,0.529,1.3,1.7,0.741,1.4,3.5,4.9,1.9,0.8,0.3,1.5,12.6,2017-18,0.55,0.42,0,15,1
E'Twaun Moore,NOP,82.0,31.5,5.2,10.1,0.508,1.6,0.425,3.6,0.556,0.585,0.6,0.8,0.706,0.7,2.2,2.9,2.3,1.0,0.1,1.2,12.5,2017-18,0.6,0.15,0,9,1
Darren Collison,IND,69.0,29.2,4.6,9.2,0.495,1.4,0.468,3.2,0.508,0.571,1.8,2.1,0.882,0.5,2.0,2.6,5.3,1.3,0.2,1.2,12.4,2017-18,0.61,0.23,0,8,1
Derrick Favors,UTA,77.0,28.0,5.1,9.1,0.563,0.2,0.222,4.9,0.596,0.573,1.8,2.8,0.651,2.6,4.6,7.2,1.3,0.7,1.1,1.1,12.3,2017-18,0.6,0.21,0,10,1
Patrick Beverley,LAC,11.0,30.4,4.4,10.8,0.403,2.2,0.4,2.2,0.407,0.504,1.3,1.5,0.824,1.5,2.6,4.1,2.9,1.7,0.5,2.3,12.2,2017-18,0.53,1.14,0,18,0
Taj Gibson,MIN,82.0,33.2,5.2,9.0,0.577,0.1,0.2,5.1,0.595,0.581,1.7,2.3,0.768,2.4,4.8,7.1,1.2,0.8,0.7,1.1,12.2,2017-18,0.61,0.2,0,12,1
Justin Holiday,CHI,72.0,31.5,4.0,10.9,0.371,2.2,0.359,1.8,0.387,0.474,1.9,2.3,0.823,0.4,3.6,4.0,2.1,1.1,0.4,1.3,12.2,2017-18,0.51,0.16,0,24,0
Marco Belinelli,2TM,80.0,24.3,4.2,9.6,0.441,1.9,0.377,2.4,0.509,0.539,1.9,2.0,0.908,0.3,1.6,1.9,1.9,0.8,0.2,1.2,12.1,2017-18,0.58,0.13,0,-1,0
Gerald Green,HOU,41.0,22.7,4.1,10.1,0.407,2.7,0.369,1.4,0.504,0.54,1.2,1.5,0.85,0.4,2.9,3.2,0.6,0.6,0.4,0.8,12.1,2017-18,0.56,0.24,0,1,1
Caris LeVert,BRK,71.0,26.3,4.5,10.4,0.435,1.2,0.347,3.3,0.48,0.493,1.9,2.6,0.711,0.7,2.9,3.7,4.2,1.2,0.3,2.2,12.1,2017-18,0.52,0.18,0,23,0
Andre Ingram,LAL,2.0,32.0,4.0,8.5,0.471,2.5,0.556,1.5,0.375,0.618,1.5,1.5,1.0,0.5,2.5,3.0,3.5,1.5,1.5,1.5,12.0,2017-18,0.66,7.75,0,21,0
DeAndre Jordan,LAC,77.0,31.5,4.8,7.5,0.645,0.0,,4.8,0.645,0.645,2.4,4.1,0.58,4.3,10.9,15.2,1.5,0.5,0.9,1.8,12.0,2017-18,0.64,0.31,0,18,0
Courtney Lee,NYK,76.0,30.4,4.5,9.9,0.454,1.5,0.406,3.0,0.482,0.529,1.5,1.6,0.919,0.4,2.6,2.9,2.4,1.1,0.2,1.1,12.0,2017-18,0.57,0.16,0,22,0
Dirk Nowitzki,DAL,77.0,24.7,4.5,9.8,0.456,1.8,0.409,2.7,0.494,0.547,1.3,1.4,0.898,0.3,5.4,5.7,1.6,0.6,0.6,0.7,12.0,2017-18,0.58,0.19,0,28,0
Bogdan Bogdanović,SAC,78.0,27.9,4.4,9.9,0.446,1.7,0.392,2.8,0.485,0.529,1.3,1.5,0.84,0.4,2.5,2.9,3.3,0.9,0.2,1.6,11.8,2017-18,0.56,0.15,0,25,0
Robin Lopez,CHI,64.0,26.4,5.3,10.1,0.53,0.1,0.286,5.3,0.536,0.533,1.1,1.4,0.756,2.1,2.4,4.5,1.9,0.2,0.8,1.7,11.8,2017-18,0.55,0.19,0,24,0
Kelly Oubre Jr.,WAS,81.0,27.5,3.9,9.8,0.403,1.6,0.341,2.4,0.456,0.482,2.4,2.9,0.82,0.7,3.8,4.5,1.2,1.0,0.4,1.1,11.8,2017-18,0.53,0.14,0,17,1
Thaddeus Young,IND,81.0,32.2,5.2,10.7,0.487,0.7,0.32,4.5,0.531,0.521,0.7,1.1,0.598,2.3,4.0,6.3,1.9,1.7,0.4,1.3,11.8,2017-18,0.53,0.18,0,8,1
Trevor Ariza,HOU,67.0,33.9,4.0,9.7,0.412,2.5,0.368,1.5,0.519,0.542,1.1,1.3,0.854,0.5,3.9,4.4,1.6,1.5,0.2,0.8,11.7,2017-18,0.57,0.19,0,1,1
Tyler Johnson,MIA,72.0,28.5,4.3,9.9,0.435,1.7,0.367,2.6,0.491,0.518,1.5,1.8,0.822,0.5,3.0,3.4,2.3,0.8,0.5,1.1,11.7,2017-18,0.55,0.16,0,16,1
J.J. Barea,DAL,69.0,23.2,4.4,10.0,0.439,1.7,0.367,2.7,0.499,0.522,1.2,1.5,0.784,0.2,2.7,2.9,6.3,0.5,0.0,2.1,11.6,2017-18,0.54,0.19,0,28,0
Nicolas Batum,CHO,64.0,31.0,4.2,10.2,0.415,1.4,0.336,2.8,0.473,0.486,1.7,2.0,0.831,0.9,3.9,4.8,5.5,1.0,0.4,2.0,11.6,2017-18,0.52,0.23,0,20,0
De'Aaron Fox,SAC,73.0,27.8,4.5,10.9,0.412,0.6,0.307,3.8,0.436,0.441,1.9,2.7,0.723,0.5,2.3,2.8,4.4,1.0,0.3,2.4,11.6,2017-18,0.48,0.14,0,25,0
Domantas Sabonis,IND,74.0,24.5,4.6,8.9,0.514,0.2,0.351,4.4,0.524,0.524,2.3,3.0,0.75,2.2,5.5,7.7,2.0,0.5,0.4,1.9,11.6,2017-18,0.57,0.21,0,8,1
Rudy Gay,SAS,57.0,21.6,4.4,9.4,0.471,0.6,0.314,3.8,0.516,0.506,2.0,2.5,0.772,1.3,3.8,5.1,1.3,0.8,0.7,1.4,11.5,2017-18,0.55,0.22,0,13,1
Joe Ingles,UTA,82.0,31.4,4.1,8.8,0.467,2.5,0.44,1.6,0.516,0.609,0.8,1.0,0.795,0.3,3.9,4.2,4.8,1.1,0.2,1.9,11.5,2017-18,0.62,0.18,0,10,1
Markieff Morris,WAS,73.0,27.0,4.5,9.4,0.48,1.0,0.367,3.5,0.529,0.536,1.4,1.8,0.82,1.0,4.6,5.6,1.9,0.8,0.5,1.7,11.5,2017-18,0.56,0.18,0,17,1
Kelly Olynyk,MIA,76.0,23.4,4.2,8.4,0.497,1.4,0.379,2.8,0.59,0.58,1.8,2.3,0.77,1.2,4.5,5.7,2.7,0.8,0.5,1.9,11.5,2017-18,0.61,0.19,0,16,1
Dwyane Wade,2TM,67.0,22.9,4.5,10.2,0.438,0.5,0.288,4.0,0.468,0.462,2.0,2.8,0.714,0.7,3.0,3.8,3.4,0.9,0.7,2.1,11.4,2017-18,0.5,0.17,0,-1,0
Reggie Bullock,DET,62.0,27.9,4.3,8.8,0.489,2.0,0.445,2.3,0.536,0.603,0.6,0.8,0.796,0.4,2.0,2.5,1.5,0.8,0.2,0.8,11.3,2017-18,0.62,0.17,0,19,0
Terry Rozier,BOS,80.0,25.9,4.0,10.0,0.395,1.9,0.381,2.0,0.41,0.491,1.4,1.9,0.772,0.8,3.9,4.7,2.9,1.0,0.2,1.0,11.3,2017-18,0.52,0.16,0,4,1
Wayne Ellington,MIA,77.0,26.5,3.7,9.1,0.407,2.9,0.392,0.8,0.479,0.569,0.9,1.0,0.859,0.3,2.5,2.8,1.0,0.7,0.1,0.7,11.2,2017-18,0.59,0.12,0,16,1
Frank Kaminsky,CHO,79.0,23.2,3.9,9.1,0.429,1.3,0.38,2.6,0.459,0.501,2.0,2.5,0.799,0.6,3.1,3.6,1.6,0.5,0.2,0.8,11.1,2017-18,0.54,0.13,0,20,0
Dillon Brooks,MEM,82.0,28.7,4.1,9.4,0.44,1.1,0.356,3.0,0.484,0.501,1.5,2.0,0.747,0.6,2.5,3.1,1.6,0.9,0.2,1.5,11.0,2017-18,0.54,0.12,0,29,0
Draymond Green,GSW,70.0,32.7,4.0,8.8,0.454,1.1,0.301,2.9,0.562,0.516,1.9,2.5,0.775,1.1,6.6,7.6,7.3,1.4,1.3,2.9,11.0,2017-18,0.56,0.29,0,3,1
Montrezl Harrell,LAC,76.0,17.0,4.6,7.2,0.635,0.0,0.143,4.6,0.641,0.636,1.8,2.9,0.626,1.4,2.7,4.0,1.0,0.5,0.7,0.9,11.0,2017-18,0.65,0.17,0,18,0
Ersan İlyasova,2TM,69.0,25.1,4.0,8.9,0.452,1.3,0.36,2.7,0.517,0.526,1.5,2.0,0.778,1.7,4.2,5.9,1.3,0.9,0.4,1.0,10.9,2017-18,0.56,0.19,0,-1,0
Ish Smith,DET,82.0,24.9,4.7,9.8,0.486,0.4,0.347,4.3,0.506,0.507,1.0,1.4,0.698,0.3,2.4,2.7,4.4,0.8,0.2,1.3,10.9,2017-18,0.52,0.15,0,19,0
Jeff Green,CLE,78.0,23.4,3.8,7.9,0.477,0.7,0.312,3.1,0.54,0.52,2.6,3.0,0.868,0.8,2.4,3.2,1.3,0.5,0.4,1.0,10.8,2017-18,0.59,0.14,0,6,1
Joe Harris,BRK,78.0,25.3,3.9,8.0,0.491,1.9,0.419,2.0,0.589,0.612,1.1,1.3,0.827,0.7,2.7,3.3,1.6,0.4,0.3,1.2,10.8,2017-18,0.63,0.14,0,23,0
James Johnson,MIA,73.0,26.6,4.2,8.4,0.503,0.8,0.308,3.5,0.587,0.55,1.5,2.2,0.698,0.8,4.1,4.9,3.8,1.0,0.7,1.9,10.8,2017-18,0.58,0.2,0,16,1
Damion Lee,ATL,15.0,26.9,4.1,10.1,0.408,1.0,0.25,3.1,0.511,0.457,1.5,1.9,0.759,0.7,4.0,4.7,1.9,1.3,0.1,0.9,10.7,2017-18,0.49,0.76,0,27,0
John Collins,ATL,74.0,24.1,4.2,7.4,0.576,0.2,0.34,4.0,0.598,0.591,1.8,2.5,0.715,2.4,4.9,7.3,1.3,0.6,1.1,1.4,10.5,2017-18,0.62,0.21,0,27,0
Greg Monroe,3TM,51.0,20.4,4.3,7.6,0.565,0.0,,4.3,0.565,0.565,1.7,2.3,0.739,2.1,4.7,6.9,2.2,0.9,0.5,1.8,10.3,2017-18,0.6,0.3,0,-1,0
Greg Monroe,MIL,5.0,15.8,3.2,6.6,0.485,0.0,,3.2,0.485,0.485,0.4,0.8,0.5,1.2,3.8,5.0,1.0,0.0,0.0,1.2,6.8,2017-18,0.49,1.56,0,15,1
Greg Monroe,PHO,20.0,23.3,4.9,7.8,0.626,0.0,,4.9,0.626,0.626,1.6,2.3,0.674,2.5,5.5,8.0,2.5,0.8,0.3,2.0,11.3,2017-18,0.64,0.87,0,30,0
Greg Monroe,BOS,26.0,19.1,4.0,7.6,0.53,0.0,,4.0,0.53,0.53,2.1,2.7,0.797,2.0,4.3,6.3,2.3,1.1,0.7,1.8,10.2,2017-18,0.58,0.56,0,4,1
Jamal Crawford,MIN,80.0,20.7,3.9,9.3,0.415,1.3,0.331,2.6,0.477,0.485,1.3,1.4,0.903,0.3,1.0,1.2,2.3,0.5,0.1,1.2,10.3,2017-18,0.52,0.1,0,12,1
JaMychal Green,MEM,55.0,28.0,4.1,8.9,0.457,0.8,0.339,3.3,0.499,0.501,1.5,2.0,0.721,2.7,5.8,8.4,1.4,0.6,0.5,1.4,10.3,2017-18,0.53,0.26,0,29,0
D.J. Augustin,ORL,75.0,23.5,3.3,7.2,0.452,1.5,0.419,1.7,0.485,0.557,2.2,2.5,0.868,0.4,1.7,2.1,3.8,0.7,0.0,1.6,10.2,2017-18,0.61,0.15,0,26,0
Lonzo Ball,LAL,52.0,34.2,3.9,10.8,0.36,1.7,0.305,2.2,0.42,0.44,0.6,1.4,0.451,1.3,5.6,6.9,7.2,1.7,0.8,2.6,10.2,2017-18,0.45,0.32,0,21,0
Yogi Ferrell,DAL,82.0,27.8,3.8,8.9,0.426,1.6,0.373,2.2,0.477,0.518,1.0,1.3,0.796,0.3,2.7,3.0,2.5,0.8,0.1,1.0,10.2,2017-18,0.54,0.12,0,28,0
Marcus Smart,BOS,54.0,29.9,3.5,9.5,0.367,1.4,0.301,2.1,0.429,0.44,1.8,2.5,0.729,0.8,2.7,3.5,4.8,1.3,0.4,2.4,10.2,2017-18,0.48,0.21,0,4,1
Denzel Valentine,CHI,77.0,27.2,3.9,9.4,0.417,1.9,0.386,2.1,0.45,0.517,0.5,0.7,0.745,0.6,4.5,5.1,3.2,0.8,0.1,1.3,10.2,2017-18,0.53,0.16,0,24,0
Pau Gasol,SAS,77.0,23.5,3.7,8.1,0.458,0.6,0.358,3.2,0.481,0.492,2.1,2.7,0.756,1.7,6.4,8.0,3.1,0.3,1.0,1.4,10.1,2017-18,0.54,0.21,0,13,1
George Hill,2TM,67.0,27.0,3.5,7.7,0.46,1.3,0.415,2.3,0.49,0.543,1.6,2.1,0.786,0.6,2.1,2.7,2.8,0.9,0.4,1.3,10.0,2017-18,0.58,0.16,0,-1,0
Wilson Chandler,DEN,74.0,31.7,3.8,8.5,0.445,1.2,0.358,2.6,0.501,0.515,1.2,1.5,0.772,1.4,4.0,5.4,2.1,0.6,0.5,1.2,10.0,2017-18,0.55,0.17,0,14,0
Dewayne Dedmon,ATL,62.0,24.9,4.0,7.7,0.524,0.8,0.355,3.2,0.595,0.577,1.1,1.4,0.779,1.6,6.3,7.9,1.5,0.6,0.8,1.4,10.0,2017-18,0.6,0.25,0,27,0
C.J. Miles,TOR,70.0,19.1,3.2,8.6,0.379,2.3,0.361,0.9,0.434,0.516,1.2,1.4,0.835,0.3,1.9,2.2,0.8,0.5,0.3,0.6,10.0,2017-18,0.54,0.11,0,2,1
Patty Mills,SAS,82.0,25.7,3.4,8.3,0.411,1.9,0.372,1.5,0.47,0.523,1.3,1.4,0.89,0.3,1.6,1.9,2.8,0.7,0.1,1.3,10.0,2017-18,0.56,0.11,0,13,1
Trey Lyles,DEN,73.0,19.1,3.7,7.5,0.491,1.1,0.381,2.6,0.563,0.566,1.4,2.0,0.706,0.8,4.0,4.8,1.2,0.4,0.5,0.8,9.9,2017-18,0.59,0.16,0,14,0
Jae Crowder,2TM,80.0,26.1,3.4,8.4,0.404,1.4,0.323,2.0,0.488,0.486,1.5,1.9,0.818,0.7,2.7,3.4,1.2,0.8,0.3,0.9,9.7,2017-18,0.53,0.11,0,-1,0
Tyrone Wallace,LAC,30.0,28.4,3.7,8.2,0.445,0.3,0.25,3.3,0.483,0.466,2.0,2.6,0.782,0.7,2.8,3.5,2.4,0.9,0.4,1.5,9.7,2017-18,0.52,0.34,0,18,0
Mario Hezonja,ORL,75.0,22.1,3.6,8.2,0.442,1.2,0.337,2.4,0.523,0.515,1.1,1.4,0.819,0.5,3.2,3.7,1.4,1.1,0.4,1.1,9.6,2017-18,0.54,0.14,0,26,0
Quinn Cook,GSW,33.0,22.4,3.7,7.6,0.484,1.4,0.442,2.3,0.514,0.575,0.7,0.8,0.88,0.3,2.2,2.5,2.7,0.4,0.0,1.0,9.5,2017-18,0.6,0.31,0,3,1
Andrew Harrison,MEM,56.0,23.7,3.2,7.7,0.422,0.8,0.331,2.4,0.467,0.477,2.2,2.8,0.78,0.4,1.9,2.3,3.2,0.7,0.5,1.4,9.5,2017-18,0.53,0.17,0,29,0
Miloš Teodosić,LAC,45.0,25.2,3.4,8.0,0.419,2.0,0.379,1.4,0.492,0.542,0.9,1.0,0.848,0.4,2.4,2.8,4.6,0.5,0.1,2.2,9.5,2017-18,0.56,0.24,0,18,0
Marvin Williams,CHO,78.0,25.7,3.3,7.2,0.458,1.6,0.413,1.7,0.512,0.57,1.3,1.6,0.829,0.9,3.8,4.7,1.2,0.7,0.5,0.8,9.5,2017-18,0.6,0.15,0,20,0
Mike James,2TM,36.0,19.1,3.4,8.9,0.383,0.7,0.265,2.7,0.435,0.424,1.8,2.3,0.762,0.4,2.1,2.5,3.5,0.8,0.2,1.4,9.3,2017-18,0.47,0.25,0,-1,0
Al-Farouq Aminu,POR,69.0,30.0,3.3,8.4,0.395,1.8,0.369,1.5,0.432,0.503,0.9,1.2,0.738,1.4,6.2,7.6,1.2,1.1,0.6,1.1,9.3,2017-18,0.52,0.19,0,7,1
Ryan Anderson,HOU,66.0,26.1,3.1,7.3,0.431,2.0,0.386,1.2,0.539,0.568,1.1,1.4,0.774,1.4,3.6,5.0,0.9,0.4,0.3,0.6,9.3,2017-18,0.59,0.16,0,1,1
Wayne Selden,MEM,35.0,19.8,3.3,7.7,0.431,1.4,0.402,1.9,0.456,0.522,1.3,1.7,0.746,0.5,1.1,1.6,1.9,0.5,0.1,1.5,9.3,2017-18,0.55,0.2,0,29,0
Michael Kidd-Gilchrist,CHO,74.0,25.0,3.8,7.6,0.504,0.0,0.0,3.8,0.505,0.504,1.6,2.3,0.684,1.1,2.9,4.1,1.0,0.7,0.4,0.7,9.2,2017-18,0.53,0.14,0,20,0
Kyle Korver,CLE,73.0,21.6,3.0,6.6,0.459,2.2,0.436,0.8,0.537,0.628,0.9,1.0,0.889,0.1,2.1,2.3,1.2,0.4,0.4,0.8,9.2,2017-18,0.65,0.12,0,6,1
Lance Stephenson,IND,82.0,22.6,3.7,8.6,0.427,0.8,0.289,2.9,0.495,0.475,1.0,1.5,0.661,0.8,4.4,5.2,2.9,0.6,0.2,1.6,9.2,2017-18,0.5,0.14,0,8,1
Troy Daniels,PHO,79.0,20.5,2.9,7.3,0.403,2.3,0.4,0.6,0.419,0.563,0.7,0.8,0.875,0.2,1.5,1.6,0.6,0.3,0.1,0.7,8.9,2017-18,0.58,0.08,0,30,0
Manu Ginóbili,SAS,65.0,20.0,3.1,7.1,0.434,1.0,0.333,2.1,0.506,0.503,1.7,2.0,0.84,0.3,1.9,2.2,2.5,0.7,0.2,1.6,8.9,2017-18,0.56,0.13,0,13,1
Anthony Tolliver,DET,79.0,22.2,2.8,6.0,0.464,2.0,0.436,0.8,0.561,0.632,1.3,1.7,0.797,0.6,2.4,3.1,1.1,0.4,0.3,0.7,8.9,2017-18,0.66,0.12,0,19,0
John Henson,MIL,76.0,25.9,3.8,6.6,0.572,0.0,0.143,3.8,0.578,0.573,1.2,2.1,0.57,2.0,4.8,6.8,1.5,0.6,1.4,1.1,8.8,2017-18,0.58,0.19,0,15,1
Cameron Payne,CHI,25.0,23.3,3.5,8.6,0.405,1.4,0.385,2.1,0.419,0.486,0.5,0.6,0.75,0.7,2.0,2.8,4.5,1.0,0.4,1.4,8.8,2017-18,0.5,0.44,0,24,0
Mike Scott,WAS,76.0,18.5,3.6,6.9,0.527,0.9,0.405,2.8,0.582,0.59,0.7,1.0,0.658,0.7,2.6,3.3,1.1,0.3,0.1,1.0,8.8,2017-18,0.6,0.12,0,17,1
Larry Nance Jr.,2TM,66.0,21.5,3.6,6.3,0.581,0.0,0.167,3.6,0.594,0.584,1.4,2.1,0.664,2.4,4.4,6.8,1.2,1.3,0.6,0.8,8.7,2017-18,0.6,0.22,0,-1,0
Stanley Johnson,DET,69.0,27.4,3.0,8.1,0.375,1.0,0.286,2.1,0.439,0.435,1.6,2.1,0.772,0.5,3.2,3.7,1.6,1.4,0.2,1.1,8.7,2017-18,0.48,0.13,0,19,0
Skal Labissière,SAC,60.0,20.7,3.4,7.6,0.448,0.3,0.353,3.1,0.459,0.467,1.6,2.0,0.805,1.7,3.2,4.8,1.2,0.4,0.8,1.2,8.7,2017-18,0.51,0.17,0,25,0
Johnathan Motley,DAL,11.0,16.0,3.6,6.8,0.533,0.1,0.167,3.5,0.565,0.54,1.4,2.5,0.536,1.3,3.2,4.5,0.6,0.3,0.2,0.8,8.7,2017-18,0.55,0.84,0,28,0
Shabazz Napier,POR,74.0,20.7,3.0,7.2,0.42,1.1,0.376,1.9,0.45,0.497,1.6,1.9,0.841,0.4,1.9,2.3,2.0,1.1,0.2,1.2,8.7,2017-18,0.54,0.12,0,7,1
Terrence Ross,ORL,24.0,25.0,3.2,8.0,0.398,1.3,0.323,1.9,0.469,0.476,1.1,1.5,0.75,0.4,2.6,3.0,1.6,1.1,0.5,1.2,8.7,2017-18,0.5,0.35,0,26,0
Isaiah Canaan,2TM,20.0,21.1,2.6,6.9,0.38,1.1,0.333,1.5,0.423,0.46,2.3,2.6,0.902,0.3,2.0,2.3,3.8,0.8,0.1,1.5,8.6,2017-18,0.53,0.47,0,-1,0
Emmanuel Mudiay,2TM,64.0,19.5,3.2,8.2,0.388,0.7,0.318,2.5,0.415,0.433,1.5,2.0,0.76,0.4,2.0,2.4,3.2,0.6,0.2,1.8,8.6,2017-18,0.47,0.12,0,-1,0
Danny Green,SAS,70.0,25.6,3.1,8.0,0.387,1.7,0.363,1.4,0.419,0.49,0.7,0.9,0.769,0.6,3.0,3.6,1.6,0.9,1.1,1.1,8.6,2017-18,0.51,0.14,0,13,1
Fred VanVleet,TOR,76.0,20.0,3.1,7.2,0.426,1.4,0.414,1.6,0.437,0.525,1.1,1.3,0.832,0.3,2.1,2.4,3.2,0.9,0.3,1.0,8.6,2017-18,0.55,0.13,0,2,1
Jonathan Gibson,BOS,4.0,10.0,3.5,5.8,0.609,1.5,0.5,2.0,0.727,0.739,0.0,0.0,,0.0,0.8,0.8,1.0,0.0,0.0,0.8,8.5,2017-18,0.73,1.8,0,4,1
Alex Len,PHO,69.0,20.2,3.1,5.5,0.566,0.0,0.333,3.1,0.568,0.567,2.3,3.3,0.684,2.5,5.0,7.5,1.2,0.4,0.9,1.1,8.5,2017-18,0.61,0.2,0,30,0
Dwight Powell,DAL,79.0,21.2,3.2,5.4,0.593,0.4,0.333,2.9,0.656,0.626,1.7,2.3,0.719,1.7,3.9,5.6,1.2,0.8,0.4,0.7,8.5,2017-18,0.66,0.16,0,28,0
Derrick Rose,2TM,25.0,16.8,3.2,7.4,0.435,0.3,0.233,3.0,0.474,0.454,1.6,1.8,0.87,0.5,0.9,1.4,1.5,0.3,0.2,1.4,8.4,2017-18,0.51,0.24,0,-1,0
Devin Harris,2TM,71.0,18.9,2.6,6.4,0.412,1.1,0.348,1.5,0.476,0.499,2.0,2.4,0.835,0.2,1.6,1.8,2.1,0.7,0.2,1.1,8.4,2017-18,0.56,0.11,0,-1,0
Marcin Gortat,WAS,82.0,25.3,3.5,6.8,0.518,0.0,,3.5,0.518,0.518,1.3,2.0,0.675,2.2,5.4,7.6,1.8,0.5,0.7,1.2,8.4,2017-18,0.55,0.17,0,17,1
Jerami Grant,OKC,81.0,20.3,3.0,5.6,0.535,0.4,0.291,2.6,0.613,0.57,2.0,3.0,0.675,1.1,2.9,3.9,0.7,0.4,1.0,0.7,8.4,2017-18,0.61,0.12,0,11,1
Jerian Grant,CHI,74.0,22.8,2.8,6.8,0.416,0.8,0.326,2.0,0.468,0.476,1.9,2.5,0.745,0.4,1.9,2.3,4.6,0.9,0.1,1.2,8.4,2017-18,0.53,0.14,0,24,0
Garrett Temple,SAC,65.0,24.8,3.1,7.3,0.418,1.4,0.392,1.7,0.442,0.512,0.9,1.2,0.769,0.3,2.0,2.3,1.9,0.9,0.4,1.2,8.4,2017-18,0.54,0.13,0,25,0
Rajon Rondo,NOP,65.0,26.2,3.6,7.6,0.468,0.8,0.333,2.8,0.526,0.518,0.4,0.7,0.543,0.5,3.6,4.0,8.2,1.1,0.2,2.3,8.3,2017-18,0.52,0.23,0,9,1
J.R. Smith,CLE,80.0,28.1,3.0,7.4,0.403,1.8,0.375,1.2,0.453,0.524,0.5,0.7,0.696,0.4,2.6,2.9,1.8,0.9,0.1,1.0,8.3,2017-18,0.54,0.11,0,6,1
Jarrett Allen,BRK,72.0,20.0,3.3,5.5,0.589,0.1,0.333,3.2,0.599,0.596,1.6,2.0,0.776,2.0,3.4,5.4,0.7,0.4,1.2,1.1,8.2,2017-18,0.64,0.17,0,23,0
Thabo Sefolosha,UTA,38.0,21.2,3.1,6.3,0.492,0.8,0.381,2.3,0.551,0.558,1.2,1.4,0.815,0.8,3.5,4.2,0.9,1.4,0.3,0.8,8.2,2017-18,0.59,0.28,0,10,1
Evan Turner,POR,79.0,25.7,3.3,7.3,0.447,0.5,0.318,2.7,0.485,0.484,1.2,1.4,0.85,0.4,2.7,3.1,2.2,0.6,0.4,1.3,8.2,2017-18,0.52,0.11,0,7,1
Dante Exum,UTA,14.0,16.8,3.0,6.2,0.483,0.4,0.278,2.6,0.536,0.511,1.8,2.2,0.806,0.3,1.6,1.9,3.1,0.6,0.2,1.4,8.1,2017-18,0.57,0.64,0,10,1
Dejounte Murray,SAS,81.0,21.5,3.3,7.5,0.443,0.1,0.265,3.2,0.454,0.451,1.3,1.8,0.709,1.4,4.3,5.7,2.9,1.2,0.4,1.7,8.1,2017-18,0.49,0.15,0,13,1
Aaron Jackson,HOU,1.0,35.0,3.0,9.0,0.333,1.0,0.25,2.0,0.4,0.389,1.0,2.0,0.5,2.0,1.0,3.0,1.0,0.0,0.0,1.0,8.0,2017-18,0.4,4.0,0,1,1
Delon Wright,TOR,69.0,20.8,2.9,6.3,0.465,0.8,0.366,2.1,0.52,0.53,1.4,1.7,0.829,0.7,2.2,2.9,2.9,1.0,0.5,1.1,8.0,2017-18,0.57,0.15,0,2,1
Kyle Anderson,SAS,74.0,26.7,3.1,5.9,0.527,0.3,0.333,2.9,0.556,0.549,1.4,2.0,0.712,1.1,4.2,5.4,2.7,1.6,0.8,1.3,7.9,2017-18,0.58,0.19,0,13,1
Jerryd Bayless,PHI,39.0,23.7,2.8,6.7,0.416,1.4,0.37,1.4,0.474,0.519,0.9,1.1,0.795,0.4,1.7,2.1,1.4,0.6,0.2,1.2,7.9,2017-18,0.55,0.18,0,5,1
Antonio Blakeney,CHI,19.0,16.5,2.8,7.5,0.371,0.8,0.288,2.0,0.418,0.423,1.6,2.1,0.769,0.2,1.5,1.7,1.1,0.4,0.1,0.6,7.9,2017-18,0.47,0.28,0,24,0
Josh Hart,LAL,63.0,23.2,2.8,6.0,0.469,1.2,0.396,1.6,0.551,0.573,1.0,1.5,0.702,0.7,3.5,4.2,1.3,0.7,0.3,0.7,7.9,2017-18,0.59,0.16,0,21,0
Cory Joseph,IND,82.0,27.0,3.1,7.4,0.424,0.8,0.353,2.3,0.457,0.479,0.9,1.1,0.745,0.5,2.7,3.2,3.2,1.0,0.2,1.1,7.9,2017-18,0.5,0.12,0,8,1
Frank Mason III,SAC,52.0,18.9,2.8,7.3,0.379,0.6,0.36,2.2,0.384,0.42,1.8,2.2,0.817,0.6,1.9,2.5,2.8,0.7,0.2,1.3,7.9,2017-18,0.48,0.15,0,25,0
David Nwaba,CHI,70.0,23.5,2.9,6.0,0.478,0.3,0.346,2.6,0.496,0.499,1.9,2.9,0.655,1.3,3.4,4.7,1.5,0.8,0.4,1.1,7.9,2017-18,0.54,0.14,0,24,0
Chandler Parsons,MEM,36.0,19.2,3.0,6.5,0.462,1.4,0.421,1.6,0.504,0.571,0.5,0.8,0.63,0.4,2.1,2.5,1.9,0.5,0.3,1.0,7.9,2017-18,0.58,0.23,0,29,0
Doug McDermott,2TM,81.0,21.8,2.9,6.3,0.467,1.1,0.426,1.8,0.497,0.557,0.8,1.0,0.79,0.5,2.0,2.5,1.0,0.2,0.2,0.7,7.8,2017-18,0.58,0.09,0,-1,0
Darius Miller,NOP,82.0,23.7,2.6,5.9,0.444,1.8,0.411,0.8,0.535,0.594,0.7,0.8,0.866,0.2,1.8,2.0,1.4,0.3,0.2,0.7,7.8,2017-18,0.62,0.09,0,9,1
Tyler Ulis,PHO,71.0,23.4,3.0,7.8,0.388,0.6,0.288,2.4,0.425,0.426,1.2,1.4,0.832,0.3,1.5,1.8,4.4,1.0,0.1,1.8,7.8,2017-18,0.46,0.12,0,30,0
Justise Winslow,MIA,68.0,24.7,3.0,7.2,0.424,0.7,0.38,2.3,0.44,0.474,1.0,1.5,0.635,0.9,4.5,5.4,2.2,0.8,0.5,1.1,7.8,2017-18,0.5,0.16,0,16,1
Alec Burks,UTA,64.0,16.5,2.7,6.5,0.411,0.7,0.331,1.9,0.452,0.467,1.7,1.9,0.863,0.3,2.7,3.0,1.0,0.6,0.1,0.9,7.7,2017-18,0.52,0.12,0,10,1
Mario Chalmers,MEM,66.0,21.5,2.5,6.7,0.379,0.8,0.277,1.7,0.456,0.439,1.8,2.1,0.855,0.2,2.2,2.4,3.0,1.2,0.2,1.8,7.7,2017-18,0.5,0.12,0,29,0
Marquese Chriss,PHO,72.0,21.2,2.8,6.6,0.423,0.8,0.295,2.0,0.509,0.482,1.3,2.2,0.608,1.1,4.4,5.5,1.2,0.7,1.0,1.5,7.7,2017-18,0.51,0.14,0,30,0
Jarell Martin,MEM,73.0,22.8,3.0,6.8,0.446,0.5,0.347,2.6,0.47,0.48,1.2,1.6,0.767,1.3,3.0,4.4,1.0,0.5,0.7,1.2,7.7,2017-18,0.51,0.12,0,29,0
Tony Parker,SAS,55.0,19.5,3.2,7.1,0.459,0.2,0.27,3.1,0.479,0.472,1.0,1.4,0.705,0.1,1.6,1.7,3.5,0.5,0.0,1.2,7.7,2017-18,0.5,0.14,0,13,1
Marreese Speights,ORL,52.0,13.0,2.7,6.7,0.395,1.7,0.369,1.0,0.448,0.519,0.8,1.1,0.727,0.4,2.2,2.6,0.8,0.2,0.4,0.8,7.7,2017-18,0.54,0.13,0,26,0
Luke Kennard,DET,73.0,20.0,2.8,6.4,0.443,1.1,0.415,1.7,0.463,0.53,0.9,1.0,0.855,0.3,2.1,2.4,1.7,0.6,0.2,0.9,7.6,2017-18,0.56,0.11,0,19,0
Mike Muscala,ATL,53.0,20.0,2.7,5.9,0.458,1.2,0.371,1.5,0.559,0.558,1.1,1.2,0.919,1.1,3.3,4.3,1.0,0.6,0.5,0.8,7.6,2017-18,0.59,0.19,0,27,0
Jarrett Jack,NYK,62.0,25.0,3.0,7.1,0.427,0.4,0.291,2.6,0.459,0.455,1.0,1.2,0.84,0.4,2.7,3.1,5.6,0.6,0.1,1.9,7.5,2017-18,0.49,0.17,0,22,0
Luc Mbah a Moute,HOU,61.0,25.6,2.7,5.7,0.481,1.0,0.364,1.7,0.599,0.572,1.1,1.6,0.684,0.4,2.7,3.0,0.9,1.2,0.4,1.1,7.5,2017-18,0.59,0.14,0,1,1
Ben McLemore,MEM,56.0,19.5,2.8,6.7,0.421,1.0,0.346,1.8,0.477,0.495,0.9,1.1,0.828,0.6,1.9,2.5,0.9,0.7,0.3,1.1,7.5,2017-18,0.52,0.12,0,29,0
Dwight Buycks,DET,29.0,14.7,2.8,6.8,0.414,0.5,0.333,2.3,0.438,0.452,1.2,1.4,0.878,0.4,1.0,1.4,2.0,0.7,0.1,1.3,7.4,2017-18,0.5,0.21,0,19,0
Ian Clark,NOP,74.0,19.7,3.0,6.7,0.448,0.8,0.318,2.2,0.533,0.511,0.6,0.8,0.763,0.1,1.6,1.7,1.5,0.4,0.1,0.8,7.4,2017-18,0.52,0.09,0,9,1
Pascal Siakam,TOR,81.0,20.7,3.1,6.1,0.508,0.4,0.22,2.8,0.612,0.537,0.7,1.1,0.621,1.0,3.5,4.5,2.0,0.8,0.5,0.8,7.3,2017-18,0.55,0.13,0,2,1
Nick Young,GSW,80.0,17.4,2.5,6.1,0.412,1.5,0.377,1.0,0.481,0.538,0.7,0.8,0.862,0.3,1.3,1.6,0.5,0.5,0.1,0.5,7.3,2017-18,0.57,0.07,0,3,1
Tyler Dorsey,ATL,56.0,17.4,2.6,6.8,0.377,1.3,0.362,1.3,0.393,0.471,0.8,1.1,0.714,0.3,2.0,2.3,1.4,0.3,0.1,0.7,7.2,2017-18,0.49,0.11,0,27,0
Tomáš Satoranský,WAS,73.0,22.5,2.8,5.3,0.523,0.6,0.465,2.1,0.544,0.585,1.0,1.3,0.781,1.0,2.2,3.2,3.9,0.7,0.2,1.1,7.2,2017-18,0.61,0.15,0,17,1
James Ennis III,2TM,72.0,22.3,2.5,5.3,0.474,0.7,0.333,1.8,0.567,0.54,1.3,1.6,0.836,1.0,2.1,3.1,1.0,0.7,0.3,0.8,7.1,2017-18,0.59,0.12,0,-1,0
Markelle Fultz,PHI,14.0,18.1,3.2,7.9,0.405,0.0,0.0,3.2,0.409,0.405,0.7,1.5,0.476,0.8,2.3,3.1,3.8,0.9,0.3,1.2,7.1,2017-18,0.41,0.61,0,5,1
Kyle O'Quinn,NYK,77.0,18.0,2.9,5.0,0.583,0.1,0.235,2.9,0.599,0.589,1.3,1.6,0.772,1.6,4.5,6.1,2.1,0.5,1.3,1.3,7.1,2017-18,0.62,0.17,0,22,0
Mason Plumlee,DEN,74.0,19.4,3.0,5.0,0.601,0.0,0.0,3.0,0.602,0.601,1.1,2.4,0.458,1.8,3.6,5.4,1.9,0.7,1.1,1.4,7.1,2017-18,0.59,0.16,0,14,0
Mirza Teletović,MIL,10.0,15.9,2.5,5.7,0.439,2.1,0.467,0.4,0.333,0.623,0.0,0.0,,0.3,2.0,2.3,1.0,0.4,0.1,0.7,7.1,2017-18,0.62,0.7,0,15,1
Cody Zeller,CHO,33.0,19.0,2.6,4.7,0.545,0.1,0.667,2.5,0.542,0.551,1.8,2.6,0.718,2.0,3.3,5.4,0.9,0.4,0.6,1.0,7.1,2017-18,0.61,0.32,0,20,0
Al Jefferson,IND,36.0,13.4,3.1,5.8,0.534,0.0,0.0,3.1,0.541,0.534,0.8,1.0,0.833,0.8,3.1,4.0,0.8,0.4,0.6,0.6,7.0,2017-18,0.56,0.26,0,8,1
Jamil Wilson,LAC,15.0,18.3,2.5,5.4,0.469,1.8,0.429,0.7,0.611,0.636,0.1,0.3,0.5,0.2,1.9,2.1,0.7,0.3,0.5,0.5,7.0,2017-18,0.63,0.47,0,18,0
Bam Adebayo,MIA,69.0,19.8,2.5,4.9,0.512,0.0,0.0,2.5,0.523,0.512,1.9,2.6,0.721,1.7,3.8,5.5,1.5,0.5,0.6,1.0,6.9,2017-18,0.57,0.16,0,16,1
Raymond Felton,OKC,82.0,16.6,2.7,6.7,0.406,1.0,0.352,1.7,0.444,0.479,0.4,0.5,0.818,0.3,1.6,1.9,2.5,0.6,0.2,0.9,6.9,2017-18,0.5,0.09,0,11,1
Bryn Forbes,SAS,80.0,19.0,2.6,6.2,0.421,1.1,0.39,1.5,0.446,0.51,0.6,0.9,0.667,0.2,1.2,1.4,1.0,0.4,0.0,0.5,6.9,2017-18,0.52,0.07,0,13,1
Shelvin Mack,ORL,69.0,19.8,2.6,6.0,0.43,0.7,0.345,1.9,0.473,0.488,1.0,1.4,0.711,0.3,2.1,2.4,3.9,0.8,0.1,1.3,6.9,2017-18,0.52,0.13,0,26,0
Jakob Poeltl,TOR,82.0,18.6,3.1,4.7,0.659,0.0,0.5,3.1,0.66,0.66,0.7,1.2,0.594,2.0,2.8,4.8,0.7,0.5,1.2,1.0,6.9,2017-18,0.66,0.13,0,2,1
Tony Snell,MIL,75.0,27.4,2.5,5.7,0.435,1.4,0.403,1.0,0.49,0.562,0.5,0.6,0.792,0.1,1.8,1.9,1.3,0.6,0.4,0.5,6.9,2017-18,0.58,0.1,0,15,1
Joe Johnson,2TM,55.0,21.9,2.7,6.5,0.406,0.7,0.276,1.9,0.493,0.461,0.7,0.8,0.889,0.3,2.9,3.1,1.5,0.3,0.1,0.9,6.8,2017-18,0.5,0.13,0,-1,0
Nemanja Bjelica,MIN,67.0,20.5,2.6,5.5,0.461,1.1,0.415,1.4,0.505,0.563,0.5,0.7,0.8,0.8,3.3,4.1,1.3,0.7,0.2,0.8,6.8,2017-18,0.59,0.14,0,12,1
David West,GSW,73.0,13.7,3.0,5.2,0.571,0.0,0.375,2.9,0.576,0.575,0.8,1.1,0.759,0.9,2.4,3.3,1.9,0.6,1.0,1.1,6.8,2017-18,0.6,0.14,0,3,1
Tyler Zeller,2TM,66.0,16.8,2.8,5.1,0.56,0.2,0.357,2.7,0.578,0.575,0.9,1.2,0.722,1.7,3.0,4.6,0.7,0.2,0.5,0.7,6.7,2017-18,0.6,0.14,0,-1,0
Aaron Harrison,DAL,9.0,25.9,2.1,7.7,0.275,1.0,0.209,1.1,0.385,0.341,1.4,1.9,0.765,0.4,2.2,2.7,1.2,1.0,0.2,0.3,6.7,2017-18,0.39,0.6,0,28,0
Justin Jackson,SAC,68.0,22.1,2.7,6.2,0.442,0.8,0.308,1.9,0.547,0.51,0.4,0.5,0.722,0.4,2.4,2.8,1.1,0.4,0.2,0.6,6.7,2017-18,0.52,0.1,0,25,0
Luke Kornet,NYK,20.0,16.3,2.5,6.3,0.392,1.4,0.354,1.1,0.457,0.504,0.4,0.6,0.727,0.6,2.7,3.2,1.3,0.3,0.8,0.6,6.7,2017-18,0.51,0.39,0,22,0
Kosta Koufos,SAC,71.0,19.6,3.1,5.5,0.571,0.0,,3.1,0.571,0.571,0.5,1.0,0.446,2.1,4.5,6.6,1.2,0.7,0.5,0.7,6.7,2017-18,0.56,0.17,0,25,0
Malik Monk,CHO,63.0,13.6,2.4,6.7,0.36,1.3,0.342,1.1,0.385,0.458,0.5,0.6,0.842,0.1,0.9,1.0,1.4,0.3,0.1,0.8,6.7,2017-18,0.48,0.07,0,20,0
Jordan Crawford,NOP,5.0,10.6,2.4,5.4,0.444,1.6,0.571,0.8,0.308,0.593,0.2,0.2,1.0,0.4,0.4,0.8,2.6,0.2,0.2,1.0,6.6,2017-18,0.6,1.28,0,9,1
Shaquille Harrison,PHO,23.0,16.7,2.6,5.4,0.476,0.3,0.231,2.3,0.541,0.5,1.2,1.7,0.737,0.4,2.3,2.7,2.4,1.1,0.3,1.0,6.6,2017-18,0.54,0.38,0,30,0
Danuel House Jr.,PHO,23.0,17.5,2.4,5.6,0.434,0.7,0.259,1.8,0.577,0.492,1.1,1.3,0.806,0.6,2.7,3.3,1.1,0.3,0.3,0.5,6.6,2017-18,0.53,0.33,0,30,0
Isaiah Taylor,ATL,67.0,17.4,2.4,5.8,0.418,0.3,0.25,2.1,0.461,0.444,1.5,2.1,0.702,0.3,1.1,1.4,3.1,0.5,0.1,1.3,6.6,2017-18,0.49,0.1,0,27,0
Dragan Bender,PHO,82.0,25.2,2.3,5.9,0.386,1.4,0.366,0.8,0.426,0.508,0.5,0.6,0.765,0.5,3.9,4.4,1.6,0.3,0.6,1.4,6.5,2017-18,0.53,0.1,0,30,0
Tyson Chandler,PHO,46.0,25.0,2.6,4.1,0.647,0.0,,2.6,0.647,0.647,1.3,2.0,0.624,2.9,6.2,9.1,1.2,0.3,0.6,1.3,6.5,2017-18,0.65,0.31,0,30,0
Maurice Harkless,POR,59.0,21.4,2.5,5.0,0.495,0.8,0.415,1.7,0.547,0.577,0.7,1.0,0.712,0.8,2.0,2.7,0.9,0.8,0.7,0.7,6.5,2017-18,0.6,0.14,0,7,1
Nenê,HOU,52.0,14.6,2.6,4.6,0.569,0.0,0.0,2.6,0.574,0.569,1.3,2.1,0.636,1.0,2.3,3.4,0.9,0.5,0.3,0.7,6.5,2017-18,0.59,0.16,0,1,1
Richaun Holmes,PHI,48.0,15.5,2.8,5.0,0.56,0.1,0.129,2.7,0.624,0.568,0.8,1.2,0.661,1.2,3.2,4.4,1.3,0.4,0.6,0.5,6.5,2017-18,0.59,0.21,0,5,1
Josh Gray,PHO,5.0,17.2,2.2,8.2,0.268,0.6,0.231,1.6,0.286,0.305,1.4,2.2,0.636,0.4,1.6,2.0,2.4,1.6,0.4,1.4,6.4,2017-18,0.35,0.92,0,30,0
Sean Kilpatrick,4TM,52.0,12.3,2.1,5.7,0.374,0.9,0.319,1.2,0.427,0.452,1.2,1.4,0.889,0.1,1.6,1.7,0.9,0.3,0.1,0.7,6.3,2017-18,0.5,0.09,0,-1,0
Sean Kilpatrick,BRK,16.0,11.4,1.6,5.4,0.287,0.7,0.256,0.9,0.318,0.351,1.1,1.2,0.947,0.1,2.1,2.2,0.9,0.1,0.1,1.0,4.9,2017-18,0.41,0.21,0,23,0
Sean Kilpatrick,MIL,23.0,8.9,1.3,3.6,0.378,0.6,0.283,0.8,0.5,0.457,0.8,0.8,0.947,0.0,1.0,1.1,0.7,0.2,0.0,0.4,4.0,2017-18,0.51,0.14,0,15,1
Sean Kilpatrick,LAC,4.0,9.5,1.8,4.5,0.389,0.8,0.429,1.0,0.364,0.472,0.5,0.5,1.0,0.0,0.5,0.5,0.8,0.0,0.0,0.3,4.8,2017-18,0.51,0.77,0,18,0
Sean Kilpatrick,CHI,9.0,23.8,5.2,11.9,0.439,2.1,0.396,3.1,0.475,0.528,2.9,3.6,0.813,0.3,2.4,2.8,1.4,0.7,0.3,1.3,15.4,2017-18,0.57,1.32,0,24,0
Trevor Booker,3TM,68.0,17.0,2.6,5.0,0.516,0.1,0.242,2.5,0.545,0.528,1.0,1.4,0.71,1.7,3.0,4.7,1.2,0.4,0.3,0.9,6.3,2017-18,0.56,0.14,0,-1,0
Trevor Booker,BRK,18.0,21.9,4.3,8.3,0.513,0.2,0.25,4.1,0.536,0.523,1.3,2.4,0.558,2.1,4.5,6.6,2.1,0.4,0.3,1.7,10.1,2017-18,0.54,0.71,0,23,0
Trevor Booker,PHI,33.0,15.0,1.8,3.3,0.56,0.1,0.286,1.8,0.578,0.569,1.0,1.2,0.821,1.4,2.3,3.7,0.8,0.5,0.3,0.6,4.7,2017-18,0.61,0.23,0,5,1
Trevor Booker,IND,17.0,15.8,2.3,4.9,0.464,0.2,0.214,2.1,0.514,0.482,0.6,0.6,0.909,1.9,2.6,4.5,1.0,0.2,0.3,0.5,5.4,2017-18,0.52,0.49,0,8,1
Troy Williams,2TM,21.0,14.6,2.4,5.2,0.468,0.5,0.289,1.9,0.563,0.518,1.0,1.4,0.667,1.0,2.0,3.0,0.8,1.0,0.2,0.9,6.3,2017-18,0.54,0.34,0,-1,0
Jahlil Okafor,2TM,28.0,12.6,2.8,4.9,0.558,0.0,0.25,2.7,0.567,0.562,0.8,1.0,0.724,0.8,2.3,3.0,0.4,0.1,0.6,0.8,6.3,2017-18,0.59,0.26,0,-1,0
Malcolm Delaney,ATL,54.0,18.8,2.0,5.3,0.382,0.9,0.371,1.2,0.391,0.463,1.4,1.7,0.804,0.2,1.7,1.9,3.0,0.6,0.1,1.2,6.3,2017-18,0.52,0.13,0,27,0
T.J. McConnell,PHI,76.0,22.4,2.8,5.5,0.499,0.4,0.435,2.4,0.51,0.531,0.4,0.5,0.795,0.5,2.5,3.0,4.0,1.2,0.2,1.5,6.3,2017-18,0.55,0.14,0,5,1
Jodie Meeks,WAS,77.0,14.5,2.0,5.1,0.399,0.9,0.343,1.1,0.464,0.491,1.3,1.5,0.863,0.2,1.4,1.6,0.9,0.4,0.1,0.5,6.3,2017-18,0.55,0.07,0,17,1
Isaiah Whitehead,BRK,16.0,11.3,2.5,5.4,0.465,0.4,0.389,2.1,0.485,0.506,0.8,1.2,0.684,0.3,1.4,1.6,1.3,0.5,0.1,1.5,6.3,2017-18,0.53,0.31,0,23,0
Justin Anderson,PHI,38.0,13.7,2.3,5.3,0.431,0.9,0.33,1.4,0.535,0.515,0.7,1.0,0.737,0.7,1.8,2.4,0.7,0.4,0.2,0.4,6.2,2017-18,0.54,0.16,0,5,1
Langston Galloway,DET,58.0,14.9,2.2,5.9,0.371,1.3,0.344,0.9,0.418,0.481,0.6,0.7,0.805,0.2,1.4,1.6,1.0,0.6,0.1,0.3,6.2,2017-18,0.5,0.09,0,19,0
Kobi Simmons,MEM,32.0,20.1,2.5,5.9,0.423,0.3,0.282,2.2,0.46,0.452,0.8,0.8,1.0,0.4,1.1,1.6,2.1,0.6,0.2,1.4,6.1,2017-18,0.49,0.18,0,29,0
P.J. Tucker,HOU,82.0,27.8,2.1,5.4,0.39,1.4,0.371,0.7,0.435,0.52,0.5,0.7,0.717,1.1,4.4,5.6,0.9,1.0,0.3,0.9,6.1,2017-18,0.53,0.12,0,1,1
Boban Marjanović,2TM,39.0,8.6,2.0,3.8,0.534,0.0,,2.0,0.534,0.534,2.0,2.5,0.794,1.2,2.5,3.7,0.6,0.3,0.3,0.9,6.0,2017-18,0.61,0.2,0,-1,0
Aron Baynes,BOS,81.0,18.3,2.6,5.5,0.471,0.0,0.143,2.6,0.487,0.474,0.7,1.0,0.756,1.6,3.8,5.4,1.1,0.3,0.6,1.0,6.0,2017-18,0.51,0.11,0,4,1
Andre Iguodala,GSW,64.0,25.3,2.3,5.0,0.463,0.5,0.282,1.8,0.567,0.514,0.9,1.4,0.632,0.8,3.1,3.8,3.3,0.8,0.6,1.0,6.0,2017-18,0.53,0.16,0,3,1
Rodney Purvis,ORL,16.0,18.1,2.2,6.7,0.327,0.8,0.25,1.4,0.4,0.388,0.8,0.9,0.867,0.1,1.6,1.7,1.1,0.2,0.2,0.6,6.0,2017-18,0.42,0.25,0,26,0
Quincy Acy,BRK,70.0,19.4,1.9,5.2,0.356,1.5,0.349,0.4,0.384,0.496,0.7,0.9,0.817,0.6,3.1,3.7,0.8,0.5,0.4,0.9,5.9,2017-18,0.53,0.1,0,23,0
OG Anunoby,TOR,74.0,20.0,2.2,4.7,0.471,1.0,0.371,1.2,0.604,0.577,0.5,0.8,0.629,0.6,1.9,2.5,0.7,0.7,0.2,0.6,5.9,2017-18,0.58,0.09,0,2,1
Dāvis Bertāns,SAS,77.0,14.1,2.1,4.8,0.44,1.2,0.373,0.9,0.588,0.568,0.5,0.6,0.816,0.2,1.8,2.0,1.0,0.3,0.4,0.5,5.9,2017-18,0.58,0.08,0,13,1
Gorgui Dieng,MIN,79.0,16.9,2.4,4.9,0.479,0.2,0.311,2.1,0.511,0.504,1.0,1.3,0.775,1.3,3.2,4.6,0.9,0.6,0.5,0.7,5.9,2017-18,0.54,0.11,0,12,1
Kenneth Faried,DEN,32.0,14.4,2.4,4.6,0.514,0.0,0.0,2.4,0.517,0.514,1.1,1.6,0.706,2.1,2.7,4.8,0.6,0.4,0.4,0.7,5.9,2017-18,0.56,0.27,0,14,0
Dorian Finney-Smith,DAL,21.0,21.3,2.2,5.8,0.38,1.0,0.299,1.2,0.481,0.463,0.5,0.7,0.733,1.0,2.5,3.6,1.2,0.5,0.2,1.0,5.9,2017-18,0.48,0.31,0,28,0
Frank Ntilikina,NYK,78.0,21.9,2.3,6.4,0.364,0.6,0.318,1.7,0.385,0.414,0.6,0.9,0.721,0.5,1.8,2.3,3.2,0.8,0.2,1.7,5.9,2017-18,0.43,0.08,0,22,0
Deyonta Davis,MEM,62.0,15.2,2.6,4.3,0.608,0.0,,2.6,0.608,0.608,0.6,0.9,0.667,1.2,2.8,4.0,0.6,0.2,0.6,0.5,5.8,2017-18,0.62,0.14,0,29,0
Jonas Jerebko,UTA,74.0,15.3,2.1,4.6,0.466,0.9,0.414,1.3,0.511,0.562,0.6,0.8,0.807,0.7,2.6,3.3,0.6,0.3,0.2,0.4,5.8,2017-18,0.59,0.1,0,10,1
Timothé Luwawu-Cabarrot,PHI,52.0,15.5,1.9,5.1,0.375,1.0,0.335,0.9,0.431,0.474,0.9,1.1,0.793,0.3,1.1,1.4,1.0,0.2,0.1,0.7,5.8,2017-18,0.52,0.08,0,5,1
Xavier Rathan-Mayes,MEM,5.0,23.6,2.4,8.4,0.286,0.2,0.071,2.2,0.393,0.298,0.8,1.8,0.444,0.0,1.0,1.0,3.6,1.2,0.6,2.2,5.8,2017-18,0.32,0.6,0,29,0
Tristan Thompson,CLE,53.0,20.2,2.5,4.4,0.562,0.0,,2.5,0.562,0.562,0.8,1.5,0.544,2.4,4.3,6.6,0.6,0.3,0.3,0.7,5.8,2017-18,0.57,0.19,0,6,1
Dante Cunningham,2TM,73.0,21.4,2.2,5.0,0.451,0.8,0.345,1.5,0.541,0.53,0.4,0.7,0.596,1.1,3.0,4.1,0.7,0.5,0.4,0.5,5.7,2017-18,0.54,0.11,0,-1,0
Bismack Biyombo,ORL,82.0,18.2,2.2,4.3,0.52,0.0,0.0,2.2,0.521,0.52,1.2,1.9,0.65,1.8,4.0,5.7,0.8,0.3,1.2,1.0,5.7,2017-18,0.55,0.12,0,26,0
Omri Casspi,GSW,53.0,14.0,2.3,3.9,0.58,0.2,0.455,2.1,0.595,0.604,0.9,1.3,0.725,0.6,3.2,3.8,1.0,0.3,0.4,0.7,5.7,2017-18,0.64,0.16,0,3,1
Jack Cooley,SAC,7.0,12.4,1.9,3.9,0.481,0.0,,1.9,0.481,0.481,2.0,2.7,0.737,2.0,2.3,4.3,0.9,0.1,0.0,0.4,5.7,2017-18,0.56,1.13,0,25,0
Jameel Warney,DAL,3.0,9.0,2.3,4.0,0.583,0.0,,2.3,0.583,0.583,1.0,1.7,0.6,1.3,1.7,3.0,0.0,0.0,0.0,0.3,5.7,2017-18,0.6,2.0,0,28,0
Cristiano Felício,CHI,55.0,17.8,2.3,3.9,0.591,0.0,0.0,2.3,0.596,0.591,1.0,1.5,0.667,1.5,2.7,4.2,1.0,0.3,0.2,1.0,5.6,2017-18,0.61,0.15,0,24,0
Ivan Rabb,MEM,36.0,14.3,2.4,4.2,0.566,0.0,,2.4,0.566,0.566,0.8,1.0,0.806,1.5,2.9,4.4,0.9,0.3,0.4,1.0,5.6,2017-18,0.6,0.24,0,29,0
Omari Johnson,MEM,4.0,18.8,2.3,5.3,0.429,1.0,0.333,1.3,0.556,0.524,0.0,0.0,,1.0,1.8,2.8,1.8,0.5,0.0,0.8,5.5,2017-18,0.52,1.7,0,29,0
Shaun Livingston,GSW,71.0,15.9,2.4,4.8,0.501,0.0,0.0,2.4,0.509,0.501,0.7,0.9,0.82,0.5,1.4,1.8,2.0,0.5,0.3,0.8,5.5,2017-18,0.53,0.09,0,3,1
Norman Powell,TOR,70.0,15.2,2.1,5.3,0.401,0.8,0.285,1.4,0.516,0.472,0.5,0.6,0.821,0.2,1.5,1.7,1.3,0.5,0.2,0.9,5.5,2017-18,0.49,0.07,0,2,1
C.J. Williams,LAC,38.0,18.6,2.3,5.2,0.442,0.6,0.282,1.7,0.546,0.497,0.3,0.4,0.813,0.3,1.2,1.5,1.1,0.8,0.3,0.5,5.5,2017-18,0.51,0.15,0,18,0
Wade Baldwin,POR,7.0,11.4,2.0,3.0,0.667,0.6,0.8,1.4,0.625,0.762,0.9,1.4,0.6,0.1,1.0,1.1,0.7,0.3,0.1,0.6,5.4,2017-18,0.75,0.79,0,7,1
Vince Carter,SAC,58.0,17.7,2.0,4.9,0.403,1.0,0.345,1.0,0.483,0.504,0.5,0.6,0.757,0.3,2.2,2.6,1.2,0.7,0.4,0.6,5.4,2017-18,0.52,0.12,0,25,0
Pat Connaughton,POR,82.0,18.1,2.0,4.8,0.423,0.9,0.352,1.1,0.506,0.518,0.5,0.5,0.841,0.4,1.5,2.0,1.1,0.3,0.3,0.5,5.4,2017-18,0.54,0.07,0,7,1
Myke Henry,MEM,20.0,18.9,2.1,5.5,0.376,1.0,0.328,1.1,0.431,0.463,0.3,0.5,0.6,0.5,1.4,1.9,1.1,1.6,0.3,1.0,5.4,2017-18,0.47,0.29,0,29,0
Jonathan Isaac,ORL,27.0,19.9,2.0,5.4,0.379,0.6,0.348,1.4,0.394,0.434,0.7,0.9,0.76,0.6,3.1,3.7,0.7,1.2,1.1,1.0,5.4,2017-18,0.47,0.28,0,26,0
Wesley Johnson,LAC,74.0,20.1,2.0,5.0,0.408,0.8,0.339,1.2,0.471,0.489,0.6,0.8,0.741,0.4,2.5,2.9,0.8,1.0,0.8,0.7,5.4,2017-18,0.5,0.09,0,18,0
Maxi Kleber,DAL,72.0,16.8,2.1,4.3,0.489,0.6,0.313,1.5,0.613,0.553,0.6,0.8,0.746,1.0,2.3,3.3,0.7,0.4,0.7,0.4,5.4,2017-18,0.58,0.11,0,28,0
Jon Leuer,DET,8.0,17.0,1.9,4.5,0.417,0.0,0.0,1.9,0.455,0.417,1.6,1.9,0.867,0.9,3.1,4.0,0.6,0.1,0.4,0.9,5.4,2017-18,0.51,0.84,0,19,0
Zaza Pachulia,GSW,69.0,14.1,2.2,3.8,0.564,0.0,0.0,2.2,0.567,0.564,1.1,1.3,0.806,1.3,3.4,4.7,1.6,0.6,0.2,1.0,5.4,2017-18,0.62,0.14,0,3,1
Corey Brewer,2TM,72.0,16.8,2.0,4.4,0.449,0.4,0.282,1.5,0.539,0.498,0.9,1.3,0.722,0.6,1.5,2.1,0.9,1.1,0.2,0.7,5.3,2017-18,0.53,0.08,0,-1,0
Ed Davis,POR,78.0,18.9,2.2,3.7,0.582,0.0,0.0,2.2,0.584,0.582,0.9,1.4,0.667,2.3,5.0,7.4,0.5,0.4,0.7,0.8,5.3,2017-18,0.61,0.15,0,7,1
Daniel Theis,BOS,63.0,14.9,2.0,3.7,0.541,0.3,0.31,1.7,0.617,0.579,1.0,1.3,0.753,1.4,2.9,4.3,0.9,0.5,0.8,0.9,5.3,2017-18,0.62,0.14,0,4,1
Luke Babbitt,2TM,50.0,14.3,1.8,4.3,0.423,1.2,0.385,0.6,0.525,0.563,0.3,0.4,0.773,0.1,1.8,1.9,0.6,0.2,0.1,0.4,5.2,2017-18,0.58,0.1,0,-1,0
DeAndre' Bembry,ATL,26.0,17.5,2.0,4.9,0.414,0.4,0.367,1.6,0.429,0.457,0.7,1.3,0.576,0.3,2.5,2.8,1.9,0.8,0.5,1.8,5.2,2017-18,0.48,0.23,0,27,0
Brandon Jennings,MIL,14.0,14.6,1.9,5.1,0.375,0.6,0.273,1.3,0.462,0.438,0.7,0.7,1.0,0.4,1.9,2.2,3.1,0.4,0.3,1.3,5.2,2017-18,0.48,0.48,0,15,1
Willy Hernangómez,2TM,48.0,10.3,1.9,3.4,0.555,0.1,0.417,1.8,0.566,0.57,1.2,1.9,0.656,1.3,2.5,3.8,0.7,0.4,0.3,0.7,5.1,2017-18,0.6,0.15,0,-1,0
Jamel Artis,ORL,15.0,18.6,2.1,5.3,0.392,0.5,0.276,1.5,0.46,0.443,0.5,0.8,0.583,0.3,2.3,2.5,1.2,0.1,0.2,0.5,5.1,2017-18,0.45,0.34,0,26,0
Tyus Jones,MIN,82.0,17.9,1.8,4.0,0.457,0.5,0.349,1.3,0.528,0.526,0.9,1.0,0.877,0.2,1.4,1.6,2.8,1.2,0.1,0.7,5.1,2017-18,0.57,0.1,0,12,1
Rodney McGruder,MIA,18.0,16.6,2.0,4.1,0.493,0.8,0.429,1.2,0.553,0.596,0.2,0.4,0.5,0.6,1.2,1.8,0.9,0.4,0.2,0.2,5.1,2017-18,0.6,0.33,0,16,1
Shabazz Muhammad,2TM,43.0,9.7,2.0,4.4,0.447,0.2,0.259,1.8,0.478,0.465,0.9,1.2,0.78,0.5,1.2,1.8,0.3,0.2,0.1,0.1,5.0,2017-18,0.51,0.11,0,-1,0
Channing Frye,2TM,53.0,13.1,2.0,4.0,0.491,0.7,0.339,1.2,0.67,0.583,0.3,0.4,0.895,0.2,2.3,2.5,0.7,0.3,0.2,0.4,5.0,2017-18,0.6,0.12,0,-1,0
Royce O'Neale,UTA,69.0,16.7,1.7,4.1,0.423,0.6,0.356,1.1,0.47,0.496,0.9,1.1,0.803,0.4,3.1,3.4,1.4,0.5,0.2,0.8,5.0,2017-18,0.55,0.1,0,10,1
Andre Roberson,OKC,39.0,26.6,2.2,4.2,0.537,0.2,0.222,2.0,0.627,0.562,0.3,1.0,0.316,1.9,2.8,4.7,1.2,1.2,0.9,0.8,5.0,2017-18,0.54,0.24,0,11,1
Brandan Wright,2TM,28.0,13.6,2.1,3.6,0.578,0.0,,2.1,0.578,0.578,0.8,1.2,0.636,1.2,2.2,3.4,0.5,0.5,0.9,0.3,5.0,2017-18,0.61,0.29,0,-1,0
Noah Vonleh,2TM,54.0,16.2,1.9,4.3,0.444,0.4,0.303,1.6,0.5,0.487,0.7,1.1,0.621,1.3,4.5,5.8,0.6,0.4,0.3,0.6,4.9,2017-18,0.51,0.16,0,-1,0
Ramon Sessions,2TM,28.0,14.0,1.5,4.2,0.359,0.3,0.308,1.2,0.374,0.393,1.6,2.0,0.772,0.2,1.1,1.4,2.8,0.5,0.1,1.1,4.9,2017-18,0.48,0.2,0,-1,0
Jameer Nelson,2TM,50.0,20.3,1.9,4.9,0.389,0.8,0.331,1.1,0.45,0.473,0.3,0.4,0.8,0.3,1.8,2.1,3.6,0.5,0.1,1.3,4.9,2017-18,0.48,0.14,0,-1,0
Cheick Diallo,NOP,52.0,11.2,2.0,3.4,0.58,0.0,,2.0,0.58,0.58,1.0,1.3,0.758,0.9,3.2,4.1,0.4,0.2,0.4,0.5,4.9,2017-18,0.62,0.15,0,9,1
Jawun Evans,LAC,48.0,16.2,1.9,5.3,0.352,0.3,0.278,1.5,0.372,0.381,0.8,1.0,0.776,0.2,1.6,1.8,2.1,0.8,0.1,0.9,4.8,2017-18,0.42,0.11,0,18,0
Ian Mahinmi,WAS,77.0,14.9,1.8,3.2,0.556,0.0,0.0,1.8,0.561,0.556,1.2,1.7,0.703,1.8,2.3,4.1,0.7,0.5,0.5,1.3,4.8,2017-18,0.61,0.1,0,17,1
Thon Maker,MIL,74.0,16.7,1.8,4.3,0.411,0.4,0.298,1.3,0.467,0.46,0.9,1.3,0.699,1.0,2.0,3.0,0.6,0.5,0.7,0.6,4.8,2017-18,0.49,0.08,0,15,1
JaVale McGee,GSW,65.0,9.5,2.1,3.4,0.621,0.0,0.0,2.1,0.638,0.621,0.6,0.8,0.731,0.9,1.7,2.6,0.5,0.3,0.9,0.4,4.8,2017-18,0.64,0.11,0,3,1
Johnny O'Bryant,CHO,36.0,10.5,1.9,4.8,0.398,0.4,0.326,1.5,0.422,0.439,0.6,0.7,0.84,0.8,1.8,2.6,0.4,0.3,0.2,0.4,4.8,2017-18,0.47,0.14,0,20,0
Álex Abrines,OKC,75.0,15.1,1.5,3.9,0.395,1.1,0.38,0.4,0.443,0.54,0.5,0.6,0.848,0.3,1.2,1.5,0.4,0.5,0.1,0.3,4.7,2017-18,0.56,0.06,0,11,1
Tony Allen,NOP,22.0,12.4,2.0,4.1,0.484,0.2,0.333,1.8,0.506,0.505,0.5,1.0,0.524,0.9,1.2,2.1,0.4,0.5,0.1,0.9,4.7,2017-18,0.52,0.2,0,9,1
Tyler Cavanaugh,ATL,39.0,13.3,1.7,3.9,0.441,0.8,0.36,0.9,0.556,0.546,0.4,0.5,0.81,1.2,2.1,3.3,0.7,0.2,0.1,0.4,4.7,2017-18,0.57,0.16,0,27,0
Jaylen Morris,ATL,6.0,16.3,2.2,5.3,0.406,0.3,0.2,1.8,0.5,0.438,0.0,0.0,,0.3,2.3,2.7,1.2,0.3,0.2,1.0,4.7,2017-18,0.44,0.83,0,27,0
JaKarr Sampson,SAC,22.0,15.6,2.0,3.7,0.543,0.2,0.5,1.8,0.549,0.574,0.5,0.7,0.625,1.0,2.6,3.5,0.4,0.4,1.0,0.4,4.7,2017-18,0.59,0.35,0,25,0
Jalen Jones,2TM,16.0,11.3,1.6,4.3,0.382,0.6,0.385,1.0,0.381,0.456,0.8,1.2,0.632,0.8,1.6,2.4,0.3,0.3,0.1,0.4,4.6,2017-18,0.48,0.26,0,-1,0
Willie Reed,2TM,42.0,10.2,1.9,2.9,0.669,0.0,0.5,1.9,0.672,0.674,0.8,1.3,0.582,0.8,2.0,2.9,0.2,0.2,0.5,0.5,4.6,2017-18,0.66,0.15,0,-1,0
Jordan Bell,GSW,57.0,14.2,2.0,3.2,0.627,0.0,0.0,2.0,0.641,0.627,0.5,0.8,0.682,1.1,2.6,3.6,1.8,0.6,1.0,0.9,4.6,2017-18,0.65,0.16,0,3,1
Michael Carter-Williams,CHO,52.0,16.1,1.5,4.4,0.332,0.3,0.237,1.2,0.365,0.362,1.4,1.7,0.82,0.7,1.9,2.7,2.2,0.8,0.4,1.0,4.6,2017-18,0.45,0.13,0,20,0
Amir Johnson,PHI,74.0,15.8,1.9,3.5,0.538,0.1,0.313,1.8,0.57,0.558,0.7,1.1,0.612,1.7,2.8,4.5,1.6,0.6,0.6,0.7,4.6,2017-18,0.58,0.12,0,5,1
Andrew White,ATL,15.0,13.9,1.7,4.9,0.342,1.2,0.367,0.5,0.292,0.466,0.1,0.3,0.25,0.3,2.0,2.3,0.4,0.2,0.1,0.5,4.6,2017-18,0.46,0.25,0,27,0
José Calderón,CLE,57.0,16.0,1.6,3.2,0.503,0.8,0.464,0.8,0.545,0.624,0.4,0.5,0.8,0.2,1.2,1.5,2.1,0.5,0.0,0.7,4.5,2017-18,0.66,0.11,0,6,1
Raul Neto,UTA,41.0,12.1,1.7,3.7,0.457,0.5,0.404,1.2,0.481,0.52,0.6,0.9,0.743,0.2,1.0,1.2,1.8,0.3,0.1,0.9,4.5,2017-18,0.55,0.11,0,10,1
Nik Stauskas,2TM,41.0,12.8,1.5,3.8,0.39,1.0,0.4,0.5,0.37,0.519,0.5,0.7,0.724,0.1,1.5,1.6,1.0,0.2,0.1,0.6,4.4,2017-18,0.54,0.1,0,-1,0
Zach Collins,POR,66.0,15.8,1.7,4.4,0.398,0.5,0.31,1.2,0.455,0.458,0.4,0.6,0.643,0.7,2.7,3.3,0.8,0.3,0.5,0.9,4.4,2017-18,0.47,0.08,0,7,1
Isaiah Hicks,NYK,18.0,13.3,1.8,4.0,0.458,0.1,0.222,1.7,0.492,0.472,0.7,1.0,0.667,0.6,1.7,2.3,0.9,0.1,0.2,0.9,4.4,2017-18,0.5,0.25,0,22,0
Nerlens Noel,DAL,30.0,15.7,1.8,3.5,0.524,0.0,0.0,1.8,0.529,0.524,0.7,0.9,0.75,1.6,4.0,5.6,0.7,1.0,0.7,0.9,4.4,2017-18,0.56,0.32,0,28,0
Emeka Okafor,NOP,26.0,13.6,1.8,3.7,0.505,0.0,,1.8,0.505,0.505,0.7,0.8,0.818,1.8,2.8,4.6,0.3,0.3,1.0,0.5,4.4,2017-18,0.54,0.31,0,9,1
Iman Shumpert,CLE,14.0,19.7,1.6,4.1,0.379,0.5,0.269,1.1,0.469,0.44,0.8,1.1,0.733,0.5,2.4,2.9,1.2,0.6,0.3,1.1,4.4,2017-18,0.48,0.39,0,6,1
Travis Wear,LAL,17.0,13.4,1.5,4.2,0.347,1.0,0.362,0.5,0.32,0.465,0.5,0.5,1.0,0.0,2.2,2.2,0.4,0.2,0.3,0.4,4.4,2017-18,0.5,0.26,0,21,0
Matthew Dellavedova,MIL,38.0,18.7,1.4,4.0,0.362,0.8,0.372,0.7,0.351,0.457,0.7,0.7,0.926,0.4,1.3,1.7,3.8,0.4,0.0,1.3,4.3,2017-18,0.5,0.17,0,15,1
Treveon Graham,CHO,63.0,16.7,1.5,3.5,0.434,0.6,0.412,0.9,0.452,0.525,0.7,0.9,0.695,0.7,1.3,1.9,0.9,0.5,0.0,0.4,4.3,2017-18,0.55,0.08,0,20,0
Shane Larkin,BOS,54.0,14.4,1.6,4.1,0.384,0.6,0.36,1.0,0.398,0.454,0.6,0.7,0.865,0.3,1.4,1.7,1.8,0.5,0.0,0.6,4.3,2017-18,0.49,0.09,0,4,1
Miles Plumlee,ATL,55.0,16.7,1.9,3.3,0.583,0.0,,1.9,0.583,0.583,0.5,1.1,0.45,1.4,2.7,4.1,0.8,0.3,0.5,1.1,4.3,2017-18,0.57,0.13,0,27,0
Khem Birch,ORL,42.0,13.8,1.6,3.0,0.54,0.0,,1.6,0.54,0.54,1.0,1.5,0.689,1.7,2.6,4.3,0.8,0.4,0.5,0.5,4.2,2017-18,0.57,0.19,0,26,0
Torrey Craig,DEN,39.0,16.1,1.6,3.5,0.453,0.4,0.293,1.2,0.57,0.515,0.6,0.9,0.629,1.0,2.2,3.3,0.6,0.3,0.4,0.5,4.2,2017-18,0.54,0.16,0,14,0
Sam Dekker,LAC,73.0,12.1,1.8,3.5,0.494,0.1,0.167,1.6,0.593,0.514,0.5,0.8,0.661,0.6,1.8,2.4,0.5,0.3,0.1,0.5,4.2,2017-18,0.55,0.07,0,18,0
Timofey Mozgov,BRK,31.0,11.6,1.7,3.0,0.559,0.1,0.222,1.5,0.64,0.581,0.7,1.0,0.767,1.0,2.1,3.2,0.4,0.2,0.4,1.1,4.2,2017-18,0.61,0.18,0,23,0
Adreian Payne,ORL,5.0,8.6,1.4,2.0,0.7,0.4,0.667,1.0,0.714,0.8,1.0,1.2,0.833,0.4,1.4,1.8,0.0,0.4,0.0,0.4,4.2,2017-18,0.83,1.04,0,26,0
Damyean Dotson,NYK,44.0,10.8,1.6,3.7,0.447,0.5,0.324,1.1,0.538,0.516,0.4,0.5,0.696,0.2,1.7,1.9,0.7,0.3,0.0,0.4,4.1,2017-18,0.52,0.1,0,22,0
Tyler Ennis,LAL,54.0,12.6,1.7,4.1,0.42,0.3,0.25,1.5,0.476,0.451,0.4,0.5,0.759,0.4,1.4,1.8,1.9,0.6,0.2,0.7,4.1,2017-18,0.47,0.1,0,21,0
Joffrey Lauvergne,SAS,55.0,9.7,1.8,3.5,0.516,0.0,0.0,1.8,0.53,0.516,0.5,0.9,0.638,1.1,2.0,3.1,0.7,0.2,0.1,0.6,4.1,2017-18,0.53,0.1,0,13,1
Alec Peters,PHO,20.0,11.3,1.4,3.7,0.378,0.9,0.31,0.5,0.625,0.5,0.4,0.5,0.8,0.4,1.5,1.9,0.6,0.1,0.1,0.2,4.1,2017-18,0.52,0.21,0,30,0
Glenn Robinson III,IND,23.0,14.7,1.6,3.7,0.424,0.6,0.412,1.0,0.431,0.506,0.4,0.5,0.818,0.5,1.1,1.6,0.7,0.6,0.0,0.2,4.1,2017-18,0.52,0.2,0,8,1
Lance Thomas,NYK,73.0,18.5,1.4,3.7,0.382,0.7,0.403,0.7,0.364,0.476,0.6,0.7,0.83,0.6,1.8,2.4,0.6,0.4,0.2,0.5,4.1,2017-18,0.51,0.07,0,22,0
Sterling Brown,MIL,54.0,14.4,1.5,3.8,0.4,0.6,0.352,0.9,0.439,0.478,0.4,0.4,0.875,0.5,2.1,2.6,0.5,0.6,0.2,0.5,4.0,2017-18,0.5,0.09,0,15,1
Henry Ellenson,DET,38.0,8.7,1.4,3.8,0.363,0.5,0.333,0.9,0.384,0.432,0.7,0.8,0.862,0.3,1.9,2.1,0.5,0.1,0.0,0.5,4.0,2017-18,0.48,0.1,0,19,0
Kevon Looney,GSW,66.0,13.8,1.7,2.9,0.58,0.0,0.2,1.7,0.59,0.583,0.6,1.2,0.545,1.3,2.0,3.3,0.6,0.5,0.8,0.5,4.0,2017-18,0.58,0.1,0,3,1
Patrick McCaw,GSW,57.0,16.9,1.6,3.9,0.409,0.3,0.238,1.3,0.503,0.451,0.5,0.6,0.765,0.3,1.2,1.4,1.4,0.8,0.2,0.7,4.0,2017-18,0.48,0.08,0,3,1
Jordan Mickey,MIA,23.0,12.3,1.7,3.6,0.476,0.1,0.125,1.6,0.561,0.488,0.6,0.8,0.684,0.8,2.7,3.5,0.4,0.3,0.4,0.8,4.0,2017-18,0.51,0.25,0,16,1
Chinanu Onuaku,HOU,1.0,22.0,2.0,5.0,0.4,0.0,,2.0,0.4,0.4,0.0,0.0,,1.0,3.0,4.0,1.0,0.0,0.0,3.0,4.0,2017-18,0.4,3.0,0,1,1
Alan Williams,PHO,5.0,14.0,1.4,3.6,0.389,0.0,,1.4,0.389,0.389,1.2,1.8,0.667,0.6,3.8,4.4,1.6,1.0,0.2,1.4,4.0,2017-18,0.46,1.4,0,30,0
Paul Zipser,CHI,54.0,15.3,1.5,4.3,0.346,0.7,0.336,0.8,0.355,0.425,0.4,0.5,0.76,0.2,2.2,2.4,0.9,0.4,0.3,0.8,4.0,2017-18,0.44,0.08,0,24,0
Cedi Osman,CLE,61.0,11.0,1.5,3.0,0.484,0.5,0.368,1.0,0.586,0.57,0.4,0.8,0.565,0.3,1.7,2.0,0.7,0.4,0.0,0.5,3.9,2017-18,0.58,0.08,0,6,1
Patrick Patterson,OKC,82.0,15.5,1.3,3.2,0.398,0.8,0.386,0.5,0.421,0.523,0.5,0.6,0.87,0.4,2.0,2.4,0.7,0.6,0.3,0.4,3.9,2017-18,0.56,0.07,0,11,1
Sindarius Thornwell,LAC,73.0,15.8,1.4,3.2,0.429,0.3,0.377,1.1,0.448,0.479,0.8,1.2,0.67,0.5,1.5,1.9,0.9,0.7,0.3,0.7,3.9,2017-18,0.52,0.07,0,18,0
Joe Young,IND,53.0,10.5,1.5,3.5,0.43,0.5,0.379,1.0,0.458,0.497,0.4,0.5,0.759,0.2,1.0,1.2,0.7,0.3,0.0,0.5,3.9,2017-18,0.52,0.07,0,8,1
R.J. Hunter,HOU,5.0,9.0,1.4,4.0,0.35,0.6,0.214,0.8,0.667,0.425,0.4,0.4,1.0,0.0,1.0,1.0,0.6,0.6,0.0,0.4,3.8,2017-18,0.45,0.6,0,1,1
Wes Iwundu,ORL,62.0,16.5,1.5,3.5,0.427,0.1,0.196,1.4,0.488,0.447,0.5,0.8,0.723,0.6,1.6,2.2,0.9,0.5,0.2,0.5,3.7,2017-18,0.48,0.08,0,26,0
Marquis Teague,MEM,3.0,24.7,1.3,5.3,0.25,0.3,0.25,1.0,0.25,0.281,0.7,1.7,0.4,0.3,1.7,2.0,4.3,1.3,0.0,1.0,3.7,2017-18,0.31,1.77,0,29,0
Ante Žižić,CLE,32.0,6.7,1.5,2.1,0.731,0.0,,1.5,0.731,0.731,0.7,0.9,0.724,0.8,1.1,1.9,0.2,0.1,0.4,0.3,3.7,2017-18,0.74,0.16,0,6,1
Ivica Zubac,LAL,43.0,9.5,1.4,2.8,0.5,0.0,0.0,1.4,0.504,0.5,0.9,1.2,0.765,1.0,1.8,2.9,0.6,0.2,0.3,0.6,3.7,2017-18,0.56,0.13,0,21,0
Kay Felder,2TM,16.0,8.8,1.3,4.4,0.3,0.3,0.211,1.1,0.333,0.329,0.7,0.8,0.917,0.2,0.9,1.1,1.3,0.2,0.1,1.0,3.6,2017-18,0.38,0.13,0,-1,0
Alex Caruso,LAL,37.0,15.2,1.4,3.1,0.431,0.4,0.302,1.0,0.507,0.487,0.6,0.8,0.7,0.4,1.4,1.8,2.0,0.6,0.3,1.1,3.6,2017-18,0.52,0.14,0,21,0
Tarik Black,HOU,51.0,10.5,1.5,2.5,0.591,0.0,0.091,1.5,0.638,0.594,0.6,1.2,0.46,1.2,2.0,3.2,0.3,0.4,0.6,0.7,3.5,2017-18,0.58,0.11,0,1,1
Salah Mejri,DAL,61.0,12.0,1.4,2.2,0.642,0.0,0.0,1.4,0.657,0.642,0.6,1.1,0.576,1.4,2.6,4.0,0.6,0.4,1.1,0.6,3.5,2017-18,0.65,0.13,0,28,0
Malachi Richardson,2TM,26.0,12.5,1.2,3.5,0.333,0.5,0.3,0.7,0.36,0.4,0.7,0.8,0.773,0.2,1.1,1.3,0.5,0.4,0.0,0.4,3.4,2017-18,0.44,0.11,0,-1,0
Arron Afflalo,ORL,53.0,12.9,1.2,3.1,0.401,0.5,0.386,0.7,0.413,0.485,0.4,0.5,0.846,0.1,1.2,1.2,0.6,0.1,0.2,0.4,3.4,2017-18,0.51,0.06,0,26,0
Milton Doyle,BRK,10.0,12.5,1.3,4.7,0.277,0.4,0.174,0.9,0.375,0.319,0.4,0.8,0.5,0.3,1.5,1.8,1.0,0.6,0.2,0.2,3.4,2017-18,0.34,0.3,0,23,0
Walt Lemon Jr.,NOP,5.0,7.0,1.4,3.2,0.438,0.2,1.0,1.2,0.4,0.469,0.4,0.6,0.667,0.0,0.4,0.4,1.0,0.0,0.2,0.8,3.4,2017-18,0.49,0.44,0,9,1
Meyers Leonard,POR,33.0,7.7,1.4,2.4,0.59,0.3,0.423,1.1,0.673,0.66,0.3,0.3,0.818,0.4,1.8,2.1,0.5,0.2,0.0,0.3,3.4,2017-18,0.67,0.15,0,7,1
Jason Smith,WAS,33.0,8.6,1.4,3.5,0.391,0.1,0.125,1.2,0.494,0.409,0.6,0.6,0.905,0.5,1.1,1.6,0.4,0.1,0.4,0.5,3.4,2017-18,0.45,0.1,0,17,1
Dwayne Bacon,CHO,53.0,13.5,1.4,3.6,0.375,0.2,0.256,1.2,0.409,0.404,0.4,0.5,0.8,0.1,2.3,2.3,0.7,0.3,0.0,0.4,3.3,2017-18,0.43,0.07,0,20,0
Juancho Hernangómez,DEN,25.0,11.1,1.2,3.0,0.387,0.6,0.28,0.6,0.6,0.48,0.4,0.5,0.833,0.7,1.4,2.2,0.5,0.2,0.1,0.4,3.3,2017-18,0.51,0.16,0,14,0
Monte Morris,DEN,3.0,8.3,1.3,2.0,0.667,0.0,0.0,1.3,0.8,0.667,0.7,0.7,1.0,0.0,0.7,0.7,2.3,1.0,0.0,0.3,3.3,2017-18,0.71,2.1,0,14,0
David Stockton,UTA,3.0,3.0,0.7,1.0,0.667,0.7,0.667,0.0,,1.0,1.3,1.3,1.0,0.0,0.0,0.0,0.0,0.0,0.0,0.3,3.3,2017-18,1.05,0.9,0,10,1
Jason Terry,MIL,51.0,16.0,1.2,3.0,0.383,0.8,0.348,0.4,0.487,0.513,0.2,0.2,0.889,0.1,0.8,0.9,1.2,0.8,0.3,0.5,3.3,2017-18,0.53,0.08,0,15,1
Okaro White,MIA,6.0,13.3,1.2,2.7,0.438,0.7,0.364,0.5,0.6,0.563,0.3,0.5,0.667,0.5,1.3,1.8,0.3,0.2,0.2,0.2,3.3,2017-18,0.57,0.65,0,16,1
Malik Beasley,DEN,62.0,9.4,1.2,2.9,0.41,0.5,0.341,0.7,0.469,0.489,0.4,0.5,0.667,0.2,0.9,1.1,0.5,0.2,0.1,0.4,3.2,2017-18,0.51,0.05,0,14,0
Kyle Collinsworth,DAL,32.0,15.0,1.2,3.1,0.384,0.1,0.235,1.1,0.415,0.404,0.7,1.3,0.525,1.0,2.3,3.3,1.8,0.5,0.3,0.8,3.2,2017-18,0.44,0.18,0,28,0
Jared Dudley,PHO,48.0,14.3,1.0,2.5,0.393,0.6,0.363,0.4,0.452,0.512,0.6,0.7,0.771,0.2,1.8,2.0,1.6,0.5,0.2,0.6,3.2,2017-18,0.57,0.11,0,30,0
Derrick White,SAS,17.0,8.2,0.9,1.9,0.485,0.5,0.615,0.5,0.4,0.606,0.8,1.2,0.7,0.3,1.2,1.5,0.5,0.2,0.2,0.4,3.2,2017-18,0.66,0.22,0,13,1
Derrick Jones Jr.,2TM,20.0,12.3,1.1,2.7,0.396,0.2,0.167,0.9,0.514,0.425,0.8,1.2,0.667,1.1,0.9,1.9,0.5,0.2,0.7,0.4,3.1,2017-18,0.48,0.2,0,-1,0
Terrance Ferguson,OKC,61.0,12.5,1.1,2.8,0.414,0.7,0.333,0.5,0.612,0.533,0.1,0.2,0.9,0.3,0.5,0.8,0.3,0.4,0.2,0.2,3.1,2017-18,0.54,0.05,0,11,1
Nigel Hayes,3TM,9.0,13.6,1.2,3.7,0.333,0.4,0.25,0.8,0.412,0.394,0.1,0.3,0.333,0.4,2.0,2.4,0.7,0.2,0.3,0.2,3.0,2017-18,0.39,0.41,0,-1,0
Nigel Hayes,LAL,2.0,5.5,0.5,1.5,0.333,0.0,0.0,0.5,1.0,0.333,0.5,0.5,1.0,0.0,0.0,0.0,1.0,0.0,0.0,0.0,1.5,2017-18,0.44,0.75,0,21,0
Nigel Hayes,TOR,2.0,3.0,1.0,1.0,1.0,1.0,1.0,0.0,,1.5,0.0,0.0,,0.0,0.0,0.0,0.0,0.0,0.0,0.5,3.0,2017-18,1.5,1.25,0,2,1
Nigel Hayes,SAC,5.0,21.0,1.6,5.6,0.286,0.4,0.167,1.2,0.375,0.321,0.0,0.4,0.0,0.8,3.6,4.4,0.8,0.4,0.6,0.2,3.6,2017-18,0.31,1.04,0,25,0
Gary Payton II,2TM,23.0,9.6,1.3,3.2,0.405,0.3,0.24,1.0,0.49,0.446,0.1,0.4,0.333,0.6,1.3,1.9,0.9,0.3,0.1,0.3,3.0,2017-18,0.44,0.16,0,-1,0
Jabari Bird,BOS,13.0,8.8,1.2,2.0,0.577,0.2,0.429,0.9,0.632,0.635,0.5,1.0,0.462,0.5,1.0,1.5,0.6,0.2,0.1,0.6,3.0,2017-18,0.61,0.27,0,4,1
Anthony Brown,MIN,1.0,4.0,1.0,1.0,1.0,1.0,1.0,0.0,,1.5,0.0,0.0,,0.0,0.0,0.0,1.0,0.0,0.0,0.0,3.0,2017-18,1.5,4.0,0,12,1
Tim Frazier,WAS,59.0,14.2,1.2,2.9,0.395,0.3,0.304,0.9,0.44,0.445,0.4,0.5,0.767,0.3,1.6,1.9,3.3,0.8,0.1,1.0,3.0,2017-18,0.48,0.11,0,17,1
Naz Mitrou-Long,UTA,1.0,1.0,1.0,1.0,1.0,1.0,1.0,0.0,,1.5,0.0,0.0,,0.0,0.0,0.0,0.0,0.0,0.0,0.0,3.0,2017-18,1.5,3.0,0,10,1
Abdel Nader,BOS,48.0,10.9,1.0,3.1,0.336,0.5,0.354,0.6,0.321,0.413,0.5,0.8,0.59,0.3,1.2,1.5,0.5,0.3,0.2,0.7,3.0,2017-18,0.43,0.05,0,4,1
Kendrick Perkins,CLE,1.0,15.0,1.0,2.0,0.5,0.0,,1.0,0.5,0.5,1.0,2.0,0.5,0.0,1.0,1.0,2.0,1.0,0.0,1.0,3.0,2017-18,0.52,4.0,0,6,1
Davon Reed,PHO,21.0,11.5,1.0,3.6,0.289,0.5,0.289,0.5,0.289,0.362,0.4,0.6,0.667,0.1,1.8,1.9,0.6,0.5,0.1,0.5,3.0,2017-18,0.39,0.13,0,30,0
Gian Clavell,DAL,7.0,9.1,0.9,2.6,0.333,0.9,0.4,0.0,0.0,0.5,0.3,0.3,1.0,0.1,0.9,1.0,0.4,0.3,0.0,0.3,2.9,2017-18,0.53,0.37,0,28,0
T.J. Leaf,IND,53.0,8.7,1.2,2.6,0.471,0.3,0.429,0.9,0.489,0.537,0.2,0.3,0.625,0.5,1.0,1.5,0.2,0.1,0.1,0.2,2.9,2017-18,0.53,0.06,0,8,1
Briante Weber,2TM,18.0,13.2,1.1,2.4,0.442,0.2,0.364,0.8,0.469,0.488,0.4,0.6,0.8,0.4,1.5,1.9,1.2,1.0,0.3,0.8,2.8,2017-18,0.53,0.27,0,-1,0
Darrell Arthur,DEN,19.0,7.4,1.2,2.5,0.468,0.4,0.348,0.7,0.583,0.553,0.1,0.2,0.667,0.2,0.6,0.8,0.5,0.4,0.2,0.8,2.8,2017-18,0.54,0.13,0,14,0
James Young,PHI,6.0,10.2,0.8,2.3,0.357,0.5,0.3,0.3,0.5,0.464,0.7,1.0,0.667,0.0,0.3,0.3,0.3,0.0,0.0,0.2,2.8,2017-18,0.51,0.23,0,5,1
James Michael McAdoo,PHI,3.0,6.0,0.7,2.3,0.286,0.7,0.286,0.0,,0.429,0.7,0.7,1.0,0.0,0.7,0.7,0.0,0.0,0.3,0.3,2.7,2017-18,0.52,0.6,0,5,1
Semi Ojeleye,BOS,73.0,15.8,0.9,2.6,0.346,0.5,0.32,0.3,0.397,0.452,0.3,0.6,0.61,0.5,1.7,2.2,0.3,0.3,0.1,0.3,2.7,2017-18,0.47,0.05,0,4,1
Josh Magette,ATL,18.0,12.0,0.8,2.6,0.326,0.4,0.364,0.4,0.292,0.413,0.4,0.4,1.0,0.1,0.9,1.1,3.2,0.4,0.1,0.5,2.6,2017-18,0.47,0.28,0,27,0
Ekpe Udoh,UTA,63.0,12.9,1.0,1.9,0.5,0.0,0.0,1.0,0.504,0.5,0.7,0.9,0.75,1.1,1.3,2.4,0.8,0.7,1.2,0.3,2.6,2017-18,0.57,0.1,0,10,1
Bobby Brown,HOU,20.0,5.8,1.0,2.9,0.328,0.6,0.275,0.4,0.444,0.422,0.1,0.1,0.5,0.0,0.4,0.4,0.6,0.2,0.0,0.5,2.5,2017-18,0.42,0.07,0,1,1
Malcolm Miller,TOR,15.0,8.4,0.9,1.9,0.464,0.5,0.381,0.3,0.714,0.607,0.3,0.3,1.0,0.3,0.7,1.0,0.2,0.1,0.1,0.3,2.5,2017-18,0.62,0.17,0,2,1
Lucas Nogueira,TOR,49.0,8.5,1.0,1.6,0.613,0.1,0.263,0.9,0.721,0.644,0.4,0.6,0.679,0.4,1.4,1.8,0.4,0.5,0.9,0.3,2.5,2017-18,0.67,0.1,0,2,1
Brice Johnson,2TM,18.0,5.4,1.1,2.3,0.476,0.0,0.0,1.1,0.488,0.476,0.2,0.3,0.6,0.5,1.2,1.7,0.1,0.5,0.3,0.3,2.4,2017-18,0.49,0.19,0,-1,0
Ron Baker,NYK,29.0,13.3,0.7,2.0,0.339,0.4,0.333,0.3,0.346,0.432,0.7,0.9,0.769,0.2,0.9,1.0,1.6,0.9,0.2,0.6,2.4,2017-18,0.5,0.14,0,22,0
Solomon Hill,NOP,12.0,15.6,0.9,3.4,0.268,0.3,0.19,0.6,0.35,0.317,0.3,0.5,0.5,0.8,2.3,3.0,1.8,0.6,0.1,0.8,2.4,2017-18,0.33,0.37,0,9,1
Chris McCullough,WAS,19.0,4.7,0.9,2.2,0.429,0.1,0.125,0.9,0.5,0.44,0.5,0.7,0.643,0.4,0.9,1.3,0.2,0.0,0.3,0.1,2.4,2017-18,0.48,0.14,0,17,1
Marcus Paige,CHO,5.0,5.6,0.8,2.8,0.286,0.4,0.25,0.4,0.333,0.357,0.4,0.4,1.0,0.0,0.8,0.8,0.6,0.0,0.0,0.0,2.4,2017-18,0.4,0.36,0,20,0
Guerschon Yabusele,BOS,33.0,7.1,0.8,1.8,0.426,0.4,0.324,0.4,0.583,0.525,0.5,0.7,0.682,0.5,1.1,1.6,0.5,0.1,0.2,0.4,2.4,2017-18,0.57,0.1,0,4,1
Rashad Vaughn,3TM,28.0,7.6,0.8,2.0,0.411,0.5,0.378,0.3,0.474,0.536,0.1,0.2,0.667,0.1,0.6,0.8,0.5,0.2,0.1,0.2,2.3,2017-18,0.55,0.09,0,-1,0
Rashad Vaughn,MIL,22.0,7.9,1.0,2.3,0.42,0.6,0.371,0.4,0.533,0.55,0.2,0.3,0.667,0.1,0.7,0.8,0.5,0.2,0.1,0.2,2.7,2017-18,0.56,0.12,0,15,1
Rashad Vaughn,BRK,1.0,4.0,0.0,0.0,,0.0,,0.0,,,0.0,0.0,,0.0,0.0,0.0,1.0,0.0,0.0,0.0,0.0,2017-18,,1.0,0,23,0
Rashad Vaughn,ORL,5.0,7.0,0.4,1.2,0.333,0.2,0.5,0.2,0.25,0.417,0.0,0.0,,0.2,0.6,0.8,0.0,0.2,0.0,0.4,1.0,2017-18,0.42,0.16,0,26,0
Aaron Brooks,MIN,32.0,5.9,0.9,2.2,0.406,0.3,0.355,0.5,0.447,0.486,0.3,0.3,0.727,0.2,0.3,0.5,0.6,0.2,0.0,0.3,2.3,2017-18,0.49,0.06,0,12,1
Lorenzo Brown,TOR,14.0,9.9,1.0,2.4,0.412,0.1,0.167,0.9,0.545,0.441,0.1,0.1,1.0,0.1,1.0,1.1,0.9,0.4,0.0,0.2,2.3,2017-18,0.47,0.22,0,2,1
John Holland,CLE,24.0,7.3,0.7,2.5,0.288,0.5,0.306,0.3,0.261,0.381,0.4,0.5,0.692,0.3,0.8,1.0,0.2,0.3,0.1,0.3,2.3,2017-18,0.42,0.07,0,6,1
Josh Huestis,OKC,69.0,14.2,0.9,2.6,0.33,0.5,0.287,0.4,0.403,0.42,0.1,0.3,0.3,0.6,1.7,2.3,0.3,0.2,0.6,0.4,2.3,2017-18,0.42,0.05,0,11,1
Brandon Paul,SAS,64.0,9.0,0.9,2.0,0.433,0.2,0.278,0.6,0.548,0.492,0.3,0.7,0.512,0.1,1.0,1.1,0.6,0.4,0.1,0.5,2.3,2017-18,0.5,0.04,0,13,1
Caleb Swanigan,POR,27.0,7.0,0.9,2.2,0.4,0.0,0.125,0.9,0.442,0.408,0.4,0.7,0.667,0.6,1.4,2.0,0.5,0.2,0.1,0.7,2.3,2017-18,0.46,0.1,0,7,1
Bruno Caboclo,2TM,12.0,8.9,0.8,2.6,0.29,0.3,0.176,0.5,0.429,0.339,0.4,0.5,0.833,0.6,1.3,1.8,0.3,0.3,0.3,0.3,2.2,2017-18,0.39,0.22,0,-1,0
Nick Collison,OKC,15.0,5.0,0.9,1.3,0.684,0.0,,0.9,0.684,0.684,0.3,0.9,0.385,0.5,0.9,1.3,0.3,0.0,0.0,0.5,2.1,2017-18,0.62,0.15,0,11,1
Eric Moreland,DET,67.0,12.0,1.0,1.8,0.541,0.0,,1.0,0.541,0.541,0.2,0.4,0.379,1.2,2.9,4.1,1.2,0.5,0.8,0.6,2.1,2017-18,0.53,0.11,0,19,0
Georgios Papagiannis,2TM,17.0,7.2,1.1,2.5,0.429,0.0,,1.1,0.429,0.429,0.0,0.0,,0.8,1.4,2.2,0.5,0.2,0.4,0.5,2.1,2017-18,0.42,0.21,0,-1,0
Ryan Arcidiacono,CHI,24.0,12.7,0.7,1.7,0.415,0.4,0.29,0.3,0.8,0.524,0.2,0.3,0.833,0.0,1.0,1.0,1.5,0.5,0.0,0.5,2.0,2017-18,0.55,0.14,0,24,0
Luol Deng,LAL,1.0,13.0,1.0,2.0,0.5,0.0,,1.0,0.5,0.5,0.0,0.0,,0.0,0.0,0.0,1.0,1.0,0.0,1.0,2.0,2017-18,0.5,2.0,0,21,0
Jeremy Evans,ATL,1.0,5.0,1.0,1.0,1.0,0.0,,1.0,1.0,1.0,0.0,0.0,,1.0,0.0,1.0,0.0,0.0,0.0,1.0,2.0,2017-18,1.0,2.0,0,27,0
Daniel Hamilton,OKC,6.0,4.7,0.8,1.8,0.455,0.3,0.4,0.5,0.5,0.545,0.0,0.0,,0.0,0.8,0.8,1.3,0.2,0.0,0.3,2.0,2017-18,0.56,0.5,0,11,1
Gordon Hayward,BOS,1.0,5.0,1.0,2.0,0.5,0.0,0.0,1.0,1.0,0.5,0.0,0.0,,0.0,1.0,1.0,0.0,0.0,0.0,0.0,2.0,2017-18,0.5,2.0,0,4,1
Mangok Mathiang,CHO,4.0,5.0,1.0,1.8,0.571,0.0,,1.0,0.571,0.571,0.0,0.3,0.0,0.8,1.8,2.5,0.0,0.3,0.0,0.0,2.0,2017-18,0.52,0.92,0,20,0
Justin Patton,MIN,1.0,4.0,1.0,2.0,0.5,0.0,,1.0,0.5,0.5,0.0,0.0,,0.0,0.0,0.0,0.0,1.0,0.0,0.0,2.0,2017-18,0.5,2.0,0,12,1
Quincy Pondexter,CHI,23.0,8.5,0.6,2.1,0.286,0.1,0.136,0.5,0.407,0.316,0.6,0.7,0.824,0.3,0.8,1.2,0.4,0.3,0.1,0.5,2.0,2017-18,0.42,0.08,0,24,0
Devin Robinson,WAS,1.0,13.0,1.0,3.0,0.333,0.0,,1.0,0.333,0.333,0.0,0.0,,2.0,3.0,5.0,0.0,1.0,0.0,0.0,2.0,2017-18,0.33,6.0,0,17,1
Edmond Sumner,IND,1.0,2.0,1.0,1.0,1.0,0.0,,1.0,1.0,1.0,0.0,0.0,,0.0,1.0,1.0,0.0,0.0,0.0,0.0,2.0,2017-18,1.0,3.0,0,8,1
Kyle Singler,OKC,12.0,4.9,0.6,1.8,0.333,0.2,0.4,0.4,0.313,0.381,0.6,1.1,0.538,0.1,0.8,0.8,0.2,0.1,0.0,0.3,1.9,2017-18,0.42,0.08,0,11,1
Dakari Johnson,OKC,31.0,5.2,0.7,1.3,0.564,0.0,,0.7,0.564,0.564,0.4,0.6,0.55,0.5,0.6,1.1,0.3,0.2,0.3,0.1,1.8,2017-18,0.58,0.09,0,11,1
Marshall Plumlee,MIL,8.0,6.5,0.1,0.4,0.333,0.0,,0.1,0.333,0.333,1.5,2.0,0.75,0.5,1.6,2.1,0.3,0.0,0.1,0.4,1.8,2017-18,0.7,0.39,0,15,1
Derrick Walton,MIA,16.0,9.2,0.5,1.6,0.32,0.4,0.412,0.1,0.125,0.46,0.4,0.4,1.0,0.1,0.9,1.0,1.0,0.4,0.2,0.1,1.8,2017-18,0.51,0.2,0,16,1
Larry Drew II,2TM,10.0,7.0,0.7,2.4,0.292,0.3,0.333,0.4,0.267,0.354,0.0,0.0,,0.3,0.0,0.3,1.0,0.0,0.0,0.3,1.7,2017-18,0.35,0.1,0,-1,0
DeAndre Liggins,2TM,58.0,12.5,0.7,1.8,0.377,0.3,0.358,0.4,0.396,0.467,0.0,0.1,0.4,0.1,1.2,1.3,0.8,0.6,0.2,0.3,1.7,2017-18,0.46,0.05,0,-1,0
Damian Jones,GSW,15.0,5.9,0.7,1.5,0.5,0.0,,0.7,0.5,0.5,0.2,0.3,0.6,0.3,0.6,0.9,0.1,0.1,0.2,0.3,1.7,2017-18,0.52,0.12,0,3,1
Joakim Noah,NYK,7.0,5.7,0.7,1.4,0.5,0.0,,0.7,0.5,0.5,0.3,0.6,0.5,0.9,1.1,2.0,0.6,0.3,0.3,0.6,1.7,2017-18,0.51,0.47,0,22,0
Damien Wilkins,IND,19.0,8.0,0.7,2.1,0.333,0.2,0.222,0.5,0.429,0.385,0.2,0.2,0.75,0.3,0.6,0.8,0.5,0.1,0.1,0.3,1.7,2017-18,0.39,0.08,0,8,1
Matt Williams,MIA,3.0,3.7,0.7,2.0,0.333,0.3,0.2,0.3,1.0,0.417,0.0,0.0,,0.0,0.3,0.3,0.0,0.0,0.0,0.3,1.7,2017-18,0.42,0.13,0,16,1
Furkan Korkmaz,PHI,14.0,5.7,0.6,2.0,0.286,0.4,0.294,0.2,0.273,0.375,0.1,0.3,0.5,0.1,0.6,0.8,0.3,0.1,0.1,0.1,1.6,2017-18,0.38,0.09,0,5,1
James Webb III,BRK,10.0,12.0,0.6,2.4,0.25,0.4,0.211,0.2,0.4,0.333,0.0,0.0,,0.8,1.6,2.4,0.4,0.1,0.0,0.4,1.6,2017-18,0.33,0.23,0,23,0
Andrew Bogut,LAL,24.0,9.0,0.7,1.0,0.68,0.0,,0.7,0.68,0.68,0.1,0.1,1.0,1.1,2.2,3.3,0.6,0.2,0.5,0.8,1.5,2017-18,0.72,0.21,0,21,0
Joel Bolomboy,MIL,6.0,6.3,0.5,1.0,0.5,0.0,0.0,0.5,0.6,0.5,0.5,1.0,0.5,1.0,0.7,1.7,0.0,0.3,0.0,0.3,1.5,2017-18,0.52,0.37,0,15,1
Thomas Bryant,LAL,15.0,4.8,0.5,1.4,0.381,0.1,0.1,0.5,0.636,0.405,0.3,0.6,0.556,0.2,0.9,1.1,0.4,0.1,0.1,0.1,1.5,2017-18,0.45,0.13,0,21,0
Vince Hunter,MEM,4.0,1.8,0.8,1.3,0.6,0.0,,0.8,0.6,0.6,0.0,0.0,,0.5,0.3,0.8,0.0,0.0,0.3,0.3,1.5,2017-18,0.58,0.45,0,29,0
Richard Jefferson,DEN,20.0,8.2,0.6,1.4,0.444,0.1,0.286,0.5,0.5,0.481,0.2,0.4,0.571,0.1,0.8,0.9,0.8,0.1,0.1,0.3,1.5,2017-18,0.48,0.11,0,14,0
Alfonzo McKinnie,TOR,14.0,3.8,0.6,1.1,0.533,0.2,0.333,0.4,0.833,0.633,0.1,0.2,0.667,0.1,0.4,0.5,0.1,0.1,0.1,0.2,1.5,2017-18,0.63,0.11,0,2,1
Jeff Withey,DAL,10.0,3.9,0.6,1.6,0.375,0.2,0.2,0.4,0.667,0.438,0.1,0.2,0.5,0.1,0.9,1.0,0.0,0.0,0.3,0.2,1.5,2017-18,0.44,0.15,0,28,0
Antonius Cleveland,2TM,17.0,7.2,0.5,1.2,0.381,0.2,0.75,0.3,0.294,0.452,0.2,0.4,0.667,0.2,0.6,0.8,0.1,0.4,0.3,0.4,1.4,2017-18,0.51,0.1,0,-1,0
Marcus Georges-Hunt,MIN,42.0,5.3,0.5,1.1,0.438,0.1,0.267,0.4,0.515,0.479,0.3,0.5,0.619,0.2,0.2,0.4,0.2,0.1,0.0,0.1,1.4,2017-18,0.53,0.03,0,12,1
Markel Brown,HOU,4.0,7.8,0.5,1.8,0.286,0.3,0.2,0.3,0.5,0.357,0.0,0.0,,0.3,1.0,1.3,0.5,0.0,0.0,0.5,1.3,2017-18,0.36,0.32,0,1,1
Tim Quarterman,HOU,3.0,4.3,0.3,1.0,0.333,0.0,0.0,0.3,1.0,0.333,0.7,0.7,1.0,0.0,1.0,1.0,0.3,0.0,0.0,0.7,1.3,2017-18,0.5,0.4,0,1,1
Ömer Aşık,2TM,18.0,10.1,0.5,1.2,0.409,0.0,,0.5,0.409,0.409,0.2,0.7,0.308,0.5,2.1,2.6,0.2,0.1,0.2,0.5,1.2,2017-18,0.4,0.14,0,-1,0
Ike Anigbogu,IND,11.0,2.7,0.4,0.8,0.444,0.0,,0.4,0.444,0.444,0.5,0.5,0.833,0.5,0.4,0.8,0.0,0.1,0.3,0.2,1.2,2017-18,0.59,0.16,0,8,1
Zhou Qi,HOU,18.0,6.9,0.3,1.8,0.188,0.1,0.105,0.2,0.308,0.219,0.4,0.7,0.667,0.3,0.9,1.2,0.1,0.1,0.8,0.6,1.2,2017-18,0.28,0.06,0,1,1
Demetrius Jackson,2TM,15.0,5.3,0.5,1.2,0.389,0.1,0.143,0.4,0.545,0.417,0.1,0.1,0.5,0.3,0.5,0.8,0.6,0.3,0.1,0.7,1.1,2017-18,0.44,0.1,0,-1,0
Kadeem Allen,BOS,18.0,5.9,0.3,1.2,0.273,0.0,0.0,0.3,0.545,0.273,0.4,0.5,0.778,0.2,0.4,0.6,0.7,0.2,0.1,0.5,1.1,2017-18,0.39,0.07,0,4,1
Darrun Hilliard,SAS,14.0,6.8,0.4,1.4,0.263,0.0,0.0,0.4,0.385,0.263,0.4,0.5,0.857,0.0,0.5,0.5,0.8,0.1,0.0,0.3,1.1,2017-18,0.34,0.08,0,13,1
Matt Costello,SAS,4.0,8.0,0.5,1.0,0.5,0.0,,0.5,0.5,0.5,0.0,0.0,,0.3,2.0,2.3,0.5,0.5,0.5,0.3,1.0,2017-18,0.5,1.0,0,13,1
PJ Dozier,OKC,2.0,1.5,0.5,1.0,0.5,0.0,,0.5,0.5,0.5,0.0,0.0,,0.0,0.5,0.5,0.0,0.0,0.0,0.5,1.0,2017-18,0.5,0.25,0,11,1
Reggie Hearn,DET,3.0,2.3,0.3,0.7,0.5,0.3,0.5,0.0,,0.75,0.0,0.0,,0.0,0.0,0.0,0.0,0.0,0.0,0.0,1.0,2017-18,0.71,0.2,0,19,0
Scotty Hopson,DAL,1.0,8.0,0.0,1.0,0.0,0.0,,0.0,0.0,0.0,1.0,2.0,0.5,0.0,0.0,0.0,1.0,0.0,0.0,1.0,1.0,2017-18,0.27,-1.0,0,28,0
Jake Layman,POR,35.0,4.6,0.4,1.3,0.298,0.1,0.2,0.3,0.37,0.34,0.1,0.1,0.667,0.1,0.3,0.5,0.3,0.2,0.1,0.1,1.0,2017-18,0.37,0.03,0,7,1
Georges Niang,UTA,9.0,3.6,0.4,1.2,0.364,0.0,0.0,0.4,0.571,0.364,0.1,0.2,0.5,0.3,0.7,1.0,0.3,0.2,0.0,0.3,1.0,2017-18,0.39,0.14,0,10,1
Alex Poythress,IND,25.0,4.2,0.4,1.0,0.423,0.2,0.364,0.3,0.467,0.5,0.0,0.0,,0.3,0.4,0.7,0.1,0.1,0.0,0.1,1.0,2017-18,0.5,0.05,0,8,1
Derrick Williams,LAL,2.0,4.5,0.5,2.0,0.25,0.0,0.0,0.5,0.5,0.25,0.0,0.0,,0.0,0.5,0.5,0.0,0.0,0.0,0.0,1.0,2017-18,0.25,0.0,0,21,0
D.J. Wilson,MIL,22.0,3.2,0.4,0.7,0.563,0.1,0.4,0.3,0.636,0.625,0.0,0.1,0.5,0.1,0.4,0.5,0.1,0.1,0.0,0.2,1.0,2017-18,0.67,0.05,0,15,1
Tony Bradley,UTA,9.0,3.2,0.3,1.2,0.273,0.0,0.0,0.3,0.3,0.273,0.2,0.2,1.0,0.4,0.8,1.2,0.1,0.0,0.0,0.0,0.9,2017-18,0.35,0.14,0,10,1
Julyan Stone,CHO,23.0,7.6,0.3,0.6,0.462,0.3,0.462,0.0,,0.692,0.0,0.1,0.5,0.0,1.2,1.3,1.1,0.2,0.1,0.3,0.8,2017-18,0.62,0.12,0,20,0
Jacob Wiley,BRK,5.0,6.6,0.2,0.8,0.25,0.2,0.5,0.0,0.0,0.375,0.2,0.4,0.5,0.4,1.8,2.2,0.4,0.2,0.0,0.0,0.8,2017-18,0.41,0.56,0,23,0
Jacob Pullen,PHI,3.0,2.0,0.3,0.7,0.5,0.0,0.0,0.3,1.0,0.5,0.0,0.0,,0.0,0.0,0.0,0.0,0.0,0.0,0.3,0.7,2017-18,0.5,0.0,0,5,1
Josh Smith,NOP,3.0,4.0,0.3,1.3,0.25,0.0,,0.3,0.25,0.25,0.0,0.0,,1.0,0.3,1.3,0.0,0.0,0.0,0.0,0.7,2017-18,0.27,0.33,0,9,1
Cole Aldrich,MIN,21.0,2.3,0.2,0.7,0.333,0.0,,0.2,0.333,0.333,0.1,0.3,0.333,0.1,0.6,0.7,0.1,0.1,0.0,0.0,0.6,2017-18,0.36,0.04,0,12,1
Vander Blue,LAL,5.0,9.0,0.2,1.0,0.2,0.0,0.0,0.2,0.333,0.2,0.2,0.4,0.5,0.0,0.2,0.2,0.6,0.2,0.0,0.6,0.6,2017-18,0.26,-0.0,0,21,0
Udonis Haslem,MIA,14.0,5.1,0.2,1.1,0.2,0.1,0.125,0.1,0.286,0.233,0.1,0.1,0.5,0.2,0.5,0.7,0.4,0.0,0.1,0.1,0.6,2017-18,0.26,0.06,0,16,1
Charles Cooke,NOP,13.0,2.9,0.2,1.1,0.143,0.1,0.125,0.1,0.167,0.179,0.1,0.2,0.5,0.0,0.2,0.2,0.1,0.1,0.0,0.1,0.5,2017-18,0.21,-0.02,0,9,1
Xavier Munford,MIL,6.0,3.5,0.2,1.0,0.167,0.0,0.0,0.2,0.25,0.167,0.2,0.3,0.5,0.2,0.0,0.2,0.7,0.2,0.0,0.3,0.5,2017-18,0.22,0.07,0,15,1
London Perrantes,CLE,14.0,4.7,0.1,0.9,0.154,0.0,0.0,0.1,0.2,0.154,0.2,0.4,0.6,0.1,0.2,0.3,0.4,0.1,0.1,0.1,0.5,2017-18,0.23,0.02,0,6,1
Nate Wolters,UTA,5.0,3.8,0.2,1.2,0.167,0.0,,0.2,0.167,0.167,0.0,0.0,,0.2,0.2,0.4,0.2,0.0,0.0,0.0,0.4,2017-18,0.17,0.0,0,10,1
Chris Boucher,GSW,1.0,1.0,0.0,1.0,0.0,0.0,0.0,0.0,,0.0,0.0,0.0,,0.0,1.0,1.0,0.0,0.0,0.0,0.0,0.0,2017-18,0.0,0.0,0,3,1
Nicolás Brussino,ATL,4.0,2.5,0.0,0.5,0.0,0.0,0.0,0.0,,0.0,0.0,0.0,,0.0,0.8,0.8,0.0,0.0,0.0,0.0,0.0,2017-18,0.0,0.08,0,27,0
Jarell Eddie,2TM,3.0,3.0,0.0,0.7,0.0,0.0,0.0,0.0,,0.0,0.0,0.0,,0.0,0.3,0.3,0.0,0.3,0.0,0.0,0.0,2017-18,0.0,-0.03,0,-1,0
Mindaugas Kuzminskas,NYK,1.0,2.0,0.0,2.0,0.0,0.0,,0.0,0.0,0.0,0.0,0.0,,0.0,0.0,0.0,0.0,0.0,0.0,0.0,0.0,2017-18,0.0,-2.0,0,22,0
Tyler Lydon,DEN,1.0,2.0,0.0,0.0,,0.0,,0.0,,,0.0,0.0,,0.0,0.0,0.0,0.0,0.0,0.0,0.0,0.0,2017-18,,0.0,0,14,0
Erik McCree,UTA,4.0,2.0,0.0,0.5,0.0,0.0,0.0,0.0,0.0,0.0,0.0,0.0,,0.0,0.3,0.3,0.0,0.3,0.0,0.3,0.0,2017-18,0.0,-0.05,0,10,1
Trey McKinney-Jones,IND,1.0,1.0,0.0,0.0,,0.0,,0.0,,,0.0,0.0,,0.0,0.0,0.0,0.0,0.0,0.0,0.0,0.0,2017-18,,0.0,0,8,1
Josh McRoberts,DAL,2.0,3.0,0.0,0.5,0.0,0.0,0.0,0.0,,0.0,0.0,0.0,,0.0,0.0,0.0,0.0,0.0,0.0,0.0,0.0,2017-18,0.0,-0.25,0,28,0
Luis Montero,DET,2.0,4.0,0.0,0.5,0.0,0.0,,0.0,0.0,0.0,0.0,0.0,,0.0,1.0,1.0,0.0,0.0,0.0,1.0,0.0,2017-18,0.0,-0.25,0,19,0
Ben Moore,IND,2.0,4.5,0.0,0.0,,0.0,,0.0,,,0.0,0.0,,0.0,0.5,0.5,0.5,0.0,0.0,0.0,0.0,2017-18,,0.5,0,8,1
Xavier Silas,BOS,2.0,3.5,0.0,1.5,0.0,0.0,0.0,0.0,0.0,0.0,0.0,0.0,,0.5,0.5,1.0,0.0,0.5,0.0,0.0,0.0,2017-18,0.0,0.0,0,4,1
League Average,,,,,,0.46,,0.362,,0.51,0.521,,,0.767,,,,,,,,,2017-18,,,0,-1,0
