Player,Team,G,MP,FG,FGA,FG%,3P,3P%,2P,2P%,eFG%,FT,FTA,FT%,ORB,DRB,TRB,AST,STL,BLK,TOV,PTS,Season,Previously_Nominated,TS%,EFF
Michael Jordan,CHI,82.0,40.0,13.4,27.8,0.482,0.1,0.182,13.2,0.491,0.484,10.2,11.9,0.857,2.0,3.2,5.2,4.6,2.9,1.5,3.3,37.1,1986-87,0,0.56,0.39
Dominique Wilkins,ATL,79.0,37.6,10.5,22.6,0.463,0.4,0.292,10.1,0.474,0.472,7.7,9.4,0.818,2.7,3.6,6.3,3.3,1.5,0.6,2.7,29.0,1986-87,1,0.54,0.31
Alex English,DEN,82.0,37.6,11.8,23.4,0.503,0.0,0.267,11.7,0.504,0.504,5.0,5.9,0.844,1.8,2.4,4.2,5.1,0.9,0.3,2.6,28.6,1986-87,1,0.55,0.29
Larry Bird,BOS,74.0,40.6,10.6,20.2,0.525,1.2,0.4,9.4,0.547,0.555,5.6,6.1,0.91,1.7,7.5,9.2,7.6,1.8,0.9,3.2,28.1,1986-87,1,0.61,0.46
Kiki Vandeweghe,POR,79.0,38.3,10.2,19.6,0.523,0.5,0.481,9.7,0.525,0.536,5.9,6.7,0.886,1.1,2.1,3.2,2.8,0.7,0.2,1.8,26.9,1986-87,0,0.6,0.28
Kevin McHale,BOS,77.0,39.7,10.3,17.0,0.604,0.0,0.0,10.3,0.606,0.604,5.6,6.6,0.836,3.2,6.7,9.9,2.6,0.5,2.2,2.6,26.1,1986-87,1,0.66,0.4
Mark Aguirre,DAL,80.0,33.3,9.8,19.9,0.495,0.7,0.353,9.2,0.51,0.512,5.4,7.0,0.77,2.3,3.1,5.3,3.2,1.1,0.4,2.7,25.7,1986-87,0,0.56,0.27
Dale Ellis,SEA,82.0,37.5,9.6,18.5,0.516,1.0,0.358,8.5,0.546,0.545,4.7,6.0,0.787,2.3,3.2,5.5,2.9,1.3,0.4,2.9,24.9,1986-87,0,0.59,0.27
Moses Malone,WSB,73.0,34.1,8.2,18.0,0.454,0.0,0.0,8.2,0.458,0.454,7.8,9.5,0.824,4.7,6.6,11.3,1.6,0.8,1.3,2.8,24.1,1986-87,1,0.54,0.34
Magic Johnson,LAL,80.0,36.3,8.5,16.4,0.522,0.1,0.205,8.4,0.532,0.525,6.7,7.9,0.848,1.5,4.8,6.3,12.2,1.7,0.5,3.8,23.9,1986-87,1,0.6,0.4
Walter Davis,PHO,79.0,33.5,9.9,19.2,0.514,0.3,0.259,9.6,0.529,0.521,3.6,4.2,0.862,1.1,1.9,3.1,4.6,1.2,0.1,2.9,23.6,1986-87,0,0.56,0.25
Hakeem Olajuwon,HOU,75.0,36.8,9.0,17.8,0.508,0.0,0.2,9.0,0.509,0.509,5.3,7.6,0.702,4.2,7.2,11.4,2.9,1.9,3.4,3.0,23.4,1986-87,1,0.55,0.39
Tom Chambers,SEA,82.0,36.8,8.0,17.6,0.456,0.7,0.372,7.4,0.466,0.475,6.5,7.7,0.849,2.0,4.7,6.6,3.0,1.0,0.6,3.3,23.3,1986-87,0,0.56,0.25
Charles Barkley,PHI,68.0,40.3,8.2,13.8,0.594,0.3,0.202,7.9,0.643,0.606,6.3,8.3,0.761,5.7,8.9,14.6,4.9,1.8,1.5,4.7,23.0,1986-87,1,0.66,0.49
Xavier McDaniel,SEA,82.0,37.0,9.8,19.3,0.509,0.0,0.214,9.8,0.512,0.51,3.4,4.8,0.696,4.1,4.5,8.6,2.5,1.4,0.6,2.9,23.0,1986-87,0,0.54,0.27
Ron Harper,CLE,82.0,37.4,9.0,19.7,0.455,0.2,0.213,8.7,0.47,0.461,4.7,6.9,0.684,2.1,2.7,4.8,4.8,2.5,1.0,4.2,22.9,1986-87,0,0.5,0.23
Bernard King,NYK,6.0,35.7,8.7,17.5,0.495,0.0,,8.7,0.495,0.495,5.3,7.2,0.744,2.2,3.2,5.3,3.2,0.3,0.0,2.5,22.7,1986-87,0,0.55,3.05
Larry Nance,PHO,69.0,37.2,8.5,15.4,0.551,0.0,0.2,8.5,0.553,0.551,5.5,7.1,0.773,2.7,6.0,8.7,3.4,1.2,2.1,2.2,22.5,1986-87,0,0.61,0.39
Jeff Malone,WSB,80.0,34.5,8.6,18.9,0.457,0.1,0.154,8.6,0.462,0.458,4.7,5.3,0.885,0.6,2.1,2.7,3.7,0.9,0.2,2.3,22.0,1986-87,0,0.52,0.2
Clyde Drexler,POR,82.0,38.0,8.6,17.2,0.502,0.1,0.234,8.5,0.511,0.506,4.4,5.7,0.76,2.8,3.5,6.3,6.9,2.5,0.9,3.1,21.7,1986-87,0,0.55,0.31
Karl Malone,UTA,82.0,34.8,8.9,17.3,0.512,0.0,0.0,8.9,0.514,0.512,3.9,6.6,0.598,3.4,7.0,10.4,1.9,1.3,0.7,2.9,21.7,1986-87,0,0.54,0.27
Adrian Dantley,DET,81.0,33.8,7.4,13.9,0.534,0.0,0.167,7.4,0.536,0.534,6.7,8.2,0.812,1.3,2.8,4.1,2.0,0.8,0.1,2.2,21.5,1986-87,1,0.61,0.23
Patrick Ewing,NYK,63.0,35.0,8.4,16.7,0.503,0.0,0.0,8.4,0.507,0.503,4.7,6.6,0.713,2.5,6.3,8.8,1.7,1.4,2.3,3.6,21.5,1986-87,0,0.55,0.35
Joe Barry Carroll,GSW,81.0,33.6,8.5,18.0,0.472,0.0,,8.5,0.472,0.472,4.2,5.3,0.787,2.1,5.1,7.3,2.6,1.1,1.5,2.8,21.2,1986-87,0,0.52,0.25
Rolando Blackman,DAL,80.0,34.5,7.8,15.8,0.495,0.1,0.333,7.8,0.497,0.497,5.2,5.9,0.884,1.2,2.3,3.5,3.3,0.8,0.3,2.2,21.0,1986-87,0,0.57,0.23
Terry Cummings,MIL,82.0,33.8,8.9,17.4,0.511,0.0,0.0,8.9,0.512,0.511,3.0,4.6,0.662,2.6,5.9,8.5,2.8,1.6,1.0,2.1,20.8,1986-87,1,0.54,0.27
Orlando Woolridge,NJN,75.0,35.2,7.4,14.2,0.521,0.0,0.125,7.4,0.524,0.522,5.8,7.5,0.777,1.6,3.3,4.9,3.5,0.7,1.1,2.8,20.7,1986-87,0,0.59,0.26
Isiah Thomas,DET,81.0,37.2,7.7,16.7,0.463,0.2,0.194,7.5,0.484,0.47,4.9,6.4,0.768,1.0,2.9,3.9,10.0,1.9,0.2,4.2,20.6,1986-87,1,0.53,0.27
Reggie Theus,SAC,79.0,36.4,7.3,15.5,0.472,0.2,0.218,7.1,0.489,0.479,5.4,6.3,0.867,1.1,2.3,3.4,8.8,1.0,0.2,3.7,20.3,1986-87,0,0.56,0.26
Ricky Pierce,MIL,79.0,31.7,7.3,13.6,0.534,0.0,0.107,7.2,0.545,0.535,4.9,5.6,0.88,1.5,1.9,3.4,1.8,0.8,0.3,1.5,19.5,1986-87,0,0.61,0.22
James Worthy,LAL,82.0,34.4,7.9,14.7,0.539,0.0,0.0,7.9,0.545,0.539,3.6,4.7,0.751,1.9,3.8,5.7,2.8,1.3,1.0,2.0,19.4,1986-87,1,0.58,0.25
Gerald Wilkins,NYK,80.0,34.5,7.9,16.3,0.486,0.3,0.351,7.6,0.494,0.496,2.9,4.2,0.701,1.5,2.2,3.7,4.4,1.1,0.2,2.7,19.1,1986-87,0,0.53,0.2
Fat Lever,DEN,82.0,37.2,7.8,16.7,0.469,0.3,0.239,7.6,0.486,0.477,3.0,3.8,0.782,2.6,6.3,8.9,8.0,2.5,0.4,2.0,18.9,1986-87,0,0.51,0.33
Otis Thorpe,SAC,82.0,36.0,6.9,12.8,0.54,0.0,0.0,6.9,0.542,0.54,5.0,6.6,0.761,3.2,6.8,10.0,2.5,0.6,0.7,2.3,18.9,1986-87,0,0.6,0.28
Sleepy Floyd,GSW,82.0,37.4,6.1,12.6,0.488,0.9,0.384,5.2,0.512,0.524,5.6,6.5,0.86,0.7,2.6,3.3,10.3,1.8,0.2,3.4,18.8,1986-87,0,0.61,0.29
Chuck Person,IND,82.0,36.0,7.7,16.6,0.468,0.6,0.355,7.1,0.48,0.486,2.7,3.6,0.747,2.0,6.2,8.3,3.6,1.1,0.2,2.6,18.8,1986-87,0,0.52,0.24
Eddie Johnson,SAC,81.0,30.3,7.5,16.2,0.463,0.5,0.314,7.0,0.478,0.477,3.3,4.0,0.829,1.8,2.6,4.4,3.1,0.5,0.2,2.0,18.7,1986-87,0,0.52,0.19
Purvis Short,GSW,34.0,27.9,7.1,14.7,0.479,0.1,0.235,6.9,0.488,0.483,4.0,4.7,0.856,1.6,2.4,4.0,2.5,1.3,0.2,2.0,18.3,1986-87,0,0.55,0.47
Buck Williams,NJN,82.0,36.3,6.4,11.4,0.557,0.0,0.0,6.4,0.557,0.557,5.2,7.2,0.731,3.9,8.5,12.5,1.6,1.0,1.1,3.4,18.0,1986-87,1,0.62,0.29
Alvin Robertson,SAS,81.0,33.3,7.3,15.6,0.466,0.2,0.271,7.1,0.474,0.471,3.0,4.0,0.753,2.3,2.9,5.2,5.2,3.2,0.4,3.0,17.7,1986-87,1,0.51,0.24
Kareem Abdul-Jabbar,LAL,78.0,31.3,7.2,12.7,0.564,0.0,0.333,7.2,0.565,0.564,3.1,4.4,0.714,1.9,4.8,6.7,2.6,0.6,1.2,2.4,17.5,1986-87,1,0.6,0.25
Bill Cartwright,NYK,58.0,34.3,5.8,10.9,0.531,0.0,,5.8,0.531,0.531,6.0,7.6,0.79,2.3,5.4,7.7,1.7,0.7,0.4,2.2,17.5,1986-87,0,0.61,0.33
John Lucas,MIL,43.0,31.6,6.6,14.5,0.457,1.1,0.365,5.6,0.48,0.494,3.2,4.0,0.787,0.7,2.2,2.9,6.7,1.7,0.1,2.1,17.5,1986-87,0,0.54,0.42
Robert Parish,BOS,80.0,37.4,7.4,13.2,0.556,0.0,0.0,7.4,0.557,0.556,2.8,3.9,0.735,3.2,7.5,10.6,2.2,0.8,1.8,2.4,17.5,1986-87,0,0.59,0.3
Mike Woodson,LAC,74.0,28.7,6.7,15.3,0.437,0.5,0.276,6.2,0.457,0.452,3.2,3.9,0.828,0.9,1.3,2.2,2.6,1.4,0.2,2.3,17.1,1986-87,0,0.5,0.16
Byron Scott,LAL,82.0,33.3,6.8,13.8,0.489,0.8,0.436,6.0,0.496,0.517,2.7,3.1,0.892,0.8,2.7,3.5,3.4,1.5,0.2,1.8,17.0,1986-87,0,0.56,0.2
Julius Erving,PHI,60.0,32.0,6.7,14.2,0.471,0.2,0.264,6.4,0.484,0.479,3.2,3.9,0.813,1.9,2.5,4.4,3.2,1.3,1.6,2.6,16.8,1986-87,0,0.53,0.28
Steve Johnson,POR,79.0,29.7,6.3,11.3,0.556,0.0,,6.3,0.556,0.556,4.3,6.2,0.698,2.5,4.7,7.2,2.0,0.6,1.0,3.5,16.8,1986-87,0,0.6,0.22
Marques Johnson,LAC,10.0,30.2,6.8,15.5,0.439,0.0,0.0,6.8,0.456,0.439,3.0,4.2,0.714,0.9,2.4,3.3,2.8,1.2,0.5,1.7,16.6,1986-87,0,0.48,1.28
Derek Smith,SAC,52.0,31.9,6.5,14.6,0.446,0.2,0.273,6.3,0.454,0.452,3.4,4.4,0.781,1.2,2.3,3.5,3.9,0.9,0.4,2.4,16.6,1986-87,0,0.5,0.27
Mike Gminski,NJN,72.0,31.6,6.0,13.2,0.457,0.0,,6.0,0.457,0.457,4.3,5.1,0.846,2.7,6.1,8.8,1.4,0.7,1.0,1.8,16.4,1986-87,0,0.53,0.26
Kevin Willis,ATL,81.0,32.4,6.6,12.4,0.536,0.0,0.25,6.6,0.538,0.537,2.8,4.0,0.709,4.0,6.5,10.5,0.8,0.8,0.8,2.1,16.1,1986-87,0,0.57,0.25
Sam Bowie,POR,5.0,32.6,6.0,13.2,0.455,0.0,,6.0,0.455,0.455,4.0,6.0,0.667,2.8,3.8,6.6,1.8,0.2,2.0,3.0,16.0,1986-87,0,0.51,2.88
Derek Harper,DAL,77.0,33.2,6.5,12.9,0.501,1.0,0.358,5.5,0.539,0.539,2.1,3.0,0.684,0.7,1.9,2.6,7.9,2.2,0.3,1.8,16.0,1986-87,0,0.56,0.26
Walter Berry,2TM,63.0,25.2,6.5,12.2,0.531,0.0,0.0,6.5,0.533,0.531,3.0,4.6,0.649,2.2,2.7,4.9,1.7,0.6,0.6,2.4,15.9,1986-87,0,0.56,0.22
Michael Cage,LAC,80.0,36.5,5.7,11.0,0.521,0.0,0.0,5.7,0.522,0.521,4.3,5.8,0.73,4.4,7.1,11.5,1.6,1.2,0.8,2.1,15.7,1986-87,0,0.58,0.27
Brad Daugherty,CLE,80.0,33.7,6.1,11.3,0.538,0.0,,6.1,0.538,0.538,3.5,5.0,0.696,1.9,6.2,8.1,3.8,0.6,0.8,3.1,15.7,1986-87,0,0.58,0.24
Vinnie Johnson,DET,78.0,27.8,6.8,14.8,0.462,0.1,0.286,6.8,0.464,0.464,2.0,2.6,0.786,1.6,1.7,3.3,3.8,1.2,0.2,1.7,15.7,1986-87,0,0.49,0.18
Maurice Cheeks,PHI,68.0,38.6,6.1,11.6,0.527,0.1,0.235,6.0,0.533,0.529,3.3,4.3,0.777,0.7,2.5,3.2,7.9,2.6,0.2,2.5,15.6,1986-87,0,0.58,0.3
Ralph Sampson,HOU,43.0,30.8,6.4,13.2,0.489,0.0,0.0,6.4,0.492,0.489,2.7,4.4,0.624,2.0,6.6,8.7,2.8,0.9,1.3,2.9,15.6,1986-87,0,0.52,0.42
Bill Laimbeer,DET,82.0,34.8,6.2,12.3,0.501,0.1,0.286,6.1,0.506,0.504,3.0,3.3,0.894,3.0,8.7,11.6,1.8,0.9,0.8,1.5,15.4,1986-87,0,0.56,0.28
John Long,IND,80.0,28.3,6.1,14.6,0.419,0.2,0.284,5.9,0.427,0.427,2.7,3.1,0.89,0.9,1.8,2.7,3.2,1.2,0.1,1.9,15.2,1986-87,0,0.48,0.14
Chris Mullin,GSW,82.0,29.0,5.8,11.3,0.514,0.2,0.302,5.6,0.529,0.524,3.3,4.0,0.825,0.5,1.7,2.2,3.2,1.2,0.4,1.9,15.1,1986-87,0,0.58,0.17
Darrell Griffith,UTA,76.0,24.3,6.1,13.7,0.446,0.9,0.335,5.2,0.473,0.478,2.0,2.8,0.703,1.1,1.9,3.0,1.7,1.3,0.4,1.8,15.0,1986-87,0,0.5,0.15
Herb Williams,IND,74.0,34.1,6.1,12.7,0.48,0.0,0.0,6.1,0.485,0.48,2.7,3.6,0.74,1.9,5.4,7.3,2.4,0.8,1.3,2.0,14.9,1986-87,0,0.52,0.23
Danny Ainge,BOS,71.0,35.2,5.8,11.9,0.486,1.2,0.443,4.6,0.498,0.536,2.1,2.3,0.897,0.7,2.7,3.4,5.6,1.4,0.2,2.0,14.8,1986-87,0,0.57,0.24
Sam Perkins,DAL,80.0,33.6,5.8,12.0,0.482,0.2,0.352,5.5,0.489,0.492,3.1,3.7,0.828,2.5,5.2,7.7,1.8,1.4,1.0,1.7,14.8,1986-87,0,0.54,0.23
Cliff Robinson,PHI,55.0,28.8,6.1,13.3,0.464,0.0,0.0,6.1,0.466,0.464,2.5,3.3,0.755,1.6,4.0,5.6,1.6,1.6,0.5,2.2,14.8,1986-87,0,0.5,0.25
Hot Rod Williams,CLE,80.0,33.9,5.4,11.2,0.485,0.0,0.0,5.4,0.485,0.485,3.7,5.0,0.745,2.8,5.1,7.9,1.9,0.7,2.1,1.7,14.6,1986-87,0,0.54,0.23
Charles Oakley,CHI,82.0,36.3,5.7,12.8,0.445,0.1,0.367,5.6,0.447,0.45,3.0,4.4,0.686,3.6,9.5,13.1,3.6,1.0,0.4,3.6,14.5,1986-87,0,0.49,0.25
Wayman Tisdale,IND,81.0,26.7,5.7,11.0,0.513,0.0,0.0,5.7,0.515,0.513,3.2,4.5,0.709,2.7,3.2,5.9,1.4,0.6,0.3,1.7,14.5,1986-87,0,0.56,0.18
Rodney McCray,HOU,81.0,38.7,5.3,9.7,0.552,0.0,0.0,5.3,0.558,0.552,3.8,4.9,0.779,2.3,4.8,7.1,5.4,1.1,0.7,2.6,14.4,1986-87,0,0.61,0.25
Roy Hinson,PHI,76.0,32.8,5.2,10.8,0.478,0.0,0.0,5.2,0.478,0.478,3.6,4.7,0.758,2.0,4.4,6.4,0.8,0.6,2.1,2.0,13.9,1986-87,0,0.54,0.2
Paul Pressey,MIL,61.0,33.7,4.8,10.1,0.477,0.3,0.291,4.6,0.496,0.49,4.0,5.4,0.738,1.6,3.2,4.9,7.2,1.8,0.8,3.0,13.9,1986-87,1,0.56,0.31
Thurl Bailey,UTA,81.0,26.6,5.7,12.8,0.447,0.0,0.0,5.7,0.448,0.447,2.3,2.9,0.805,1.8,3.5,5.3,1.3,0.5,1.1,1.5,13.8,1986-87,0,0.49,0.16
Robert Reid,HOU,75.0,34.6,5.6,13.4,0.417,0.7,0.327,4.9,0.435,0.444,1.8,2.4,0.768,0.6,3.2,3.9,4.3,1.0,0.3,1.4,13.7,1986-87,0,0.47,0.18
Dennis Johnson,BOS,79.0,37.1,5.4,12.1,0.444,0.1,0.113,5.3,0.467,0.448,2.6,3.2,0.833,0.6,2.7,3.3,7.5,1.1,0.5,2.2,13.4,1986-87,1,0.5,0.21
Jay Vincent,WSB,51.0,27.2,5.4,12.0,0.447,0.0,0.0,5.4,0.449,0.447,2.5,3.3,0.769,1.4,2.8,4.1,1.7,0.8,0.3,1.5,13.3,1986-87,0,0.49,0.22
Steve Stipanovich,IND,81.0,34.1,4.7,9.4,0.503,0.0,0.25,4.7,0.504,0.503,3.8,4.5,0.837,2.3,6.0,8.3,2.2,1.3,1.2,1.6,13.2,1986-87,0,0.58,0.24
Terry Catledge,WSB,78.0,27.6,5.3,10.7,0.495,0.0,0.0,5.3,0.497,0.495,2.6,4.3,0.594,3.2,4.0,7.2,0.7,0.6,0.2,1.9,13.1,1986-87,0,0.52,0.16
Terry Porter,POR,80.0,33.9,4.7,9.6,0.488,0.2,0.217,4.5,0.511,0.497,3.5,4.2,0.838,0.9,3.3,4.2,8.9,2.0,0.1,3.2,13.1,1986-87,0,0.57,0.24
Bill Hanzlik,DEN,73.0,27.3,4.2,10.2,0.412,0.3,0.275,3.9,0.428,0.426,4.3,5.5,0.786,1.1,2.4,3.5,3.8,1.2,0.4,1.8,13.0,1986-87,0,0.52,0.18
Tim McCormick,PHI,81.0,34.8,4.8,8.9,0.545,0.0,0.0,4.8,0.548,0.545,3.1,4.3,0.719,2.2,5.3,7.5,1.4,0.4,0.8,1.9,12.8,1986-87,0,0.59,0.19
Doc Rivers,ATL,82.0,31.6,4.2,9.2,0.451,0.0,0.19,4.1,0.459,0.454,4.5,5.4,0.828,1.0,2.6,3.6,10.0,2.1,0.4,2.6,12.8,1986-87,0,0.55,0.25
Mike Mitchell,SAS,40.0,23.1,5.2,12.0,0.435,0.0,0.5,5.2,0.435,0.436,2.3,2.8,0.821,1.0,1.6,2.6,1.0,0.5,0.2,1.3,12.7,1986-87,0,0.48,0.21
Jack Sikma,MIL,82.0,30.9,4.8,10.3,0.463,0.0,0.0,4.8,0.464,0.463,3.2,3.8,0.847,2.5,7.5,10.0,2.5,1.1,1.1,2.0,12.7,1986-87,0,0.53,0.24
Randy Wittman,ATL,71.0,28.9,5.6,11.2,0.503,0.1,0.333,5.5,0.505,0.505,1.4,1.8,0.787,0.4,1.3,1.7,3.0,0.5,0.2,1.2,12.7,1986-87,0,0.53,0.15
Larry Drew,LAC,60.0,26.1,4.9,11.4,0.432,0.2,0.167,4.7,0.463,0.441,2.3,2.8,0.837,0.4,1.3,1.7,5.4,1.0,0.0,2.5,12.4,1986-87,0,0.49,0.18
Lewis Lloyd,HOU,32.0,21.5,5.2,9.7,0.532,0.0,0.143,5.1,0.541,0.534,2.0,2.7,0.756,0.4,1.1,1.5,2.8,0.6,0.2,1.6,12.4,1986-87,0,0.57,0.33
Jerome Kersey,POR,82.0,25.5,4.5,8.9,0.509,0.0,0.043,4.5,0.524,0.51,3.2,4.4,0.72,2.5,3.6,6.0,2.4,1.5,0.9,1.8,12.3,1986-87,0,0.57,0.19
Darrell Walker,DEN,81.0,24.9,4.4,9.2,0.482,0.0,0.0,4.4,0.485,0.482,3.4,4.5,0.745,1.9,2.1,4.0,3.5,1.5,0.5,2.3,12.2,1986-87,0,0.55,0.17
Jim Paxson,POR,72.0,25.0,4.7,10.2,0.46,0.4,0.265,4.3,0.49,0.477,2.4,3.0,0.806,0.6,1.4,1.9,3.3,1.1,0.2,1.5,12.1,1986-87,0,0.53,0.15
James Edwards,PHO,14.0,21.7,4.1,7.9,0.518,0.0,,4.1,0.518,0.518,3.9,5.0,0.771,1.4,2.9,4.3,1.4,0.4,0.5,1.1,12.0,1986-87,0,0.59,0.9
Vern Fleming,IND,82.0,31.1,4.5,8.9,0.509,0.0,0.2,4.5,0.513,0.51,2.9,3.7,0.788,1.3,2.7,4.1,5.8,1.3,0.2,2.0,12.0,1986-87,0,0.57,0.2
Joe Dumars,DET,79.0,30.9,4.7,9.5,0.493,0.1,0.409,4.6,0.495,0.499,2.3,3.1,0.748,0.6,1.5,2.1,4.5,1.1,0.1,2.2,11.8,1986-87,0,0.54,0.15
Phil Hubbard,CLE,68.0,30.6,4.7,8.9,0.531,0.0,0.0,4.7,0.534,0.531,2.4,4.0,0.596,2.6,3.1,5.7,2.0,1.0,0.1,2.3,11.8,1986-87,0,0.55,0.18
Sidney Moncrief,MIL,39.0,25.4,4.1,8.3,0.488,0.2,0.258,3.8,0.512,0.5,3.5,4.2,0.84,1.5,1.8,3.3,3.1,0.7,0.3,1.6,11.8,1986-87,1,0.58,0.33
Dave Greenwood,SAS,79.0,32.7,4.3,8.3,0.513,0.0,0.5,4.2,0.513,0.515,3.1,3.9,0.785,3.2,6.7,9.9,3.0,0.9,0.6,2.0,11.6,1986-87,0,0.58,0.24
Alton Lister,SEA,75.0,30.5,4.6,9.2,0.504,0.0,0.0,4.6,0.504,0.504,2.4,3.5,0.675,3.0,6.4,9.4,1.5,0.4,2.4,2.3,11.6,1986-87,0,0.54,0.23
Benoit Benjamin,LAC,72.0,31.0,4.4,9.9,0.449,0.0,0.0,4.4,0.45,0.449,2.6,3.7,0.715,1.9,6.3,8.1,1.9,0.8,2.6,2.6,11.5,1986-87,0,0.5,0.22
Mychal Thompson,2TM,82.0,23.0,4.4,9.7,0.45,0.0,0.5,4.4,0.45,0.451,2.7,3.6,0.737,1.7,3.3,5.0,1.4,0.5,0.9,1.6,11.4,1986-87,0,0.51,0.14
Artis Gilmore,SAS,82.0,29.3,4.2,7.1,0.597,0.0,,4.2,0.597,0.597,3.0,4.3,0.68,2.3,4.8,7.1,1.8,0.5,1.2,2.2,11.4,1986-87,0,0.63,0.19
Trent Tucker,NYK,70.0,24.2,4.6,9.9,0.47,1.0,0.422,3.7,0.485,0.52,1.1,1.4,0.762,0.7,1.2,1.9,2.4,1.7,0.2,1.1,11.4,1986-87,0,0.54,0.16
Tony Brown,NJN,77.0,30.4,4.6,10.5,0.442,0.1,0.25,4.6,0.447,0.445,2.0,2.7,0.738,1.1,1.8,2.8,3.4,1.2,0.2,2.0,11.3,1986-87,0,0.48,0.13
Jay Humphries,PHO,82.0,31.5,4.4,9.2,0.477,0.1,0.185,4.3,0.488,0.48,2.4,3.2,0.769,0.8,2.4,3.2,7.7,1.4,0.1,2.4,11.3,1986-87,0,0.53,0.19
John Paxson,CHI,82.0,32.8,4.7,9.7,0.487,0.6,0.371,4.1,0.511,0.52,1.3,1.6,0.809,0.3,1.4,1.7,5.7,0.8,0.1,1.3,11.3,1986-87,0,0.54,0.16
Jim Petersen,HOU,82.0,29.3,4.7,9.2,0.511,0.0,0.0,4.7,0.514,0.511,1.9,2.5,0.727,2.2,4.6,6.8,1.5,0.5,1.2,1.9,11.3,1986-87,0,0.55,0.17
Jon Sundvold,SAS,76.0,23.2,4.8,9.9,0.486,0.7,0.336,4.1,0.523,0.519,0.9,1.1,0.833,0.3,1.0,1.3,4.1,0.5,0.0,1.3,11.2,1986-87,0,0.54,0.14
Terry Teagle,GSW,82.0,20.1,4.5,9.9,0.458,0.0,0.0,4.5,0.464,0.458,2.2,2.9,0.778,0.8,1.3,2.1,1.3,0.8,0.2,1.4,11.2,1986-87,0,0.5,0.1
Darnell Valentine,LAC,65.0,27.1,4.2,10.3,0.41,0.2,0.232,4.0,0.426,0.42,2.5,3.1,0.815,0.6,1.7,2.3,6.9,1.8,0.2,2.6,11.2,1986-87,0,0.48,0.2
Alvan Adams,PHO,68.0,24.9,4.6,9.1,0.503,0.0,0.0,4.6,0.504,0.503,2.0,2.5,0.788,1.3,3.6,5.0,3.3,0.9,0.5,2.0,11.1,1986-87,0,0.54,0.2
LaSalle Thompson,SAC,82.0,26.4,4.4,9.2,0.481,0.0,0.0,4.4,0.485,0.481,2.3,3.1,0.737,2.9,5.5,8.4,1.5,0.8,1.5,1.7,11.1,1986-87,0,0.53,0.2
Mitchell Wiggins,HOU,32.0,24.6,4.8,10.9,0.437,0.0,0.0,4.8,0.443,0.437,1.5,2.0,0.754,2.3,1.8,4.2,2.4,1.4,0.1,1.6,11.1,1986-87,0,0.47,0.34
Gerald Henderson,2TM,74.0,27.6,4.0,9.1,0.442,0.3,0.247,3.8,0.467,0.456,2.6,3.1,0.826,0.7,1.7,2.4,6.4,1.4,0.1,2.3,10.9,1986-87,0,0.52,0.18
Kenny Carr,POR,49.0,29.4,4.1,8.1,0.504,0.0,0.0,4.1,0.506,0.504,2.6,3.4,0.746,2.7,7.5,10.2,1.7,0.6,0.3,2.1,10.8,1986-87,0,0.56,0.34
James Donaldson,DAL,82.0,36.9,3.8,6.5,0.586,0.0,,3.8,0.586,0.586,3.3,4.0,0.812,3.6,8.3,11.9,0.8,0.6,1.7,1.3,10.8,1986-87,0,0.65,0.26
A.C. Green,LAL,79.0,28.4,4.0,7.4,0.538,0.0,0.0,4.0,0.543,0.538,2.8,3.6,0.78,2.7,5.1,7.8,1.1,0.9,1.0,1.3,10.8,1986-87,0,0.6,0.2
Craig Hodges,MIL,78.0,27.5,4.0,8.7,0.462,1.1,0.373,2.9,0.507,0.524,1.7,1.9,0.891,0.6,1.2,1.8,3.1,1.0,0.1,1.6,10.8,1986-87,0,0.57,0.13
John Bagley,CLE,72.0,30.3,4.3,10.2,0.426,0.4,0.301,3.9,0.447,0.447,1.6,1.9,0.831,0.8,2.7,3.5,5.3,1.3,0.1,2.3,10.7,1986-87,0,0.48,0.17
Quintin Dailey,LAC,49.0,18.9,4.1,10.0,0.407,0.0,0.1,4.1,0.414,0.408,2.4,3.2,0.768,0.7,1.0,1.7,1.6,0.9,0.2,1.4,10.6,1986-87,0,0.46,0.14
Andrew Toney,PHI,52.0,20.3,3.8,8.4,0.451,0.4,0.328,3.4,0.473,0.476,2.6,3.2,0.796,0.3,1.3,1.6,3.6,0.3,0.2,2.2,10.6,1986-87,0,0.54,0.17
Michael Cooper,LAL,82.0,27.5,3.9,9.0,0.438,1.1,0.385,2.8,0.461,0.498,1.5,1.8,0.851,0.7,2.4,3.1,4.5,1.0,0.5,1.2,10.5,1986-87,0,0.54,0.16
Ed Pinckney,PHO,80.0,28.1,3.6,6.2,0.584,0.0,0.0,3.6,0.586,0.584,3.2,4.4,0.739,2.2,5.0,7.3,1.5,1.1,0.7,1.7,10.5,1986-87,0,0.65,0.2
Mike Sanders,PHO,82.0,20.2,4.4,8.8,0.494,0.0,0.118,4.3,0.504,0.496,1.7,2.2,0.781,1.2,2.1,3.3,1.5,0.7,0.3,1.3,10.5,1986-87,0,0.54,0.12
Mike McGee,ATL,76.0,18.7,4.1,8.9,0.459,1.1,0.376,3.0,0.502,0.523,1.1,1.8,0.584,0.9,1.2,2.1,2.0,0.8,0.0,1.4,10.4,1986-87,0,0.54,0.11
Kenny Walker,NYK,68.0,25.3,4.2,8.5,0.491,0.0,0.0,4.2,0.494,0.491,2.1,2.7,0.757,1.7,3.2,5.0,1.1,0.7,0.7,1.1,10.4,1986-87,0,0.54,0.18
Johnny Dawkins,SAS,81.0,20.8,4.1,9.4,0.437,0.2,0.298,4.0,0.446,0.446,1.9,2.4,0.801,0.7,1.4,2.1,3.6,0.8,0.0,1.5,10.3,1986-87,0,0.49,0.12
Mike Evans,DEN,81.0,19.3,4.1,9.0,0.458,0.7,0.314,3.5,0.502,0.495,1.2,1.5,0.78,0.4,1.1,1.6,2.3,1.0,0.1,1.3,10.1,1986-87,0,0.52,0.11
Kelly Tripucka,UTA,79.0,23.6,3.7,7.9,0.469,0.2,0.365,3.4,0.478,0.484,2.5,2.9,0.872,0.7,2.4,3.1,3.1,1.1,0.1,2.1,10.1,1986-87,0,0.55,0.14
Cedric Maxwell,2TM,81.0,24.3,3.1,5.9,0.53,0.0,0.0,3.1,0.532,0.53,3.7,4.8,0.775,2.2,3.2,5.4,2.4,0.5,0.2,1.7,10.0,1986-87,0,0.62,0.16
Calvin Natt,DEN,1.0,20.0,4.0,10.0,0.4,0.0,,4.0,0.4,0.4,2.0,2.0,1.0,2.0,3.0,5.0,2.0,1.0,0.0,1.0,10.0,1986-87,0,0.46,11.0
Ray Williams,NJN,32.0,25.0,4.1,9.1,0.452,0.2,0.25,3.9,0.473,0.464,1.5,1.9,0.817,0.8,1.5,2.3,5.8,1.2,0.3,2.9,9.9,1986-87,0,0.5,0.35
Gene Banks,CHI,63.0,28.9,4.0,7.3,0.539,0.0,0.0,4.0,0.545,0.539,1.8,2.3,0.767,1.8,3.1,4.9,2.7,0.8,0.3,1.8,9.7,1986-87,0,0.58,0.2
Bob Hansen,UTA,72.0,20.2,3.8,8.3,0.453,0.2,0.356,3.6,0.46,0.466,1.9,2.5,0.76,1.2,1.7,2.8,1.4,0.6,0.1,1.1,9.7,1986-87,0,0.52,0.12
Rickey Green,UTA,81.0,25.8,3.7,8.0,0.467,0.1,0.368,3.6,0.47,0.473,2.1,2.6,0.827,0.5,1.5,2.0,6.7,1.4,0.0,1.6,9.6,1986-87,0,0.52,0.16
Darryl Dawkins,NJN,6.0,17.7,3.3,5.3,0.625,0.0,,3.3,0.625,0.625,2.8,4.0,0.708,1.5,1.7,3.2,0.3,0.3,0.5,2.5,9.5,1986-87,0,0.67,1.35
Albert King,NJN,61.0,21.2,4.0,9.4,0.426,0.2,0.406,3.8,0.427,0.437,1.3,1.6,0.81,1.3,2.2,3.5,1.7,0.6,0.5,1.7,9.5,1986-87,0,0.47,0.14
Blair Rasmussen,DEN,74.0,19.2,3.6,7.7,0.47,0.0,,3.6,0.47,0.47,2.3,3.1,0.732,2.5,3.8,6.3,0.8,0.3,0.8,1.1,9.5,1986-87,0,0.52,0.16
Jeff Ruland,PHI,5.0,23.2,3.8,5.6,0.679,0.0,,3.8,0.679,0.679,1.8,2.4,0.75,2.4,3.2,5.6,2.0,0.0,0.8,2.0,9.4,1986-87,0,0.71,2.68
Detlef Schrempf,DAL,81.0,21.1,3.3,6.9,0.472,0.4,0.478,2.9,0.472,0.502,2.4,3.2,0.742,1.1,2.7,3.7,2.0,0.6,0.2,1.4,9.3,1986-87,0,0.56,0.12
Terry Tyler,SAC,82.0,23.5,4.0,8.1,0.495,0.0,0.333,4.0,0.496,0.496,1.2,1.7,0.721,1.4,2.6,4.0,0.9,0.7,1.0,1.0,9.3,1986-87,0,0.53,0.13
Rory White,LAC,68.0,22.7,3.9,8.1,0.48,0.0,0.0,3.9,0.483,0.48,1.4,2.1,0.653,1.3,1.5,2.9,1.2,0.7,0.3,1.1,9.2,1986-87,0,0.51,0.12
John Williams,WSB,78.0,22.7,3.6,8.0,0.454,0.1,0.222,3.5,0.468,0.46,1.8,2.9,0.646,1.7,3.0,4.7,2.4,1.7,0.4,1.6,9.2,1986-87,0,0.5,0.14
Eddie Johnson,SEA,24.0,21.2,3.5,7.8,0.457,0.2,0.333,3.3,0.468,0.47,1.8,2.3,0.764,0.5,1.5,1.9,4.8,0.5,0.0,1.7,9.0,1986-87,0,0.51,0.4
Larry Smith,GSW,80.0,29.7,3.7,6.8,0.546,0.0,0.0,3.7,0.547,0.546,1.4,2.5,0.574,4.6,6.9,11.5,1.2,0.9,0.7,1.7,8.8,1986-87,0,0.56,0.22
David Wingate,PHI,77.0,20.9,3.4,7.8,0.43,0.2,0.25,3.2,0.447,0.441,1.9,2.6,0.741,0.9,1.1,2.0,2.0,1.2,0.2,1.7,8.8,1986-87,0,0.49,0.1
Pat Cummings,NYK,49.0,21.6,3.5,7.8,0.45,0.0,,3.5,0.45,0.45,1.6,2.2,0.718,2.5,3.9,6.4,0.8,0.5,0.1,1.7,8.6,1986-87,0,0.49,0.2
Rod Higgins,GSW,73.0,20.5,2.9,5.6,0.519,0.0,0.176,2.9,0.534,0.523,2.7,3.3,0.833,1.0,2.3,3.2,1.3,0.5,0.3,1.0,8.6,1986-87,0,0.61,0.13
Johnny Moore,SAS,55.0,22.4,3.6,8.1,0.442,0.4,0.278,3.2,0.477,0.467,1.0,1.3,0.8,0.6,1.2,1.8,4.5,1.5,0.1,1.9,8.6,1986-87,0,0.5,0.18
Pearl Washington,NJN,72.0,22.2,3.6,7.5,0.478,0.1,0.167,3.5,0.492,0.481,1.4,1.7,0.784,0.5,1.3,1.8,4.2,1.3,0.1,2.4,8.6,1986-87,0,0.52,0.13
Sedale Threatt,2TM,68.0,21.3,3.5,7.9,0.448,0.1,0.219,3.4,0.462,0.454,1.4,1.8,0.798,0.4,1.2,1.6,3.8,1.1,0.2,1.3,8.5,1986-87,0,0.49,0.13
Frank Johnson,WSB,18.0,22.2,3.3,7.1,0.461,0.0,0.0,3.3,0.465,0.461,1.9,2.7,0.714,0.6,1.1,1.7,3.2,1.2,0.0,1.7,8.5,1986-87,0,0.51,0.46
Danny Schayes,DEN,76.0,20.5,2.8,5.3,0.519,0.0,,2.8,0.519,0.519,3.0,3.9,0.779,1.6,3.4,5.0,1.1,0.3,1.0,1.3,8.5,1986-87,0,0.61,0.15
Brad Sellers,CHI,80.0,21.9,3.5,7.6,0.455,0.0,0.2,3.4,0.46,0.457,1.6,2.2,0.728,1.9,2.7,4.7,1.3,0.6,0.9,1.1,8.5,1986-87,0,0.5,0.13
Ennis Whatley,WSB,73.0,24.9,3.4,7.1,0.478,0.0,0.0,3.4,0.48,0.478,1.7,2.3,0.764,0.8,1.9,2.7,5.4,1.3,0.1,1.9,8.5,1986-87,0,0.52,0.16
James Bailey,NJN,34.0,15.9,3.3,7.0,0.469,0.0,,3.3,0.469,0.469,1.7,2.4,0.725,1.4,2.6,4.0,0.6,0.4,0.7,1.6,8.3,1986-87,0,0.52,0.24
Dave Corzine,CHI,82.0,27.9,3.6,7.5,0.475,0.0,0.0,3.6,0.479,0.475,1.2,1.6,0.736,2.4,4.2,6.6,2.5,0.5,1.1,1.4,8.3,1986-87,0,0.51,0.16
Steve Harris,HOU,74.0,15.9,3.4,8.1,0.419,0.0,0.0,3.4,0.425,0.419,1.5,1.8,0.854,1.0,1.3,2.3,1.4,0.5,0.2,1.0,8.3,1986-87,0,0.47,0.09
Kenny Fields,2TM,48.0,18.4,3.3,7.3,0.452,0.1,0.25,3.3,0.459,0.456,1.5,2.0,0.777,1.3,1.8,3.1,1.3,0.7,0.2,1.1,8.2,1986-87,0,0.5,0.16
Wayne Cooper,DEN,69.0,22.6,3.4,7.6,0.448,0.0,0.0,3.4,0.451,0.448,1.1,1.6,0.725,2.3,4.5,6.9,1.0,0.2,1.5,1.1,8.0,1986-87,0,0.48,0.17
Cliff Levingston,ATL,82.0,22.5,3.1,6.0,0.506,0.0,0.0,3.1,0.509,0.506,1.9,2.6,0.731,2.7,3.8,6.5,0.5,0.6,0.8,0.9,8.0,1986-87,0,0.56,0.15
Mark Alarie,DEN,64.0,17.3,3.4,6.9,0.49,0.0,0.222,3.4,0.495,0.492,1.0,1.6,0.663,1.1,2.2,3.3,1.2,0.3,0.4,0.9,7.9,1986-87,0,0.52,0.13
Randy Breuer,MIL,76.0,19.3,3.2,6.5,0.485,0.0,,3.2,0.485,0.485,1.6,2.7,0.584,1.7,2.9,4.6,0.6,0.7,0.8,1.3,7.9,1986-87,0,0.51,0.12
Sidney Green,DET,80.0,22.4,3.2,6.8,0.472,0.0,0.0,3.2,0.474,0.472,1.5,2.2,0.672,2.5,5.7,8.2,0.8,0.5,0.6,1.6,7.9,1986-87,0,0.51,0.15
Joe Kleine,SAC,79.0,21.0,3.2,6.9,0.471,0.0,0.0,3.2,0.472,0.471,1.4,1.8,0.786,2.2,3.9,6.1,0.9,0.4,0.4,1.1,7.9,1986-87,0,0.51,0.13
Maurice Lucas,SEA,63.0,17.8,2.8,6.2,0.451,0.0,0.0,2.8,0.457,0.451,2.4,3.0,0.802,1.4,3.5,4.9,1.0,0.5,0.3,1.2,7.9,1986-87,0,0.53,0.15
John Stockton,UTA,82.0,22.7,2.8,5.6,0.499,0.1,0.179,2.7,0.528,0.506,2.2,2.8,0.782,0.4,1.5,1.8,8.2,2.2,0.2,2.0,7.9,1986-87,0,0.58,0.18
Allen Leavell,HOU,53.0,22.2,2.8,6.8,0.411,0.3,0.316,2.4,0.429,0.436,1.9,2.2,0.84,0.3,0.9,1.2,4.2,1.0,0.2,1.2,7.8,1986-87,0,0.5,0.17
Brook Steppe,SAC,34.0,19.6,2.8,5.9,0.477,0.1,0.333,2.7,0.484,0.485,2.1,2.6,0.83,0.6,1.2,1.8,2.4,0.5,0.1,1.6,7.8,1986-87,0,0.55,0.22
Mark Eaton,UTA,79.0,31.7,3.0,7.4,0.4,0.0,,3.0,0.4,0.4,1.8,2.7,0.657,2.7,6.2,8.8,1.3,0.5,4.1,1.8,7.7,1986-87,0,0.45,0.19
Rory Sparrow,NYK,80.0,24.4,3.3,7.4,0.446,0.1,0.262,3.2,0.46,0.455,0.9,1.1,0.798,0.4,1.1,1.4,5.4,0.8,0.1,1.8,7.6,1986-87,0,0.48,0.12
Darwin Cook,WSB,82.0,17.3,3.2,7.6,0.426,0.0,0.087,3.2,0.439,0.428,1.0,1.3,0.796,0.6,1.2,1.8,1.8,1.2,0.2,1.2,7.5,1986-87,0,0.46,0.08
Lancaster Gordon,LAC,70.0,16.1,3.2,7.8,0.406,0.2,0.292,3.0,0.416,0.418,1.0,1.4,0.737,0.9,0.9,1.8,2.0,0.9,0.2,1.5,7.5,1986-87,0,0.45,0.08
Roy Tarpley,DAL,75.0,18.7,3.1,6.7,0.467,0.0,0.333,3.1,0.468,0.468,1.3,1.9,0.676,2.4,4.7,7.1,0.7,0.7,1.1,1.3,7.5,1986-87,0,0.5,0.15
Earl Cureton,2TM,78.0,25.3,3.1,6.5,0.476,0.0,0.0,3.1,0.478,0.476,1.1,1.9,0.539,2.7,3.1,5.8,1.6,0.4,0.7,1.0,7.3,1986-87,0,0.5,0.14
Leon Wood,NJN,76.0,22.8,2.5,6.6,0.373,0.8,0.3,1.7,0.422,0.433,1.6,2.0,0.799,0.3,1.3,1.6,4.9,0.6,0.0,1.4,7.3,1986-87,0,0.49,0.11
Michael Adams,WSB,63.0,20.7,2.5,6.2,0.407,0.4,0.275,2.1,0.454,0.443,1.7,2.0,0.847,0.6,1.3,2.0,3.9,1.3,0.1,1.3,7.2,1986-87,0,0.51,0.15
Kevin McKenna,NJN,56.0,16.8,2.7,6.0,0.454,0.9,0.419,1.8,0.474,0.531,0.8,1.0,0.754,0.4,1.0,1.4,1.7,1.0,0.1,0.9,7.2,1986-87,0,0.56,0.12
Greg Ballard,GSW,82.0,19.3,3.0,6.9,0.44,0.2,0.375,2.8,0.445,0.453,0.8,1.1,0.747,1.2,2.9,4.1,1.3,0.6,0.2,0.9,7.1,1986-87,0,0.48,0.1
Brad Davis,DAL,82.0,19.3,2.4,5.3,0.456,0.4,0.302,2.0,0.506,0.493,1.8,2.1,0.86,0.3,1.1,1.4,4.5,0.8,0.1,1.4,7.0,1986-87,0,0.56,0.11
Louis Orr,NYK,65.0,22.2,2.6,6.0,0.427,0.0,0.2,2.5,0.43,0.428,1.9,2.6,0.727,1.6,2.0,3.6,1.7,0.7,0.3,1.1,7.0,1986-87,0,0.49,0.12
Jerry Reynolds,MIL,58.0,16.6,2.4,6.1,0.393,0.1,0.333,2.3,0.396,0.402,2.0,3.2,0.641,1.2,1.7,3.0,1.8,0.9,0.5,1.4,7.0,1986-87,0,0.47,0.12
Dirk Minniefield,2TM,74.0,21.6,2.9,6.5,0.452,0.1,0.282,2.8,0.467,0.464,0.8,1.2,0.689,0.4,1.5,1.9,4.7,1.0,0.1,2.1,6.9,1986-87,0,0.49,0.11
Mark Price,CLE,67.0,18.2,2.6,6.3,0.408,0.3,0.329,2.2,0.424,0.435,1.4,1.7,0.833,0.5,1.3,1.7,3.0,0.6,0.1,1.6,6.9,1986-87,0,0.49,0.1
Geoff Huston,LAC,19.0,22.5,2.9,6.4,0.455,0.1,0.5,2.8,0.454,0.459,0.9,1.8,0.529,0.3,0.6,0.9,5.3,0.7,0.0,2.4,6.8,1986-87,0,0.47,0.36
Spud Webb,ATL,33.0,16.1,2.2,4.9,0.438,0.0,0.167,2.1,0.449,0.441,2.4,3.2,0.762,0.2,1.6,1.8,5.1,1.0,0.1,2.1,6.8,1986-87,0,0.54,0.28
William Bedford,PHO,50.0,19.6,2.8,7.2,0.397,0.0,0.0,2.8,0.398,0.397,1.0,1.7,0.581,1.6,3.3,4.9,1.1,0.4,0.7,1.7,6.7,1986-87,0,0.42,0.14
Ben Coleman,NJN,68.0,15.1,2.7,4.6,0.581,0.0,0.0,2.7,0.583,0.581,1.3,1.8,0.727,1.5,2.8,4.2,0.5,0.5,0.5,1.4,6.6,1986-87,0,0.61,0.13
Larry Krystkowiak,SAS,68.0,14.8,2.5,5.5,0.456,0.0,0.083,2.5,0.468,0.457,1.6,2.2,0.743,1.1,2.4,3.5,1.3,0.3,0.2,1.0,6.6,1986-87,0,0.51,0.11
Dan Roundfield,WSB,36.0,18.6,2.5,6.1,0.409,0.0,0.2,2.5,0.414,0.411,1.6,2.0,0.792,1.8,2.9,4.7,1.1,0.3,0.4,1.4,6.6,1986-87,0,0.47,0.21
Al Wood,DAL,54.0,12.2,2.2,5.7,0.39,0.1,0.28,2.1,0.4,0.402,2.0,2.6,0.784,0.7,1.0,1.7,0.6,0.4,0.2,0.6,6.6,1986-87,0,0.48,0.09
Dennis Rodman,DET,77.0,15.0,2.8,5.1,0.545,0.0,0.0,2.8,0.546,0.545,1.0,1.6,0.587,2.1,2.2,4.3,0.7,0.5,0.6,1.2,6.5,1986-87,0,0.56,0.11
Mark West,CLE,78.0,17.1,2.7,4.9,0.543,0.0,0.0,2.7,0.546,0.543,1.1,2.2,0.514,1.6,2.7,4.3,0.5,0.3,1.0,1.4,6.5,1986-87,0,0.55,0.1
Tyrone Corbin,2TM,63.0,18.6,2.5,6.0,0.409,0.0,0.25,2.5,0.411,0.411,1.4,2.0,0.734,1.4,2.0,3.4,1.5,0.9,0.1,1.0,6.4,1986-87,0,0.47,0.11
Clint Richardson,IND,78.0,17.9,2.8,6.0,0.467,0.1,0.353,2.7,0.471,0.473,0.8,0.9,0.797,0.7,1.2,1.8,3.1,0.6,0.1,1.1,6.4,1986-87,0,0.5,0.1
Otis Birdsong,NJN,7.0,18.1,2.7,6.0,0.452,0.0,0.0,2.7,0.463,0.452,0.9,1.3,0.667,0.4,0.6,1.0,2.4,0.4,0.0,1.3,6.3,1986-87,0,0.48,0.73
Craig Ehlo,CLE,44.0,20.2,2.3,5.4,0.414,0.1,0.172,2.1,0.448,0.425,1.6,2.3,0.707,1.3,2.4,3.7,2.1,0.9,0.7,1.4,6.2,1986-87,0,0.48,0.19
Steve Colter,2TM,70.0,18.9,2.4,5.7,0.426,0.1,0.235,2.4,0.434,0.431,1.2,1.5,0.766,0.3,1.2,1.5,3.0,0.8,0.2,1.0,6.1,1986-87,0,0.48,0.1
Keith Lee,CLE,67.0,13.0,2.5,5.6,0.455,0.0,0.0,2.5,0.456,0.455,1.1,1.5,0.713,1.4,2.4,3.7,1.0,0.4,0.6,1.3,6.1,1986-87,0,0.49,0.1
Rick Mahorn,DET,63.0,20.3,2.3,5.1,0.447,0.0,,2.3,0.447,0.447,1.5,1.9,0.821,1.5,4.5,6.0,0.6,0.5,0.8,1.2,6.1,1986-87,0,0.51,0.15
Melvin Turpin,CLE,64.0,12.5,2.6,5.7,0.462,0.0,,2.6,0.462,0.462,0.9,1.2,0.714,1.0,2.0,3.0,0.5,0.2,0.6,1.0,6.1,1986-87,0,0.49,0.09
John Battle,ATL,64.0,12.6,2.3,4.9,0.457,0.0,0.0,2.3,0.472,0.457,1.5,2.0,0.738,0.3,0.7,0.9,1.9,0.5,0.1,0.9,6.0,1986-87,0,0.52,0.08
Kurt Nimphius,2TM,66.0,16.5,2.3,5.0,0.47,0.0,0.0,2.3,0.475,0.47,1.2,1.8,0.675,1.2,1.6,2.8,0.4,0.3,0.8,1.0,5.9,1986-87,0,0.51,0.09
Rafael Addison,PHO,62.0,11.5,2.4,5.3,0.441,0.3,0.32,2.1,0.463,0.465,0.8,1.0,0.797,0.7,1.0,1.7,0.7,0.4,0.1,0.9,5.8,1986-87,0,0.51,0.08
Ron Anderson,IND,63.0,11.4,2.2,4.7,0.473,0.0,0.0,2.2,0.481,0.473,1.3,1.7,0.787,1.2,1.2,2.4,0.9,0.5,0.0,0.9,5.8,1986-87,0,0.53,0.09
World B. Free,PHI,20.0,14.3,2.0,6.2,0.317,0.1,0.222,1.9,0.325,0.325,1.8,2.4,0.766,0.3,0.7,1.0,1.5,0.3,0.2,0.9,5.8,1986-87,0,0.4,0.16
Eddie Lee Wilkins,NYK,24.0,18.9,2.3,5.3,0.441,0.0,0.0,2.3,0.444,0.441,1.1,2.4,0.466,1.9,2.6,4.5,0.3,0.4,0.1,1.2,5.8,1986-87,0,0.46,0.23
Kurt Rambis,LAL,78.0,19.4,2.1,4.0,0.521,0.0,,2.1,0.521,0.521,1.5,2.0,0.764,2.0,3.8,5.8,0.8,0.9,0.5,1.3,5.7,1986-87,0,0.58,0.13
Jerry Sichting,BOS,78.0,20.1,2.6,5.1,0.508,0.1,0.269,2.5,0.524,0.516,0.5,0.5,0.881,0.3,0.9,1.2,2.4,0.5,0.0,0.8,5.7,1986-87,0,0.54,0.08
Jon Koncak,ATL,82.0,20.5,2.1,4.3,0.48,0.0,0.0,2.1,0.481,0.48,1.5,2.3,0.654,1.9,4.1,6.0,0.4,0.6,0.9,1.1,5.6,1986-87,0,0.53,0.11
Ben McDonald,GSW,63.0,20.4,2.6,5.7,0.456,0.0,0.125,2.6,0.463,0.457,0.4,0.6,0.632,1.0,1.9,2.9,1.3,0.4,0.1,0.7,5.6,1986-87,0,0.47,0.1
Billy Thompson,LAL,59.0,12.9,2.4,4.4,0.544,0.0,0.0,2.4,0.546,0.544,0.8,1.3,0.649,1.2,1.7,2.9,1.0,0.3,0.5,1.0,5.6,1986-87,0,0.56,0.12
Grant Gondrezick,PHO,64.0,13.1,2.1,4.7,0.45,0.1,0.235,2.0,0.463,0.457,1.2,1.7,0.701,0.7,1.0,1.7,1.3,0.4,0.1,0.9,5.5,1986-87,0,0.5,0.08
Fred Roberts,BOS,73.0,14.8,1.9,3.7,0.515,0.0,0.0,1.9,0.521,0.515,1.7,2.1,0.81,0.7,1.9,2.6,0.8,0.3,0.3,1.2,5.5,1986-87,0,0.59,0.08
Kevin Duckworth,2TM,65.0,13.5,2.0,4.2,0.476,0.0,0.0,2.0,0.478,0.476,1.4,2.1,0.687,1.2,2.3,3.4,0.4,0.3,0.3,1.2,5.4,1986-87,0,0.53,0.09
Tree Rollins,ATL,75.0,23.5,2.3,4.2,0.546,0.0,,2.3,0.546,0.546,0.8,1.2,0.724,2.1,4.4,6.5,0.3,0.6,1.9,0.8,5.4,1986-87,0,0.57,0.15
Antoine Carr,ATL,65.0,10.7,2.1,4.1,0.506,0.0,0.333,2.0,0.508,0.508,1.1,1.6,0.709,0.9,1.5,2.4,0.5,0.2,0.7,0.6,5.3,1986-87,0,0.55,0.09
Jeff Hornacek,PHO,80.0,19.5,2.0,4.4,0.454,0.2,0.279,1.8,0.479,0.471,1.2,1.5,0.777,0.5,1.8,2.3,4.5,0.9,0.1,1.9,5.3,1986-87,0,0.52,0.11
Nate McMillan,SEA,71.0,27.8,2.0,4.2,0.475,0.0,0.0,2.0,0.486,0.475,1.2,2.0,0.617,1.4,3.2,4.7,8.2,1.8,0.6,2.2,5.3,1986-87,0,0.52,0.22
John Salley,DET,82.0,17.8,2.0,3.5,0.562,0.0,0.0,2.0,0.564,0.562,1.3,2.1,0.614,1.3,2.3,3.6,0.7,0.5,1.5,0.9,5.3,1986-87,0,0.6,0.1
Kenny Gattison,PHO,77.0,14.3,1.9,4.0,0.476,0.0,0.0,1.9,0.481,0.476,1.4,2.2,0.632,1.1,2.4,3.5,0.5,0.3,0.4,1.1,5.2,1986-87,0,0.52,0.08
Junior Bridgeman,MIL,34.0,12.3,2.3,5.0,0.462,0.0,0.167,2.3,0.473,0.465,0.5,0.6,0.8,0.4,1.1,1.5,1.0,0.3,0.1,0.4,5.1,1986-87,0,0.48,0.14
Jerome Whitehead,GSW,73.0,12.8,2.0,4.5,0.45,0.0,0.0,2.0,0.451,0.45,1.1,1.5,0.699,1.5,2.1,3.6,0.3,0.2,0.2,0.7,5.1,1986-87,0,0.49,0.08
Anthony Jones,2TM,65.0,13.2,2.0,5.0,0.413,0.1,0.35,1.9,0.417,0.424,0.8,1.0,0.769,0.6,1.0,1.6,1.1,0.6,0.3,0.8,5.0,1986-87,0,0.46,0.07
Clark Kellogg,IND,4.0,15.0,2.0,5.5,0.364,0.3,0.5,1.8,0.35,0.386,0.8,1.0,0.75,1.8,1.0,2.8,1.5,1.3,0.0,1.0,5.0,1986-87,0,0.42,1.48
Johnny Newman,CLE,59.0,10.7,1.9,4.7,0.411,0.0,0.045,1.9,0.443,0.413,1.1,1.3,0.868,0.6,0.6,1.2,0.5,0.3,0.1,0.8,5.0,1986-87,0,0.47,0.06
Carey Scurry,UTA,69.0,10.9,1.8,3.6,0.498,0.1,0.308,1.7,0.509,0.506,1.4,1.9,0.701,1.4,1.5,2.9,0.8,0.8,0.8,0.8,5.0,1986-87,0,0.56,0.1
Jeff Turner,NJN,76.0,13.2,2.0,4.3,0.465,0.0,0.0,2.0,0.466,0.465,1.0,1.4,0.731,1.1,1.5,2.6,0.8,0.4,0.2,1.1,5.0,1986-87,0,0.51,0.07
Dell Curry,UTA,67.0,9.5,2.1,4.9,0.426,0.3,0.283,1.8,0.459,0.452,0.4,0.6,0.789,0.4,0.7,1.2,0.9,0.4,0.1,0.7,4.9,1986-87,0,0.47,0.06
Kyle Macy,IND,76.0,16.4,2.2,4.5,0.481,0.2,0.304,2.0,0.508,0.501,0.4,0.5,0.829,0.3,1.2,1.5,2.6,0.8,0.1,0.8,4.9,1986-87,0,0.52,0.09
Kevin Williams,SEA,65.0,10.8,2.0,4.6,0.446,0.0,0.0,2.0,0.457,0.446,0.8,1.0,0.833,0.7,0.6,1.3,1.0,0.7,0.1,1.0,4.9,1986-87,0,0.49,0.06
Danny Young,SEA,73.0,20.3,1.8,3.9,0.458,0.4,0.367,1.4,0.493,0.509,0.8,1.0,0.831,0.3,1.2,1.5,4.8,1.0,0.0,1.2,4.8,1986-87,0,0.55,0.12
Harold Pressley,SAC,67.0,13.6,2.0,4.7,0.423,0.1,0.25,1.9,0.439,0.434,0.5,0.7,0.729,1.0,1.6,2.6,1.8,0.6,0.3,0.9,4.6,1986-87,0,0.46,0.09
Bernard Thompson,PHO,24.0,13.8,1.8,4.4,0.4,0.0,0.0,1.8,0.412,0.4,1.1,1.4,0.818,0.8,0.5,1.3,0.8,0.5,0.2,0.7,4.6,1986-87,0,0.46,0.16
Kent Benson,UTA,73.0,12.3,1.9,4.3,0.443,0.0,0.286,1.9,0.447,0.446,0.6,0.8,0.81,1.1,2.1,3.2,0.5,0.5,0.4,0.6,4.5,1986-87,0,0.48,0.08
Tim Kempton,LAC,66.0,14.2,1.5,3.1,0.471,0.0,0.0,1.5,0.473,0.471,1.4,2.1,0.693,1.1,1.9,2.9,0.8,0.6,0.2,0.7,4.4,1986-87,0,0.55,0.09
Adrian Branch,LAL,32.0,6.8,1.5,3.0,0.5,0.0,0.0,1.5,0.511,0.5,1.3,1.7,0.778,0.7,0.9,1.7,0.5,0.5,0.1,0.8,4.3,1986-87,0,0.57,0.14
Mike Brown,CHI,62.0,13.2,1.7,3.2,0.527,0.0,,1.7,0.527,0.527,0.7,1.2,0.639,1.1,2.3,3.5,0.4,0.3,0.1,1.0,4.2,1986-87,0,0.56,0.09
Don Collins,MIL,6.0,9.5,1.7,4.7,0.357,0.0,,1.7,0.357,0.357,0.8,1.2,0.714,1.8,0.7,2.5,0.3,0.3,0.2,0.8,4.2,1986-87,0,0.4,0.55
Wes Matthews,LAL,50.0,10.6,1.8,3.7,0.476,0.0,0.333,1.8,0.478,0.479,0.6,0.7,0.806,0.3,0.7,0.9,2.0,0.5,0.1,1.0,4.2,1986-87,0,0.52,0.09
Johnny Rogers,SAC,45.0,10.4,2.0,4.1,0.486,0.0,0.0,2.0,0.5,0.486,0.2,0.3,0.6,0.7,1.0,1.7,0.6,0.2,0.2,0.4,4.2,1986-87,0,0.5,0.1
Gus Williams,ATL,33.0,14.6,1.6,4.4,0.363,0.2,0.278,1.5,0.375,0.38,0.8,1.2,0.675,0.2,1.0,1.2,4.2,0.5,0.2,1.6,4.2,1986-87,0,0.43,0.17
Caldwell Jones,POR,78.0,20.2,1.4,2.9,0.496,0.0,0.0,1.4,0.5,0.496,1.2,1.6,0.782,1.5,4.4,5.8,0.8,0.3,1.0,1.1,4.1,1986-87,0,0.57,0.12
Frank Brickowski,2TM,44.0,11.1,1.4,2.8,0.508,0.0,0.0,1.4,0.525,0.508,1.1,1.6,0.714,1.1,1.5,2.6,0.4,0.5,0.1,0.7,4.0,1986-87,0,0.57,0.11
Terence Stansbury,SEA,44.0,8.5,1.5,3.5,0.429,0.3,0.379,1.3,0.441,0.465,0.7,1.1,0.62,0.2,0.4,0.5,1.3,0.3,0.0,0.7,4.0,1986-87,0,0.5,0.07
Othell Wilson,SAC,53.0,14.9,1.5,3.5,0.443,0.1,0.167,1.5,0.473,0.451,0.8,1.0,0.796,0.5,1.0,1.5,3.9,0.8,0.1,1.5,4.0,1986-87,0,0.51,0.12
Chris McNealy,NYK,59.0,16.5,1.5,3.0,0.492,0.0,,1.5,0.492,0.492,0.9,1.4,0.65,1.3,2.6,3.8,0.8,0.6,0.3,1.1,3.9,1986-87,0,0.54,0.11
Jawann Oldham,NYK,44.0,17.6,1.6,4.0,0.408,0.0,0.0,1.6,0.41,0.408,0.7,1.3,0.544,1.2,2.9,4.1,0.4,0.5,1.6,1.1,3.9,1986-87,0,0.43,0.15
Darren Daye,2TM,62.0,11.8,1.6,3.3,0.5,0.0,,1.6,0.5,0.5,0.5,1.0,0.523,0.6,1.4,2.0,1.2,0.4,0.1,0.9,3.8,1986-87,0,0.51,0.07
Mike Glenn,MIL,4.0,8.5,1.3,3.3,0.385,0.0,,1.3,0.385,0.385,1.3,1.8,0.714,0.0,0.5,0.5,0.3,0.3,0.0,0.0,3.8,1986-87,0,0.46,0.6
Buck Johnson,HOU,60.0,8.7,1.6,3.4,0.468,0.0,0.0,1.6,0.47,0.468,0.7,1.0,0.69,0.6,0.8,1.5,0.7,0.3,0.3,0.6,3.8,1986-87,0,0.49,0.06
Scott Skiles,MIL,13.0,15.8,1.4,4.8,0.29,0.2,0.214,1.2,0.313,0.315,0.8,0.9,0.833,0.5,1.5,2.0,3.5,0.4,0.1,1.6,3.8,1986-87,0,0.37,0.36
Chris Washburn,GSW,35.0,11.0,1.6,4.1,0.393,0.0,0.0,1.6,0.396,0.393,0.5,1.5,0.353,1.0,1.9,2.9,0.5,0.2,0.2,1.1,3.8,1986-87,0,0.4,0.09
Dave Feitl,HOU,62.0,8.0,1.4,3.3,0.436,0.0,0.0,1.4,0.438,0.436,0.9,1.1,0.746,0.6,1.3,1.9,0.4,0.1,0.1,0.6,3.7,1986-87,0,0.49,0.06
Ed Nealy,SAS,60.0,16.3,1.4,3.2,0.438,0.1,0.129,1.3,0.497,0.448,0.9,1.2,0.739,1.6,3.1,4.7,1.4,0.7,0.2,0.6,3.7,1986-87,0,0.5,0.13
Sam Vincent,BOS,46.0,8.1,1.3,3.0,0.441,0.0,,1.3,0.441,0.441,1.1,1.2,0.927,0.1,0.5,0.6,1.3,0.3,0.0,0.7,3.7,1986-87,0,0.52,0.07
Brad Wright,NYK,14.0,9.9,1.4,3.3,0.435,0.0,0.0,1.4,0.444,0.435,0.9,2.0,0.429,1.8,2.0,3.8,0.1,0.2,0.4,0.9,3.7,1986-87,0,0.44,0.31
Marc Iavaroni,UTA,78.0,10.8,1.3,2.8,0.465,0.0,0.0,1.3,0.474,0.465,1.0,1.5,0.672,0.8,1.4,2.2,0.5,0.2,0.1,0.7,3.6,1986-87,0,0.52,0.05
Charles Jones,WSB,79.0,20.4,1.5,3.2,0.474,0.0,0.0,1.5,0.476,0.474,0.6,1.0,0.632,1.8,2.7,4.5,1.0,0.8,2.1,1.0,3.6,1986-87,0,0.49,0.11
Pace Mannion,NJN,23.0,12.3,1.3,4.1,0.33,0.1,0.333,1.2,0.329,0.346,0.8,1.3,0.581,0.4,1.3,1.7,2.0,0.8,0.2,1.0,3.6,1986-87,0,0.39,0.17
Perry Moss,GSW,64.0,10.9,1.4,3.2,0.44,0.0,0.071,1.4,0.466,0.442,0.8,1.1,0.71,0.5,1.0,1.5,1.4,0.7,0.0,0.9,3.6,1986-87,0,0.49,0.07
Tony Campbell,DET,40.0,8.3,1.4,3.6,0.393,0.0,0.0,1.4,0.401,0.393,0.6,1.0,0.615,0.5,0.9,1.5,0.5,0.3,0.0,0.9,3.5,1986-87,0,0.43,0.06
Franklin Edwards,SAC,8.0,15.3,1.1,4.0,0.281,0.0,0.0,1.1,0.321,0.281,1.3,1.8,0.714,0.3,1.0,1.3,3.6,0.6,0.0,2.1,3.5,1986-87,0,0.37,0.44
Elston Turner,CHI,70.0,13.4,1.6,3.6,0.444,0.0,0.125,1.6,0.455,0.446,0.3,0.4,0.742,0.5,1.2,1.6,1.5,0.4,0.1,0.4,3.5,1986-87,0,0.46,0.07
T.R. Dunn,DEN,81.0,23.9,1.5,3.4,0.428,0.0,0.0,1.5,0.431,0.428,0.4,0.7,0.655,1.1,2.1,3.3,1.8,1.2,0.3,0.4,3.4,1986-87,0,0.46,0.09
Kenny Green,PHI,19.0,9.1,1.3,3.7,0.357,0.0,,1.3,0.357,0.357,0.7,1.0,0.737,0.3,1.2,1.5,0.4,0.2,0.1,0.8,3.4,1986-87,0,0.41,0.11
Maurice Martin,DEN,43.0,6.7,1.2,3.1,0.378,0.1,0.2,1.1,0.4,0.389,1.0,1.5,0.636,0.3,0.7,1.0,0.8,0.3,0.1,0.8,3.4,1986-87,0,0.45,0.06
Jay Murphy,WSB,21.0,6.7,1.5,3.4,0.431,0.0,,1.5,0.431,0.431,0.4,0.8,0.563,0.8,1.0,1.9,0.2,0.1,0.1,0.3,3.4,1986-87,0,0.45,0.15
Michael Brooks,IND,10.0,14.8,1.3,3.7,0.351,0.0,,1.3,0.351,0.351,0.7,1.0,0.7,0.9,1.9,2.8,1.1,0.9,0.0,1.1,3.3,1986-87,0,0.4,0.43
Stewart Granger,NYK,15.0,11.1,1.3,3.6,0.37,0.0,0.0,1.3,0.392,0.37,0.6,0.7,0.818,0.4,0.7,1.1,1.8,0.5,0.1,1.5,3.3,1986-87,0,0.42,0.19
Michael Holton,POR,58.0,8.3,1.2,2.9,0.409,0.1,0.304,1.1,0.426,0.43,0.8,0.9,0.8,0.2,0.5,0.7,1.3,0.3,0.0,0.7,3.3,1986-87,0,0.5,0.05
Scooter McCray,CLE,24.0,11.6,1.3,2.7,0.462,0.0,,1.3,0.462,0.462,0.8,1.7,0.488,0.8,1.6,2.4,1.0,0.4,0.2,1.0,3.3,1986-87,0,0.48,0.17
Mark Olberding,SAC,76.0,13.2,0.9,2.2,0.418,0.0,0.0,0.9,0.421,0.418,1.5,1.7,0.885,0.7,1.8,2.4,1.2,0.2,0.1,0.7,3.3,1986-87,0,0.56,0.07
Walker Russell,IND,48.0,10.6,1.3,3.4,0.388,0.0,0.125,1.3,0.416,0.394,0.6,0.8,0.73,0.4,0.8,1.1,2.7,0.4,0.1,1.3,3.3,1986-87,0,0.44,0.08
Keith Smith,MIL,42.0,11.0,1.4,3.6,0.38,0.1,0.333,1.3,0.383,0.39,0.5,0.7,0.75,0.3,0.5,0.8,1.0,0.6,0.1,0.7,3.3,1986-87,0,0.42,0.06
Scott Wedman,BOS,6.0,13.0,1.5,4.5,0.333,0.2,0.5,1.3,0.32,0.352,0.2,0.3,0.5,0.5,1.0,1.5,1.0,0.3,0.3,0.5,3.3,1986-87,0,0.36,0.47
Clemon Johnson,SEA,78.0,13.5,1.1,2.3,0.494,0.0,0.0,1.1,0.5,0.494,0.9,1.4,0.636,1.4,2.2,3.6,0.3,0.3,0.5,0.5,3.2,1986-87,0,0.55,0.07
Mark McNamara,PHI,11.0,10.3,1.3,2.7,0.467,0.0,,1.3,0.467,0.467,0.6,1.7,0.368,1.5,1.7,3.3,0.2,0.1,0.0,0.7,3.2,1986-87,0,0.46,0.33
Manute Bol,WSB,82.0,18.9,1.3,2.8,0.446,0.0,0.0,1.3,0.448,0.446,0.5,0.8,0.672,1.0,3.4,4.4,0.1,0.2,3.7,0.7,3.1,1986-87,0,0.49,0.11
Dudley Bradley,MIL,68.0,13.2,1.1,3.1,0.357,0.2,0.26,0.9,0.387,0.387,0.7,0.9,0.81,0.5,1.0,1.5,1.0,1.5,0.1,0.5,3.1,1986-87,0,0.44,0.07
Bill Martin,NYK,8.0,8.5,1.1,3.1,0.36,0.0,,1.1,0.36,0.36,0.9,1.0,0.875,0.3,0.6,0.9,0.0,0.5,0.3,0.9,3.1,1986-87,0,0.44,0.22
Hank McDowell,MIL,7.0,10.0,1.1,2.4,0.471,0.0,,1.1,0.471,0.471,0.9,1.0,0.857,1.3,1.4,2.7,0.3,0.3,0.0,0.4,3.1,1986-87,0,0.55,0.66
Clinton Smith,GSW,41.0,8.3,1.2,2.9,0.427,0.0,0.0,1.2,0.435,0.427,0.7,0.9,0.75,0.6,0.7,1.4,1.1,0.3,0.0,0.6,3.1,1986-87,0,0.47,0.08
Jim Lampley,PHI,1.0,16.0,1.0,3.0,0.333,0.0,,1.0,0.333,0.333,1.0,2.0,0.5,1.0,4.0,5.0,0.0,1.0,0.0,1.0,3.0,1986-87,0,0.39,5.0
Michael Phelps,SEA,60.0,7.8,1.3,2.9,0.426,0.0,0.1,1.2,0.446,0.429,0.5,0.7,0.705,0.3,0.6,0.8,1.1,0.4,0.0,0.5,3.0,1986-87,0,0.47,0.05
Nick Vanos,PHO,57.0,11.2,1.1,2.8,0.411,0.0,0.0,1.1,0.417,0.411,0.7,1.0,0.644,1.2,2.0,3.2,0.8,0.3,0.4,0.8,2.9,1986-87,0,0.45,0.08
Ben Poquette,2TM,58.0,10.4,1.1,2.1,0.508,0.0,0.0,1.1,0.525,0.508,0.7,0.9,0.8,0.5,1.2,1.7,0.6,0.2,0.6,0.4,2.8,1986-87,0,0.56,0.07
Richard Anderson,HOU,51.0,6.1,1.2,2.7,0.424,0.1,0.25,1.1,0.447,0.439,0.4,0.6,0.759,0.5,1.1,1.5,0.6,0.1,0.1,0.4,2.8,1986-87,0,0.47,0.06
Forrest McKenzie,SAS,6.0,7.0,1.2,4.7,0.25,0.2,0.5,1.0,0.231,0.268,0.3,0.3,1.0,0.3,0.8,1.2,0.2,0.2,0.0,0.5,2.8,1986-87,0,0.29,0.07
Otis Smith,DEN,28.0,6.0,1.2,2.8,0.418,0.0,0.0,1.2,0.429,0.418,0.4,0.8,0.571,0.6,0.6,1.2,0.8,0.0,0.0,0.7,2.8,1986-87,0,0.44,0.08
Bill Walton,BOS,10.0,11.2,1.0,2.6,0.385,0.0,,1.0,0.385,0.385,0.8,1.5,0.533,1.1,2.0,3.1,0.9,0.1,1.0,1.5,2.8,1986-87,0,0.43,0.41
Russ Schoene,SEA,63.0,9.2,1.1,3.0,0.374,0.0,0.154,1.1,0.39,0.379,0.5,0.7,0.63,0.8,1.0,1.9,0.4,0.3,0.2,0.7,2.7,1986-87,0,0.41,0.04
Bill Wennington,DAL,58.0,9.7,1.0,2.3,0.424,0.0,0.0,1.0,0.431,0.424,0.8,1.0,0.75,0.9,1.3,2.2,0.4,0.2,0.2,0.7,2.7,1986-87,0,0.49,0.06
Steffond Johnson,LAC,29.0,8.1,0.9,2.2,0.422,0.0,0.0,0.9,0.443,0.422,0.7,1.3,0.526,0.5,1.0,1.5,0.2,0.3,0.1,0.6,2.6,1986-87,0,0.47,0.08
Paul Mokeski,MIL,62.0,10.1,0.8,2.1,0.403,0.0,0.0,0.8,0.406,0.403,0.7,1.0,0.719,0.7,1.5,2.2,0.4,0.3,0.2,0.4,2.4,1986-87,0,0.47,0.06
Danny Vranes,PHI,58.0,14.1,1.0,2.4,0.428,0.0,0.2,1.0,0.436,0.431,0.4,0.8,0.467,0.9,1.6,2.5,0.5,0.6,0.4,0.4,2.4,1986-87,0,0.44,0.07
Conner Henry,2TM,54.0,6.0,0.9,2.5,0.338,0.2,0.31,0.6,0.351,0.386,0.3,0.5,0.63,0.1,0.5,0.6,0.6,0.2,0.0,0.5,2.3,1986-87,0,0.42,0.03
Pete Myers,CHI,29.0,5.3,0.7,1.8,0.365,0.0,0.0,0.7,0.413,0.365,1.0,1.5,0.651,0.3,0.3,0.6,0.7,0.5,0.1,0.3,2.3,1986-87,0,0.47,0.08
Dennis Nutt,DAL,25.0,3.6,0.6,1.6,0.4,0.2,0.294,0.4,0.478,0.463,0.8,0.9,0.909,0.0,0.3,0.3,0.6,0.3,0.0,0.4,2.3,1986-87,0,0.58,0.08
Mike Smrek,LAL,35.0,6.7,0.9,1.7,0.5,0.0,,0.9,0.5,0.5,0.5,0.7,0.64,0.4,0.7,1.1,0.1,0.1,0.4,0.5,2.2,1986-87,0,0.55,0.07
Bob Thornton,NYK,33.0,8.5,0.9,2.0,0.433,0.0,0.0,0.9,0.439,0.433,0.4,0.6,0.65,0.5,1.2,1.7,0.2,0.1,0.1,0.7,2.2,1986-87,0,0.49,0.07
Mike O'Koren,WSB,15.0,8.2,1.1,2.8,0.381,0.0,0.0,1.1,0.4,0.381,0.0,0.1,0.0,0.4,0.5,0.9,0.9,0.1,0.0,0.4,2.1,1986-87,0,0.37,0.12
Stuart Gray,IND,55.0,8.3,0.7,1.8,0.406,0.0,,0.7,0.406,0.406,0.5,0.7,0.718,0.7,1.6,2.3,0.5,0.2,0.5,0.7,2.0,1986-87,0,0.47,0.06
Jerome Henderson,MIL,6.0,6.0,0.7,2.2,0.308,0.0,,0.7,0.308,0.308,0.7,0.7,1.0,0.3,0.8,1.2,0.0,0.2,0.2,1.0,2.0,1986-87,0,0.4,0.18
Cozell McQueen,DET,3.0,2.3,1.0,1.0,1.0,0.0,,1.0,1.0,1.0,0.0,0.0,,1.0,1.7,2.7,0.0,0.0,0.3,0.0,2.0,1986-87,0,1.0,1.67
Dwayne Polee,LAC,1.0,6.0,1.0,4.0,0.25,0.0,0.0,1.0,1.0,0.25,0.0,0.0,,0.0,0.0,0.0,0.0,1.0,0.0,1.0,2.0,1986-87,0,0.25,-1.0
McKinley Singleton,NYK,2.0,5.0,1.0,1.5,0.667,0.0,0.0,1.0,1.0,0.667,0.0,0.0,,0.0,0.0,0.0,0.5,0.0,0.0,0.0,2.0,1986-87,0,0.67,1.0
Pete Verhoeven,IND,5.0,8.8,1.0,2.8,0.357,0.0,,1.0,0.357,0.357,0.0,0.0,,0.4,1.0,1.4,0.4,0.4,0.2,0.0,2.0,1986-87,0,0.36,0.52
Chris Engler,3TM,30.0,6.5,0.8,1.7,0.451,0.0,,0.8,0.451,0.451,0.4,0.5,0.75,0.8,1.1,1.9,0.3,0.2,0.4,0.4,1.9,1986-87,0,0.49,0.11
Chris Engler,POR,7.0,2.4,0.6,1.1,0.5,0.0,,0.6,0.5,0.5,0.4,0.4,1.0,0.9,0.3,1.1,0.1,0.1,0.1,0.3,1.6,1986-87,0,0.63,0.31
Chris Engler,MIL,5.0,9.6,0.6,2.4,0.25,0.0,,0.6,0.25,0.25,0.2,0.2,1.0,0.6,2.6,3.2,0.6,0.2,0.2,0.0,1.4,1986-87,0,0.28,0.76
Chris Engler,NJN,18.0,7.2,0.9,1.7,0.516,0.0,,0.9,0.516,0.516,0.4,0.7,0.667,0.8,1.1,1.8,0.2,0.2,0.5,0.6,2.2,1986-87,0,0.55,0.18
Rick Carlisle,BOS,42.0,7.1,0.7,2.2,0.326,0.1,0.313,0.6,0.329,0.353,0.4,0.5,0.75,0.2,0.5,0.7,0.8,0.2,0.0,0.6,1.9,1986-87,0,0.39,0.03
Chuck Nevitt,DET,41.0,6.5,0.8,1.5,0.492,0.0,,0.8,0.492,0.492,0.3,0.6,0.583,0.9,1.1,2.0,0.1,0.2,0.7,0.5,1.9,1986-87,0,0.54,0.08
Granville Waiters,CHI,44.0,12.1,0.9,2.1,0.43,0.0,0.0,0.9,0.435,0.43,0.1,0.2,0.556,0.9,1.1,2.0,0.5,0.2,0.7,0.4,1.9,1986-87,0,0.43,0.08
Uwe Blab,DAL,30.0,5.3,0.7,1.7,0.392,0.0,,0.7,0.392,0.392,0.4,0.9,0.464,0.4,0.8,1.2,0.4,0.1,0.3,0.5,1.8,1986-87,0,0.43,0.06
Bruce Douglas,SAC,8.0,12.3,0.9,3.0,0.292,0.0,0.0,0.9,0.304,0.292,0.0,0.5,0.0,0.6,1.1,1.8,2.1,1.1,0.0,1.1,1.8,1986-87,0,0.28,0.39
Greg Dreiling,IND,24.0,5.3,0.7,1.5,0.432,0.0,,0.7,0.432,0.432,0.4,0.5,0.833,0.5,1.3,1.8,0.3,0.1,0.1,0.3,1.8,1986-87,0,0.52,0.12
Scott Hastings,ATL,40.0,6.4,0.6,1.7,0.338,0.1,0.167,0.5,0.375,0.353,0.6,0.7,0.793,0.4,1.4,1.8,0.3,0.3,0.2,0.3,1.8,1986-87,0,0.45,0.07
Jeff Taylor,DET,12.0,3.7,0.5,0.8,0.6,0.0,,0.5,0.6,0.6,0.8,0.8,0.9,0.1,0.3,0.3,0.3,0.2,0.1,0.7,1.8,1986-87,0,0.78,0.14
Marvin Webster,MIL,15.0,6.8,0.7,1.3,0.526,0.1,1.0,0.6,0.5,0.553,0.4,0.5,0.75,0.8,0.9,1.7,0.2,0.2,0.5,0.5,1.8,1986-87,0,0.59,0.21
Greg Kite,BOS,74.0,10.1,0.6,1.5,0.427,0.0,0.0,0.6,0.431,0.427,0.4,1.0,0.382,0.8,1.5,2.3,0.4,0.2,0.6,0.5,1.7,1986-87,0,0.44,0.04
Ron Rowan,POR,7.0,2.3,0.6,1.3,0.444,0.1,1.0,0.4,0.375,0.5,0.4,0.6,0.75,0.1,0.0,0.1,0.1,0.6,0.0,0.4,1.7,1986-87,0,0.54,0.17
Kevin Henderson,GSW,5.0,9.0,0.6,1.6,0.375,0.0,,0.6,0.375,0.375,0.4,0.4,1.0,0.2,0.4,0.6,2.2,0.2,0.0,0.8,1.6,1986-87,0,0.45,0.56
Mike Brittain,SAS,6.0,4.8,0.7,1.5,0.444,0.0,,0.7,0.444,0.444,0.2,0.3,0.5,0.3,0.3,0.7,0.3,0.2,0.0,0.3,1.5,1986-87,0,0.46,0.25
Curtis Kitchen,SEA,6.0,5.2,0.5,1.0,0.5,0.0,0.0,0.5,0.6,0.5,0.5,0.7,0.75,0.7,0.8,1.5,0.2,0.3,0.5,0.0,1.5,1986-87,0,0.57,0.55
David Thirdkill,BOS,17.0,5.2,0.6,1.4,0.417,0.0,0.0,0.6,0.435,0.417,0.3,0.9,0.313,0.3,0.8,1.1,0.1,0.1,0.0,0.3,1.5,1986-87,0,0.42,0.06
Cedric Henderson,2TM,8.0,2.0,0.5,1.0,0.5,0.0,,0.5,0.5,0.5,0.4,0.4,1.0,0.4,0.6,1.0,0.0,0.0,0.0,0.5,1.4,1986-87,0,0.6,0.18
Perry Young,2TM,9.0,8.0,0.7,2.3,0.286,0.0,,0.7,0.286,0.286,0.1,0.2,0.5,0.3,0.6,0.9,0.8,0.6,0.1,0.4,1.4,1986-87,0,0.29,0.19
Myron Jackson,DAL,8.0,2.8,0.3,1.1,0.222,0.0,,0.3,0.222,0.222,0.9,1.0,0.875,0.1,0.3,0.4,0.8,0.1,0.0,0.6,1.4,1986-87,0,0.45,0.15
Joe Binion,POR,11.0,4.6,0.4,0.9,0.4,0.0,,0.4,0.4,0.4,0.5,0.9,0.6,0.7,0.9,1.6,0.1,0.2,0.2,0.3,1.3,1986-87,0,0.5,0.2
Jerry Eaves,SAC,3.0,8.7,0.3,2.7,0.125,0.0,,0.3,0.125,0.125,0.7,0.7,1.0,0.3,0.0,0.3,0.0,0.3,0.0,0.7,1.3,1986-87,0,0.22,-0.4
Andre Turner,BOS,3.0,6.0,0.7,1.7,0.4,0.0,0.0,0.7,0.5,0.4,0.0,0.0,,0.3,0.3,0.7,0.3,0.0,0.0,1.7,1.3,1986-87,0,0.38,-0.13
Michael Wilson,2TM,7.0,6.4,0.4,1.4,0.3,0.0,,0.4,0.3,0.3,0.3,0.3,1.0,0.1,0.4,0.6,1.0,0.1,0.0,0.7,1.1,1986-87,0,0.36,0.16
Fernando Mart√≠n,POR,24.0,6.1,0.4,1.3,0.29,0.0,0.0,0.4,0.3,0.29,0.2,0.5,0.364,0.3,0.8,1.2,0.4,0.3,0.0,0.8,0.9,1986-87,0,0.3,0.03
Fred Cofield,CHI,5.0,5.4,0.4,2.2,0.182,0.0,0.0,0.4,0.2,0.182,0.0,0.0,,0.2,0.8,1.0,0.8,0.4,0.0,0.2,0.8,1986-87,0,0.18,0.2
Pete Williams,DEN,5.0,2.0,0.2,0.4,0.5,0.0,,0.2,0.5,0.5,0.0,0.0,,0.0,0.2,0.2,0.2,0.0,0.0,0.2,0.4,1986-87,0,0.5,0.08
John Schweitz,DET,3.0,2.3,0.0,0.3,0.0,0.0,,0.0,0.0,0.0,0.0,0.0,,0.0,0.3,0.3,0.0,0.0,0.0,0.7,0.0,1986-87,0,0.0,-0.23
League Average,,,,,,0.48,,0.301,,0.49,0.488,,,0.763,,,,,,,,,1986-87,0,,
