Player,Team,G,MP,FG,FGA,FG%,3P,3P%,2P,2P%,eFG%,FT,FTA,FT%,ORB,DRB,TRB,AST,STL,BLK,TOV,PTS,Season,Team_Rank,TS%,EFF,Nominated
Allen Iverson,PHI,48.0,41.5,9.1,22.0,0.412,1.2,0.291,7.9,0.44,0.439,7.4,9.9,0.751,1.4,3.5,4.9,4.6,2.3,0.1,3.5,26.8,1998-99,26,0.51,0.41,0
Shaquille O'Neal,LAL,49.0,34.8,10.4,18.1,0.576,0.0,0.0,10.4,0.577,0.576,5.5,10.2,0.54,3.8,6.9,10.7,2.3,0.7,1.7,2.5,26.3,1998-99,7,0.58,0.55,1
Karl Malone,UTA,49.0,37.4,8.0,16.3,0.493,0.0,0.0,8.0,0.494,0.493,7.7,9.8,0.788,2.2,7.3,9.4,4.1,1.3,0.6,3.3,23.8,1998-99,5,0.58,0.52,1
Shareef Abdur-Rahim,VAN,50.0,40.4,7.7,17.9,0.432,0.2,0.306,7.5,0.438,0.438,7.4,8.8,0.841,2.3,5.2,7.5,3.4,1.4,1.1,3.7,23.0,1998-99,29,0.53,0.42,0
Keith Van Horn,NJN,42.0,37.5,7.7,17.9,0.428,0.4,0.302,7.3,0.438,0.439,6.1,7.1,0.859,2.7,5.8,8.5,1.5,1.0,1.3,3.2,21.8,1998-99,18,0.52,0.47,0
Tim Duncan,SAS,50.0,39.3,8.4,16.9,0.495,0.0,0.143,8.3,0.498,0.495,4.9,7.2,0.69,3.2,8.2,11.4,2.4,0.9,2.5,2.9,21.7,1998-99,11,0.54,0.5,1
Gary Payton,SEA,50.0,40.2,8.0,18.5,0.434,1.7,0.295,6.4,0.495,0.479,4.0,5.5,0.721,1.2,3.6,4.9,8.7,2.2,0.2,3.1,21.7,1998-99,8,0.52,0.45,1
Stephon Marbury,2TM,49.0,38.7,7.7,18.0,0.428,1.3,0.335,6.4,0.455,0.465,4.5,5.7,0.799,0.8,2.1,2.9,8.9,1.2,0.2,3.3,21.3,1998-99,-1,0.52,0.4,0
Antonio McDyess,DEN,50.0,38.7,8.3,17.6,0.471,0.0,0.111,8.3,0.474,0.471,4.6,6.8,0.68,3.4,7.4,10.7,1.6,1.5,2.3,2.8,21.2,1998-99,33,0.51,0.46,0
Grant Hill,DET,50.0,37.0,7.7,16.0,0.479,0.0,0.0,7.7,0.487,0.479,5.7,7.6,0.752,1.3,5.8,7.1,6.0,1.6,0.5,3.7,21.1,1998-99,23,0.55,0.45,1
Kevin Garnett,MIN,47.0,37.9,8.8,19.1,0.46,0.1,0.286,8.7,0.463,0.462,3.1,4.4,0.704,3.5,6.9,10.4,4.3,1.7,1.8,2.9,20.8,1998-99,17,0.49,0.52,0
Shawn Kemp,CLE,42.0,35.1,6.6,13.7,0.482,0.0,0.5,6.6,0.482,0.483,7.3,9.3,0.789,3.1,6.1,9.2,2.4,1.1,1.1,3.0,20.5,1998-99,15,0.58,0.53,0
Michael Finley,DAL,50.0,41.0,7.8,17.5,0.444,0.9,0.331,6.9,0.465,0.47,3.7,4.5,0.823,1.4,3.9,5.3,4.4,1.3,0.3,2.1,20.2,1998-99,28,0.52,0.38,1
Alonzo Mourning,MIA,46.0,38.1,7.0,13.8,0.511,0.0,0.0,7.0,0.513,0.511,6.0,9.2,0.652,3.6,7.4,11.0,1.6,0.7,3.9,3.0,20.1,1998-99,12,0.56,0.53,0
Chris Webber,SAC,42.0,40.9,9.0,18.5,0.486,0.1,0.118,8.9,0.503,0.488,1.9,4.1,0.454,3.5,9.4,13.0,4.1,1.4,2.1,3.5,20.0,1998-99,27,0.49,0.6,0
Kobe Bryant,LAL,50.0,37.9,7.2,15.6,0.465,0.5,0.267,6.7,0.494,0.482,4.9,5.8,0.839,1.1,4.2,5.3,3.8,1.4,1.0,3.1,19.9,1998-99,7,0.55,0.38,0
Mitch Richmond,WAS,50.0,38.2,6.6,16.1,0.412,1.4,0.317,5.2,0.448,0.456,5.0,5.9,0.857,0.6,2.8,3.4,2.4,1.3,0.2,2.7,19.7,1998-99,20,0.53,0.28,1
Juwan Howard,WAS,36.0,39.7,7.9,16.8,0.474,0.0,0.0,7.9,0.476,0.474,3.1,4.1,0.753,2.5,5.6,8.1,3.0,1.2,0.4,2.6,18.9,1998-99,20,0.51,0.53,0
Hakeem Olajuwon,HOU,50.0,35.7,7.5,14.5,0.514,0.1,0.308,7.4,0.518,0.517,3.9,5.4,0.717,2.1,7.4,9.6,1.8,1.6,2.5,2.8,18.9,1998-99,21,0.56,0.46,0
Toni Kukoč,CHI,44.0,37.6,7.2,17.0,0.42,0.9,0.285,6.3,0.45,0.446,3.6,4.9,0.74,1.5,5.6,7.0,5.3,1.1,0.3,2.8,18.8,1998-99,6,0.49,0.42,0
Steve Smith,ATL,36.0,36.5,6.0,15.0,0.402,1.3,0.338,4.7,0.424,0.445,5.3,6.3,0.849,1.4,2.8,4.2,3.3,1.0,0.3,2.8,18.7,1998-99,14,0.53,0.41,0
Antoine Walker,BOS,42.0,36.9,7.2,17.5,0.412,1.5,0.369,5.7,0.426,0.456,2.7,4.8,0.559,2.5,6.0,8.5,3.1,1.5,0.7,2.8,18.7,1998-99,24,0.48,0.41,1
Reggie Miller,IND,50.0,35.7,5.9,13.4,0.438,2.1,0.385,3.8,0.475,0.517,4.5,4.9,0.915,0.5,2.2,2.7,2.2,0.7,0.2,1.5,18.4,1998-99,9,0.59,0.3,1
Glenn Robinson,MIL,47.0,33.6,7.4,16.1,0.459,0.7,0.392,6.7,0.467,0.479,3.0,3.4,0.87,1.6,4.3,5.9,2.1,1.0,0.9,2.3,18.4,1998-99,25,0.52,0.36,0
Vince Carter,TOR,50.0,35.2,6.9,15.3,0.45,0.4,0.288,6.5,0.466,0.463,4.1,5.4,0.761,1.9,3.8,5.7,3.0,1.1,1.5,2.2,18.3,1998-99,32,0.52,0.35,0
Glen Rice,LAL,27.0,36.5,6.3,14.7,0.432,2.0,0.393,4.4,0.452,0.499,2.9,3.3,0.856,0.3,3.3,3.7,2.6,0.6,0.2,1.7,17.5,1998-99,7,0.54,0.52,1
Tim Hardaway,MIA,48.0,36.9,6.3,15.7,0.4,2.3,0.36,3.9,0.429,0.475,2.5,3.1,0.812,0.3,2.9,3.2,7.3,1.2,0.1,2.7,17.4,1998-99,12,0.51,0.34,1
Patrick Ewing,NYK,38.0,34.2,6.5,14.9,0.435,0.0,0.0,6.5,0.436,0.435,4.3,6.1,0.706,1.9,8.0,9.9,1.1,0.8,2.6,2.6,17.3,1998-99,19,0.49,0.5,0
Ray Allen,MIL,50.0,34.4,6.1,13.5,0.45,1.5,0.356,4.6,0.492,0.505,3.5,3.9,0.903,1.1,3.1,4.2,3.6,1.1,0.1,2.4,17.1,1998-99,25,0.56,0.32,0
Tom Gugliotta,PHO,43.0,36.3,6.4,13.3,0.483,0.0,0.286,6.4,0.486,0.485,4.0,5.1,0.794,3.0,5.8,8.9,2.8,1.4,0.5,2.0,17.0,1998-99,10,0.55,0.48,0
Ron Mercer,BOS,41.0,37.8,7.4,17.2,0.431,0.1,0.167,7.3,0.443,0.435,2.0,2.6,0.79,0.9,2.9,3.8,2.5,1.6,0.3,2.2,17.0,1998-99,24,0.46,0.31,0
Jason Kidd,PHO,50.0,41.2,6.2,14.0,0.444,0.9,0.366,5.3,0.461,0.476,3.6,4.8,0.757,1.7,5.0,6.8,10.8,2.3,0.4,3.0,16.9,1998-99,10,0.52,0.5,1
Maurice Taylor,LAC,46.0,32.7,6.8,14.7,0.461,0.0,0.167,6.7,0.463,0.461,3.3,4.5,0.728,2.2,3.1,5.3,1.5,0.3,0.6,2.6,16.8,1998-99,31,0.5,0.28,0
Paul Pierce,BOS,48.0,34.0,5.9,13.5,0.439,1.8,0.412,4.2,0.451,0.504,2.9,4.1,0.713,2.4,4.0,6.4,2.4,1.7,1.0,2.4,16.5,1998-99,24,0.54,0.35,0
Nick Van Exel,DEN,50.0,36.0,6.1,15.4,0.398,1.4,0.308,4.7,0.437,0.445,2.8,3.5,0.811,0.3,2.0,2.3,7.4,0.8,0.1,2.4,16.5,1998-99,33,0.49,0.29,0
Clifford Robinson,PHO,50.0,34.8,6.0,12.6,0.475,1.2,0.417,4.8,0.492,0.521,3.3,4.7,0.697,1.4,3.2,4.5,2.6,1.5,1.2,1.8,16.4,1998-99,10,0.56,0.33,0
Latrell Sprewell,NYK,37.0,33.3,5.8,14.0,0.415,0.6,0.273,5.2,0.44,0.435,4.2,5.2,0.812,1.1,3.1,4.2,2.5,1.2,0.1,2.1,16.4,1998-99,19,0.5,0.35,0
Allan Houston,NYK,50.0,36.3,5.9,14.1,0.418,1.1,0.407,4.7,0.421,0.459,3.4,3.9,0.862,0.4,2.6,3.0,2.7,0.7,0.2,2.6,16.3,1998-99,19,0.52,0.23,0
Charles Barkley,HOU,42.0,36.3,5.7,12.0,0.478,0.1,0.16,5.6,0.495,0.482,4.6,6.4,0.719,4.0,8.3,12.3,4.6,1.0,0.3,2.4,16.1,1998-99,21,0.54,0.57,0
Gary Trent,DAL,45.0,30.3,6.4,13.4,0.477,0.0,0.0,6.4,0.481,0.477,3.2,5.2,0.617,2.8,5.0,7.8,1.7,0.6,0.5,1.5,16.0,1998-99,28,0.51,0.36,0
Sam Cassell,2TM,8.0,24.9,4.9,11.6,0.419,0.3,0.2,4.6,0.446,0.43,5.9,6.3,0.94,0.6,1.3,1.9,4.5,1.1,0.0,2.5,15.9,1998-99,-1,0.55,1.73,0
Anfernee Hardaway,ORL,50.0,38.9,6.0,14.3,0.42,0.8,0.286,5.2,0.452,0.448,3.0,4.2,0.706,1.5,4.2,5.7,5.3,2.2,0.5,3.0,15.8,1998-99,22,0.49,0.34,0
David Robinson,SAS,49.0,31.7,5.5,10.8,0.509,0.0,0.0,5.5,0.51,0.509,4.9,7.4,0.658,3.0,7.0,10.0,2.1,1.4,2.4,2.2,15.8,1998-99,11,0.56,0.44,1
Rod Strickland,WAS,44.0,37.1,5.7,13.7,0.416,0.3,0.286,5.4,0.426,0.426,4.0,5.4,0.746,1.3,3.5,4.8,9.9,1.7,0.1,3.2,15.7,1998-99,20,0.49,0.45,1
Eddie Jones,2TM,50.0,37.6,5.2,11.9,0.437,1.0,0.338,4.2,0.468,0.477,4.2,5.4,0.782,1.0,2.9,3.9,3.7,2.5,1.2,1.9,15.6,1998-99,-1,0.55,0.34,0
Doug Christie,TOR,50.0,35.4,5.0,13.0,0.388,1.0,0.304,4.1,0.415,0.425,4.1,4.9,0.841,1.2,3.0,4.1,3.7,2.3,0.5,2.4,15.2,1998-99,32,0.5,0.29,0
Zydrunas Ilgauskas,CLE,5.0,34.2,5.8,11.4,0.509,0.0,,5.8,0.509,0.509,3.6,6.0,0.6,3.4,5.4,8.8,0.8,0.8,1.4,1.8,15.2,1998-99,15,0.54,3.44,0
Detlef Schrempf,SEA,50.0,35.3,5.2,11.0,0.472,0.7,0.395,4.5,0.486,0.503,4.0,4.9,0.823,1.5,5.9,7.4,3.7,0.8,0.5,2.1,15.0,1998-99,8,0.57,0.37,0
Nick Anderson,ORL,47.0,33.6,5.4,13.6,0.395,2.0,0.347,3.3,0.433,0.47,2.1,3.4,0.611,1.1,4.8,5.9,1.9,1.4,0.3,1.8,14.9,1998-99,22,0.49,0.28,0
Rik Smits,IND,49.0,25.9,6.3,12.9,0.49,0.0,0.0,6.3,0.491,0.49,2.2,2.7,0.818,1.5,4.1,5.6,1.1,0.4,1.1,1.5,14.9,1998-99,9,0.53,0.3,1
Jamal Mashburn,MIA,24.0,35.6,5.6,12.4,0.451,0.5,0.433,5.0,0.453,0.473,3.1,4.3,0.721,1.0,5.1,6.1,3.1,0.8,0.1,2.5,14.8,1998-99,12,0.52,0.6,0
Scottie Pippen,HOU,50.0,40.2,5.2,12.1,0.432,1.4,0.34,3.8,0.482,0.492,2.6,3.7,0.721,1.3,5.2,6.5,5.9,2.0,0.7,3.2,14.5,1998-99,21,0.53,0.37,1
Jerry Stackhouse,DET,42.0,28.3,4.3,11.6,0.371,0.8,0.278,3.5,0.403,0.407,5.0,5.9,0.85,0.6,1.9,2.5,2.8,0.8,0.5,2.9,14.5,1998-99,23,0.51,0.24,0
Vlade Divac,SAC,50.0,35.2,5.2,11.1,0.47,0.2,0.256,5.0,0.488,0.48,3.6,5.1,0.702,2.8,7.2,10.0,4.3,0.9,1.0,2.6,14.3,1998-99,27,0.54,0.41,0
Bobby Phills,CHH,43.0,36.6,5.0,11.6,0.433,1.6,0.395,3.4,0.452,0.501,2.7,3.9,0.685,0.9,3.1,4.0,3.5,1.4,0.6,2.1,14.3,1998-99,13,0.54,0.32,0
David Wesley,CHH,50.0,37.0,4.9,10.9,0.446,1.2,0.359,3.6,0.485,0.502,3.2,3.8,0.832,0.5,2.8,3.2,6.4,2.0,0.2,2.8,14.1,1998-99,13,0.56,0.33,0
Terrell Brandon,2TM,36.0,33.8,5.9,14.1,0.418,0.3,0.255,5.6,0.435,0.43,1.8,2.2,0.833,0.8,3.0,3.7,8.6,1.8,0.3,2.1,13.9,1998-99,-1,0.46,0.49,0
Chauncey Billups,DEN,45.0,33.1,4.2,11.0,0.386,1.9,0.362,2.4,0.408,0.472,3.5,3.8,0.913,0.5,1.6,2.1,3.8,1.3,0.3,2.2,13.9,1998-99,33,0.55,0.27,0
Isaiah Rider,POR,47.0,29.5,5.3,12.9,0.412,0.9,0.378,4.4,0.419,0.446,2.4,3.1,0.755,1.3,2.9,4.2,2.2,0.5,0.2,2.0,13.9,1998-99,16,0.49,0.23,0
Darrell Armstrong,ORL,50.0,30.0,4.6,10.4,0.441,1.4,0.365,3.2,0.483,0.507,3.2,3.6,0.904,1.1,2.5,3.6,6.7,2.2,0.1,3.2,13.8,1998-99,22,0.58,0.34,0
Vin Baker,SEA,34.0,34.2,5.8,12.9,0.453,0.0,0.0,5.8,0.456,0.453,2.1,4.7,0.45,2.5,3.7,6.2,1.6,0.9,1.0,2.2,13.8,1998-99,8,0.46,0.34,1
Raef LaFrentz,DEN,12.0,32.3,4.9,10.8,0.457,1.0,0.387,3.9,0.48,0.504,3.0,4.0,0.75,2.8,4.8,7.6,0.7,0.8,1.4,0.8,13.8,1998-99,33,0.55,1.38,0
John Starks,GSW,50.0,33.7,5.4,14.6,0.37,1.6,0.29,3.8,0.416,0.423,1.5,2.0,0.74,0.7,2.6,3.3,4.7,1.4,0.1,1.7,13.8,1998-99,30,0.45,0.24,0
Joe Smith,MIN,43.0,33.0,5.2,12.1,0.427,0.0,0.0,5.2,0.43,0.427,3.3,4.4,0.755,3.6,4.7,8.2,1.6,0.7,1.5,1.5,13.7,1998-99,17,0.49,0.38,0
Matt Geiger,PHI,50.0,30.8,5.3,11.1,0.479,0.0,0.2,5.3,0.482,0.48,2.8,3.5,0.797,2.7,4.5,7.2,1.2,0.8,0.8,2.0,13.5,1998-99,26,0.53,0.3,0
Mookie Blaylock,ATL,48.0,36.7,5.1,13.6,0.379,1.6,0.307,3.5,0.425,0.439,1.4,1.9,0.758,0.9,3.7,4.7,5.8,2.1,0.2,2.4,13.3,1998-99,14,0.46,0.31,0
Mike Bibby,VAN,50.0,35.2,5.2,12.1,0.43,0.3,0.203,4.9,0.461,0.442,2.5,3.4,0.751,0.6,2.1,2.7,6.5,1.6,0.1,2.9,13.2,1998-99,29,0.49,0.27,0
Corliss Williamson,SAC,50.0,27.5,5.4,11.1,0.485,0.0,0.2,5.4,0.487,0.486,2.4,3.8,0.638,1.7,2.4,4.1,1.3,0.6,0.2,1.5,13.2,1998-99,27,0.52,0.22,0
Derrick Coleman,CHH,37.0,31.8,4.5,11.0,0.414,0.2,0.212,4.4,0.432,0.422,3.9,5.1,0.753,2.1,6.8,8.9,2.1,0.6,1.1,2.4,13.1,1998-99,13,0.49,0.42,0
Kerry Kittles,NJN,46.0,34.1,4.9,13.3,0.37,1.1,0.316,3.8,0.389,0.411,1.9,2.5,0.772,1.1,3.0,4.2,2.5,1.7,0.6,1.4,12.9,1998-99,18,0.45,0.25,0
Rasheed Wallace,POR,49.0,28.9,4.9,9.7,0.508,0.3,0.419,4.7,0.515,0.522,2.7,3.7,0.732,1.2,3.8,4.9,1.2,1.0,1.1,1.6,12.8,1998-99,16,0.56,0.28,0
Jason Williams,SAC,50.0,36.1,4.6,12.3,0.374,2.0,0.31,2.6,0.446,0.455,1.6,2.1,0.752,0.3,2.8,3.1,6.0,1.9,0.0,2.9,12.8,1998-99,27,0.48,0.25,0
Elden Campbell,2TM,49.0,29.8,4.5,9.5,0.477,0.0,0.0,4.5,0.478,0.477,3.5,5.5,0.639,2.6,5.5,8.1,1.4,0.8,1.5,1.6,12.6,1998-99,-1,0.53,0.32,0
Damon Stoudamire,POR,50.0,33.5,5.0,12.6,0.396,0.9,0.31,4.1,0.421,0.431,1.8,2.4,0.73,0.8,2.5,3.3,6.2,1.0,0.1,2.2,12.6,1998-99,16,0.46,0.26,0
Cedric Ceballos,DAL,13.0,27.1,4.5,10.8,0.421,0.8,0.393,3.7,0.429,0.461,2.6,3.8,0.694,1.8,4.8,6.5,0.9,0.5,0.4,2.2,12.5,1998-99,28,0.5,0.85,0
Alan Henderson,ATL,38.0,30.1,4.9,11.1,0.442,0.0,0.0,4.9,0.443,0.442,2.6,3.9,0.671,2.6,3.9,6.6,0.7,0.9,0.5,1.5,12.5,1998-99,14,0.49,0.32,0
Bryon Russell,UTA,50.0,35.4,4.3,9.4,0.464,1.0,0.354,3.3,0.514,0.519,2.7,3.4,0.795,1.3,4.0,5.3,1.5,1.5,0.3,1.5,12.4,1998-99,5,0.57,0.27,0
Jeff Hornacek,UTA,48.0,29.9,4.5,9.4,0.477,0.7,0.42,3.8,0.489,0.514,2.6,2.9,0.893,0.7,2.6,3.3,4.0,1.1,0.3,1.7,12.2,1998-99,5,0.57,0.29,0
Lamond Murray,LAC,50.0,26.3,4.5,11.6,0.391,0.7,0.33,3.8,0.404,0.42,2.5,3.1,0.803,1.2,2.7,3.9,1.2,1.2,0.4,2.0,12.2,1998-99,31,0.47,0.18,0
Kenny Anderson,BOS,34.0,29.7,4.7,10.5,0.451,0.2,0.25,4.6,0.465,0.459,2.5,3.0,0.832,0.7,2.3,3.0,5.7,1.0,0.1,2.1,12.1,1998-99,24,0.51,0.4,0
Rex Chapman,PHO,38.0,31.1,4.3,12.1,0.359,1.4,0.351,2.9,0.364,0.417,2.0,2.4,0.835,0.3,2.4,2.7,2.9,0.9,0.2,1.4,12.1,1998-99,10,0.46,0.24,0
Arvydas Sabonis,POR,50.0,27.0,4.6,9.6,0.485,0.1,0.292,4.5,0.496,0.493,2.7,3.5,0.771,1.8,6.1,7.9,2.4,0.7,1.3,1.7,12.1,1998-99,16,0.54,0.34,0
Larry Johnson,NYK,49.0,33.4,4.3,9.3,0.459,0.7,0.359,3.6,0.484,0.495,2.7,3.3,0.817,1.9,3.9,5.8,2.4,0.7,0.2,1.8,12.0,1998-99,19,0.56,0.28,0
Randy Livingston,PHO,1.0,22.0,5.0,8.0,0.625,0.0,,5.0,0.625,0.625,2.0,2.0,1.0,0.0,2.0,2.0,3.0,2.0,0.0,1.0,12.0,1998-99,10,0.68,15.0,0
Kevin Willis,TOR,42.0,29.0,4.5,10.6,0.418,0.0,0.0,4.5,0.42,0.418,3.1,3.7,0.839,2.6,5.7,8.3,1.6,0.7,0.7,2.0,12.0,1998-99,32,0.49,0.35,0
Lindsey Hunter,DET,49.0,35.8,4.7,10.7,0.435,1.2,0.386,3.4,0.456,0.491,1.4,1.8,0.753,0.5,2.9,3.4,3.9,1.8,0.2,1.9,11.9,1998-99,23,0.52,0.26,0
Kendall Gill,NJN,50.0,32.1,4.7,11.9,0.398,0.0,0.118,4.7,0.406,0.4,2.3,3.3,0.683,1.2,3.7,4.9,2.5,2.7,0.5,1.4,11.8,1998-99,18,0.44,0.26,0
Brian Grant,POR,48.0,31.8,3.8,8.0,0.479,0.0,,3.8,0.479,0.479,3.8,4.7,0.814,3.6,6.2,9.8,1.4,0.4,0.7,2.0,11.5,1998-99,16,0.57,0.35,0
P.J. Brown,MIA,50.0,32.2,4.6,9.5,0.48,0.0,,4.6,0.48,0.48,2.3,2.9,0.774,2.3,4.6,6.9,1.3,0.9,1.0,1.4,11.4,1998-99,12,0.53,0.29,0
Joe Dumars,DET,38.0,29.4,3.8,9.2,0.411,2.3,0.403,1.4,0.426,0.539,1.3,1.6,0.836,0.3,1.5,1.8,3.5,0.6,0.1,1.4,11.3,1998-99,23,0.57,0.27,0
Otis Thorpe,WAS,49.0,31.4,4.9,9.0,0.545,0.0,0.0,4.9,0.548,0.545,1.5,2.2,0.698,2.0,4.9,6.8,2.1,0.9,0.4,1.8,11.3,1998-99,20,0.57,0.3,0
Dee Brown,TOR,49.0,28.1,3.8,10.1,0.378,2.8,0.387,1.1,0.356,0.514,0.8,1.1,0.727,0.3,1.8,2.1,2.9,1.1,0.2,1.6,11.2,1998-99,32,0.53,0.19,0
Sean Elliott,SAS,50.0,30.2,4.2,10.1,0.41,0.8,0.328,3.4,0.436,0.449,2.1,2.8,0.757,0.7,3.6,4.3,2.3,0.5,0.3,1.4,11.2,1998-99,11,0.49,0.21,0
Ron Harper,CHI,35.0,31.6,4.2,11.1,0.377,0.8,0.318,3.4,0.393,0.412,2.0,2.9,0.703,1.4,3.7,5.1,3.3,1.7,1.0,1.9,11.2,1998-99,6,0.45,0.36,0
Tony Massenburg,VAN,43.0,26.6,4.4,9.0,0.487,0.0,0.0,4.4,0.49,0.487,2.4,3.6,0.665,1.9,4.0,6.0,0.5,0.6,0.9,1.5,11.2,1998-99,29,0.53,0.28,0
Sam Mitchell,MIN,50.0,26.9,4.3,10.4,0.408,0.2,0.237,4.1,0.421,0.417,2.5,3.3,0.764,1.1,2.5,3.6,2.0,0.7,0.3,0.7,11.2,1998-99,17,0.47,0.2,0
Wesley Person,CLE,45.0,29.8,4.4,9.7,0.453,1.7,0.375,2.7,0.519,0.539,0.7,1.2,0.604,0.4,2.7,3.2,1.8,0.8,0.4,0.9,11.2,1998-99,15,0.55,0.24,0
Theo Ratliff,PHI,50.0,32.5,3.9,8.4,0.47,0.0,,3.9,0.47,0.47,3.3,4.6,0.725,2.8,5.4,8.1,0.6,0.9,3.0,1.8,11.2,1998-99,26,0.54,0.32,0
Brent Barry,CHI,37.0,31.9,3.8,9.6,0.396,1.4,0.302,2.4,0.484,0.469,2.1,2.7,0.772,1.1,2.8,3.9,3.1,1.1,0.3,1.9,11.1,1998-99,6,0.51,0.3,0
Jalen Rose,IND,49.0,25.3,4.1,10.1,0.403,0.3,0.262,3.7,0.425,0.42,2.6,3.2,0.791,0.7,2.4,3.1,1.9,1.0,0.3,1.5,11.1,1998-99,9,0.48,0.19,0
John Stockton,UTA,50.0,28.2,4.0,8.2,0.488,0.3,0.32,3.7,0.511,0.507,2.7,3.4,0.811,0.6,2.3,2.9,7.5,1.6,0.3,2.2,11.1,1998-99,5,0.57,0.33,1
Danny Fortson,DEN,50.0,28.3,3.8,7.7,0.495,0.0,0.0,3.8,0.499,0.495,3.4,4.6,0.727,4.2,7.4,11.6,0.6,0.6,0.4,1.5,11.0,1998-99,33,0.57,0.35,0
Donyell Marshall,GSW,48.0,26.0,4.3,10.3,0.421,0.5,0.361,3.8,0.431,0.447,1.8,2.5,0.727,2.4,4.7,7.1,1.4,1.0,0.8,1.7,11.0,1998-99,30,0.48,0.27,0
Michael Dickerson,HOU,50.0,31.2,4.3,9.2,0.465,1.4,0.433,2.9,0.483,0.542,0.9,1.4,0.639,0.5,1.1,1.7,1.9,0.5,0.2,1.3,10.9,1998-99,21,0.56,0.17,0
Don MacLean,SEA,17.0,21.5,3.7,9.4,0.396,0.5,0.273,3.2,0.429,0.425,2.9,4.7,0.625,1.1,2.8,3.8,0.9,0.3,0.3,1.5,10.9,1998-99,8,0.48,0.42,0
Derek Anderson,CLE,38.0,25.7,3.3,8.3,0.398,0.6,0.304,2.7,0.424,0.432,3.6,4.3,0.836,0.5,2.3,2.9,3.8,1.3,0.1,2.2,10.8,1998-99,15,0.53,0.29,0
Dikembe Mutombo,ATL,50.0,36.6,3.5,6.8,0.512,0.0,,3.5,0.512,0.512,3.9,5.7,0.684,3.8,8.4,12.2,1.1,0.3,2.9,1.9,10.8,1998-99,14,0.58,0.41,0
Bryant Reeves,VAN,25.0,28.1,4.1,10.0,0.406,0.0,0.0,4.1,0.408,0.406,2.7,4.6,0.578,2.0,3.5,5.5,1.5,0.5,0.3,1.9,10.8,1998-99,29,0.45,0.36,0
Sam Mack,2TM,44.0,24.6,3.8,8.7,0.435,2.0,0.397,1.8,0.485,0.548,1.2,1.3,0.879,0.3,1.8,2.2,1.3,0.8,0.1,0.8,10.7,1998-99,-1,0.58,0.21,0
Vernon Maxwell,SAC,46.0,21.9,3.6,9.2,0.39,1.7,0.346,1.8,0.442,0.485,1.8,2.5,0.737,0.3,1.6,1.8,1.7,0.7,0.1,1.5,10.7,1998-99,27,0.52,0.16,0
Bison Dele,DET,49.0,24.0,4.4,8.8,0.501,0.0,0.0,4.4,0.502,0.501,1.7,2.4,0.686,1.9,3.7,5.6,1.4,0.8,0.8,2.3,10.5,1998-99,23,0.53,0.24,0
Eric Piatkowski,LAC,49.0,25.3,3.7,8.5,0.432,1.3,0.394,2.3,0.456,0.51,1.8,2.1,0.863,0.8,2.1,2.9,1.1,0.9,0.1,1.1,10.5,1998-99,31,0.56,0.19,0
Terry Porter,MIA,50.0,27.3,3.4,7.4,0.465,1.2,0.411,2.3,0.498,0.543,2.5,3.0,0.831,0.3,2.5,2.8,2.9,1.0,0.2,1.5,10.5,1998-99,12,0.6,0.23,0
Dale Ellis,SEA,48.0,25.7,3.6,8.2,0.441,2.0,0.433,1.7,0.449,0.559,1.1,1.5,0.757,0.5,1.9,2.4,0.8,0.5,0.1,0.9,10.3,1998-99,8,0.58,0.17,0
Hersey Hawkins,SEA,50.0,32.9,3.4,8.2,0.419,1.1,0.306,2.3,0.509,0.487,2.4,2.6,0.902,1.0,3.0,4.0,2.5,1.6,0.4,1.6,10.3,1998-99,8,0.55,0.24,0
Chris Mills,GSW,47.0,29.7,4.0,9.6,0.411,0.7,0.278,3.3,0.456,0.446,1.7,2.0,0.823,1.0,4.0,5.0,2.2,0.8,0.3,1.2,10.3,1998-99,30,0.49,0.24,0
LaPhonso Ellis,ATL,20.0,27.0,4.0,9.5,0.421,0.1,0.2,4.0,0.427,0.424,2.2,3.1,0.705,1.3,4.2,5.5,0.9,0.4,0.4,1.7,10.2,1998-99,14,0.47,0.46,0
Dell Curry,MIL,42.0,20.6,3.9,8.0,0.485,1.6,0.476,2.2,0.492,0.588,0.7,0.8,0.824,0.4,1.6,2.0,1.1,0.9,0.1,1.1,10.1,1998-99,25,0.6,0.21,0
Chris Mullin,IND,50.0,23.6,3.5,7.4,0.477,1.5,0.465,2.1,0.486,0.575,1.6,1.8,0.87,0.5,2.7,3.2,1.6,0.9,0.3,1.2,10.1,1998-99,9,0.62,0.22,0
Tyrone Nesby,LAC,50.0,25.8,3.6,8.1,0.449,0.7,0.365,2.9,0.476,0.493,2.1,2.7,0.782,1.1,2.4,3.5,1.6,1.5,0.4,1.1,10.1,1998-99,31,0.54,0.22,0
Vitaly Potapenko,2TM,50.0,27.9,4.1,8.2,0.495,0.0,0.0,4.1,0.496,0.495,1.8,3.1,0.587,2.3,4.4,6.6,1.5,0.7,0.7,2.0,10.0,1998-99,-1,0.52,0.24,0
Cuttino Mobley,HOU,49.0,29.7,3.5,8.3,0.425,1.1,0.358,2.4,0.463,0.49,1.8,2.2,0.818,0.4,1.8,2.3,2.5,0.9,0.5,1.6,9.9,1998-99,21,0.53,0.19,0
Othella Harrington,HOU,41.0,22.0,3.8,7.4,0.513,0.0,,3.8,0.513,0.513,2.1,3.0,0.721,1.8,4.2,6.0,0.4,0.1,0.6,1.5,9.8,1998-99,21,0.56,0.27,0
Grant Long,ATL,50.0,27.6,3.0,7.2,0.421,0.1,0.167,3.0,0.434,0.425,3.7,4.7,0.783,2.0,3.9,5.9,1.1,1.1,0.3,1.5,9.8,1998-99,14,0.53,0.23,0
Isaac Austin,ORL,49.0,25.7,3.8,9.2,0.408,0.0,0.286,3.7,0.41,0.411,2.1,3.2,0.669,1.7,3.1,4.8,1.8,1.0,0.7,2.3,9.7,1998-99,22,0.46,0.19,0
Mario Elie,SAS,47.0,27.5,3.3,7.0,0.471,0.9,0.374,2.5,0.518,0.532,2.2,2.5,0.866,0.8,2.1,2.9,1.9,1.0,0.3,1.3,9.7,1998-99,11,0.6,0.22,0
Avery Johnson,SAS,50.0,33.4,4.4,9.2,0.473,0.0,0.083,4.3,0.483,0.474,1.0,1.8,0.568,0.4,1.9,2.4,7.4,1.0,0.2,2.2,9.7,1998-99,11,0.49,0.26,0
Antawn Jamison,GSW,47.0,22.5,3.8,8.4,0.452,0.1,0.3,3.7,0.456,0.456,1.9,3.3,0.588,2.8,3.6,6.4,0.7,0.8,0.3,1.4,9.6,1998-99,30,0.49,0.22,0
Brevin Knight,CLE,39.0,30.4,3.4,8.1,0.425,0.0,0.0,3.4,0.432,0.425,2.7,3.6,0.745,0.4,2.9,3.4,7.7,1.8,0.2,2.7,9.6,1998-99,15,0.5,0.37,0
Anthony Peeler,MIN,28.0,28.9,3.7,9.7,0.379,1.2,0.298,2.5,0.437,0.441,1.1,1.5,0.732,1.1,1.9,3.0,2.8,1.3,0.2,1.4,9.6,1998-99,17,0.46,0.32,0
Bimbo Coles,GSW,48.0,26.5,3.8,8.6,0.442,0.1,0.24,3.7,0.455,0.449,1.7,2.1,0.822,0.4,2.0,2.4,4.6,0.9,0.2,1.7,9.5,1998-99,30,0.5,0.22,0
Antonio Davis,IND,49.0,25.9,3.3,7.1,0.471,0.0,,3.3,0.471,0.471,2.8,3.9,0.703,2.4,4.7,7.0,0.7,0.4,0.9,1.0,9.4,1998-99,9,0.53,0.26,0
Tariq Abdul-Wahad,SAC,49.0,24.6,3.6,8.3,0.435,0.1,0.286,3.5,0.443,0.442,1.9,2.8,0.691,1.5,2.3,3.8,1.0,1.0,0.3,1.4,9.3,1998-99,27,0.49,0.17,0
Dana Barros,BOS,50.0,23.1,3.4,7.4,0.453,1.3,0.4,2.1,0.493,0.539,1.3,1.5,0.877,0.3,1.8,2.1,4.2,1.0,0.1,1.8,9.3,1998-99,24,0.58,0.21,0
Felipe López,VAN,47.0,25.9,3.6,8.1,0.446,0.3,0.273,3.3,0.469,0.462,1.9,2.9,0.644,1.5,2.1,3.5,1.3,1.0,0.3,1.7,9.3,1998-99,29,0.5,0.17,0
Tracy McGrady,TOR,49.0,22.6,3.4,7.9,0.436,0.2,0.229,3.3,0.457,0.447,2.3,3.2,0.726,2.4,3.2,5.7,2.3,1.1,1.3,1.6,9.3,1998-99,32,0.5,0.26,0
Walt Williams,POR,48.0,21.8,3.1,7.2,0.424,1.3,0.438,1.8,0.414,0.514,1.9,2.2,0.832,0.8,2.2,3.0,1.7,0.8,0.6,1.3,9.3,1998-99,16,0.57,0.2,0
Terry Cummings,GSW,50.0,20.2,3.7,8.5,0.439,0.0,1.0,3.7,0.437,0.44,1.6,2.3,0.711,1.9,3.2,5.1,1.2,0.9,0.2,1.2,9.1,1998-99,30,0.48,0.2,0
Hubert Davis,DAL,50.0,27.6,3.5,7.9,0.438,1.3,0.451,2.2,0.431,0.52,0.9,1.0,0.88,0.1,1.7,1.7,1.8,0.4,0.1,1.1,9.1,1998-99,28,0.55,0.15,0
Cedric Henderson,CLE,50.0,30.3,3.8,9.1,0.417,0.0,0.167,3.7,0.424,0.419,1.5,1.8,0.813,0.9,3.0,3.9,2.3,1.2,0.5,1.9,9.1,1998-99,15,0.46,0.19,0
Larry Hughes,PHI,50.0,19.8,3.4,8.3,0.411,0.2,0.154,3.2,0.448,0.42,2.1,3.0,0.709,1.7,2.1,3.8,1.5,0.9,0.3,1.4,9.1,1998-99,26,0.47,0.17,0
Danny Manning,PHO,50.0,23.7,3.7,7.7,0.484,0.0,0.111,3.7,0.493,0.486,1.6,2.2,0.696,1.2,3.1,4.4,2.3,0.7,0.8,1.4,9.1,1998-99,10,0.52,0.23,0
Dickey Simpkins,CHI,50.0,29.0,3.0,6.5,0.463,0.0,0.0,3.0,0.464,0.463,3.1,4.8,0.645,2.2,4.6,6.8,1.3,0.7,0.3,1.4,9.1,1998-99,6,0.53,0.23,0
J.R. Reid,2TM,41.0,25.1,3.2,6.8,0.477,0.0,0.0,3.2,0.478,0.477,2.6,3.3,0.766,1.1,4.1,5.2,1.2,0.9,0.2,1.2,9.0,1998-99,-1,0.55,0.27,0
Mark Bryant,CHI,45.0,26.8,3.7,7.7,0.483,0.0,0.0,3.7,0.484,0.483,1.6,2.4,0.645,2.0,3.1,5.2,1.1,0.8,0.4,1.5,9.0,1998-99,6,0.51,0.23,0
Rick Fox,LAL,44.0,21.5,3.4,7.5,0.448,0.7,0.337,2.6,0.494,0.497,1.5,2.0,0.742,0.6,1.4,2.0,2.0,0.6,0.2,1.3,9.0,1998-99,7,0.54,0.18,0
Terry Mills,MIA,1.0,29.0,3.0,8.0,0.375,2.0,0.5,1.0,0.25,0.5,1.0,2.0,0.5,3.0,1.0,4.0,0.0,1.0,0.0,3.0,9.0,1998-99,12,0.51,5.0,0
Lawrence Funderburke,SAC,47.0,19.9,3.6,6.4,0.559,0.0,0.2,3.5,0.565,0.56,1.8,2.6,0.708,2.1,2.6,4.7,0.6,0.5,0.5,1.1,8.9,1998-99,27,0.59,0.22,0
Horace Grant,ORL,50.0,33.2,4.0,9.1,0.434,0.0,0.0,4.0,0.436,0.434,0.9,1.4,0.671,2.3,4.7,7.0,1.8,0.9,1.2,0.9,8.9,1998-99,22,0.46,0.27,0
George McCloud,PHO,48.0,25.9,3.0,6.8,0.438,1.4,0.416,1.5,0.462,0.545,1.6,1.8,0.862,0.7,2.7,3.4,1.6,0.9,0.3,1.0,8.9,1998-99,10,0.59,0.21,0
Michael Olowokandi,LAC,45.0,28.4,3.8,8.9,0.431,0.0,,3.8,0.431,0.431,1.3,2.6,0.483,2.7,5.3,7.9,0.6,0.6,1.2,1.9,8.9,1998-99,31,0.44,0.24,0
Robert Pack,DAL,25.0,18.7,3.0,7.0,0.431,0.0,0.0,3.0,0.441,0.431,2.9,3.5,0.818,0.4,1.1,1.4,3.2,0.8,0.0,2.0,8.9,1998-99,28,0.52,0.31,0
Randy Brown,CHI,39.0,29.2,3.4,8.2,0.414,0.0,0.0,3.4,0.427,0.414,2.0,2.6,0.757,0.7,2.7,3.4,3.8,1.7,0.2,2.1,8.8,1998-99,6,0.47,0.27,0
Jason Caffey,GSW,35.0,25.0,3.5,7.9,0.444,0.0,0.0,3.5,0.446,0.444,1.8,2.8,0.633,2.3,3.6,5.9,0.5,0.7,0.3,2.1,8.8,1998-99,30,0.48,0.25,0
Erick Dampier,GSW,50.0,28.3,3.2,8.3,0.389,0.0,,3.2,0.389,0.389,2.4,4.1,0.588,3.3,4.4,7.6,1.1,0.5,1.2,1.8,8.8,1998-99,30,0.44,0.21,0
Luc Longley,PHO,39.0,23.9,3.6,7.4,0.483,0.0,,3.6,0.483,0.483,1.5,1.9,0.776,1.5,4.2,5.7,1.2,0.6,0.5,1.4,8.7,1998-99,10,0.53,0.28,0
Shawn Bradley,DAL,49.0,26.4,3.4,7.1,0.48,0.0,0.0,3.4,0.485,0.48,1.8,2.3,0.748,2.7,5.3,8.0,0.8,0.7,3.2,1.1,8.6,1998-99,28,0.53,0.33,0
Tyrone Hill,2TM,38.0,29.1,3.2,7.1,0.455,0.0,,3.2,0.455,0.455,2.1,3.9,0.54,3.0,4.5,7.6,0.9,0.9,0.4,1.6,8.6,1998-99,-1,0.49,0.29,0
Eric Snow,PHI,48.0,35.8,3.1,7.3,0.428,0.1,0.238,3.0,0.44,0.435,2.3,3.1,0.733,0.5,2.9,3.4,6.3,2.1,0.0,2.3,8.6,1998-99,26,0.5,0.27,0
John Wallace,TOR,48.0,16.9,3.2,7.4,0.432,0.0,,3.2,0.432,0.432,2.2,3.1,0.7,1.1,2.4,3.6,1.0,0.3,0.9,1.5,8.6,1998-99,32,0.49,0.16,0
Shandon Anderson,UTA,50.0,21.4,3.2,7.3,0.446,0.3,0.341,3.0,0.46,0.466,1.8,2.5,0.712,1.0,1.7,2.6,1.1,0.8,0.2,1.3,8.5,1998-99,5,0.51,0.14,0
Chucky Brown,CHH,48.0,24.8,3.7,7.8,0.472,0.3,0.375,3.4,0.483,0.492,0.8,1.2,0.678,0.8,2.9,3.6,1.2,0.3,0.4,0.8,8.5,1998-99,13,0.51,0.18,0
Jim Jackson,POR,49.0,24.0,3.1,7.6,0.411,0.5,0.278,2.6,0.454,0.445,1.7,2.1,0.842,0.7,2.5,3.2,2.6,0.9,0.1,1.7,8.4,1998-99,16,0.49,0.18,0
Peja Stojaković,SAC,48.0,21.4,2.9,7.8,0.378,1.2,0.32,1.8,0.431,0.454,1.3,1.5,0.851,0.9,2.1,3.0,1.5,0.9,0.1,1.1,8.4,1998-99,27,0.5,0.16,0
Armen Gilliam,MIL,34.0,19.6,3.0,6.6,0.453,0.0,0.0,3.0,0.455,0.453,2.3,3.0,0.782,1.0,2.7,3.7,0.6,0.6,0.4,1.1,8.3,1998-99,25,0.52,0.24,0
George Lynch,PHI,43.0,30.6,3.4,8.1,0.421,0.2,0.391,3.2,0.423,0.434,1.2,2.0,0.631,2.6,3.9,6.5,1.8,2.0,0.5,1.8,8.3,1998-99,26,0.46,0.27,0
Sherman Douglas,LAC,30.0,28.1,3.2,7.3,0.438,0.0,0.0,3.2,0.462,0.438,1.8,2.9,0.632,0.5,1.4,1.9,4.1,0.9,0.1,2.0,8.2,1998-99,31,0.48,0.27,0
Matt Harpring,ORL,50.0,22.3,3.0,6.4,0.463,0.2,0.4,2.8,0.468,0.478,2.0,2.9,0.713,1.8,2.5,4.3,0.9,0.6,0.1,1.5,8.2,1998-99,22,0.53,0.17,0
Dirk Nowitzki,DAL,47.0,20.4,2.9,7.1,0.405,0.3,0.206,2.6,0.455,0.426,2.1,2.7,0.773,0.9,2.6,3.4,1.0,0.6,0.6,1.6,8.2,1998-99,28,0.49,0.16,0
Malik Sealy,MIN,31.0,23.6,3.1,7.5,0.411,0.2,0.261,2.9,0.428,0.424,1.8,2.0,0.902,0.7,2.2,3.0,1.2,1.0,0.2,1.1,8.1,1998-99,17,0.48,0.25,0
Kurt Thomas,NYK,50.0,23.6,3.4,7.4,0.462,0.0,0.0,3.4,0.463,0.462,1.3,2.2,0.611,1.6,4.1,5.7,1.1,0.9,0.3,1.5,8.1,1998-99,19,0.48,0.19,0
Clarence Weatherspoon,MIA,49.0,21.2,2.9,5.4,0.534,0.0,,2.9,0.534,0.534,2.3,2.9,0.804,1.5,3.5,5.0,0.7,0.6,0.3,1.2,8.1,1998-99,12,0.61,0.21,0
Jayson Williams,NJN,30.0,34.0,3.2,7.3,0.445,0.0,0.0,3.2,0.449,0.445,1.6,2.8,0.565,4.9,7.1,12.0,1.1,0.8,2.0,1.5,8.1,1998-99,18,0.47,0.57,0
Dale Davis,IND,50.0,27.5,3.2,6.0,0.533,0.0,,3.2,0.533,0.533,1.5,2.5,0.618,3.1,5.2,8.3,0.4,0.4,1.1,0.9,8.0,1998-99,9,0.56,0.27,0
Darrick Martin,LAC,37.0,25.4,2.8,7.5,0.367,0.8,0.292,1.9,0.413,0.423,1.6,2.1,0.803,0.1,1.2,1.3,3.9,1.2,0.1,1.8,8.0,1998-99,31,0.47,0.2,0
Andrew DeClercq,2TM,47.0,23.4,2.9,5.9,0.5,0.0,,2.9,0.5,0.5,2.0,3.0,0.674,2.2,3.2,5.4,0.7,1.1,0.6,1.1,7.9,1998-99,-1,0.55,0.23,0
Eric Murdock,NJN,15.0,26.7,3.0,7.6,0.395,0.5,0.364,2.5,0.402,0.43,1.4,1.7,0.808,0.2,2.1,2.3,4.4,1.5,0.1,1.9,7.9,1998-99,18,0.47,0.63,0
Steve Nash,DAL,40.0,31.7,2.9,7.9,0.363,1.2,0.374,1.6,0.355,0.441,1.0,1.2,0.826,0.8,2.1,2.9,5.5,0.9,0.1,2.1,7.9,1998-99,28,0.47,0.25,0
Billy Owens,SEA,21.0,21.5,3.1,7.9,0.394,0.2,0.455,2.9,0.39,0.409,1.3,1.7,0.8,1.7,2.1,3.8,1.8,0.6,0.2,1.6,7.8,1998-99,8,0.45,0.35,0
Calbert Cheaney,WAS,50.0,25.3,3.4,8.3,0.414,0.2,0.216,3.3,0.434,0.424,0.7,1.3,0.493,0.7,2.2,2.8,1.5,0.8,0.3,0.8,7.7,1998-99,20,0.43,0.14,0
Olden Polynice,SEA,48.0,30.9,3.5,7.5,0.472,0.0,1.0,3.5,0.471,0.473,0.6,2.0,0.309,3.8,5.0,8.9,0.9,0.4,0.6,1.0,7.7,1998-99,8,0.46,0.25,0
Mark Jackson,IND,49.0,28.2,2.8,6.7,0.419,0.7,0.311,2.2,0.469,0.468,1.3,1.6,0.823,0.7,3.1,3.8,7.9,0.9,0.1,2.0,7.6,1998-99,9,0.51,0.29,0
Christian Laettner,DET,16.0,21.1,2.4,6.6,0.358,0.1,0.333,2.3,0.359,0.363,2.8,3.6,0.772,1.3,2.1,3.4,1.5,0.9,0.8,1.2,7.6,1998-99,23,0.46,0.5,0
Charlie Ward,NYK,50.0,31.1,2.7,6.7,0.404,1.1,0.356,1.6,0.443,0.484,1.1,1.6,0.705,0.5,3.0,3.4,5.4,2.1,0.2,2.6,7.6,1998-99,19,0.51,0.23,0
Tyrone Corbin,ATL,47.0,22.7,2.8,7.1,0.391,0.8,0.319,2.0,0.431,0.448,1.1,1.7,0.65,0.8,2.3,3.1,0.9,0.7,0.1,0.9,7.5,1998-99,14,0.48,0.14,0
Erick Strickland,DAL,33.0,17.2,2.7,6.7,0.403,0.5,0.305,2.2,0.438,0.443,1.6,2.0,0.815,0.4,2.2,2.5,1.9,1.2,0.1,1.1,7.5,1998-99,28,0.49,0.23,0
Howard Eisley,UTA,50.0,20.8,2.8,6.3,0.446,0.4,0.42,2.4,0.451,0.479,1.3,1.6,0.838,0.2,1.6,1.9,3.7,0.6,0.0,2.2,7.4,1998-99,5,0.53,0.15,0
Rodney Rogers,LAC,47.0,20.6,2.8,6.3,0.441,0.4,0.286,2.4,0.483,0.471,1.4,2.1,0.673,1.4,2.4,3.8,1.6,1.0,0.5,1.4,7.4,1998-99,31,0.51,0.19,0
Cory Alexander,DEN,36.0,21.6,2.7,7.2,0.373,0.8,0.286,1.9,0.432,0.431,1.0,1.2,0.841,0.2,1.9,2.1,3.3,1.0,0.1,1.9,7.3,1998-99,33,0.47,0.2,0
Brent Price,HOU,40.0,20.2,2.5,5.2,0.483,1.2,0.411,1.4,0.568,0.594,1.2,1.5,0.754,0.5,1.5,2.0,2.8,0.8,0.0,1.6,7.3,1998-99,21,0.62,0.21,0
Eric Williams,DEN,38.0,20.5,2.1,5.8,0.365,0.2,0.231,1.9,0.383,0.379,2.9,3.7,0.799,0.9,1.2,2.1,1.0,0.7,0.2,1.3,7.3,1998-99,33,0.49,0.14,0
Tim Thomas,2TM,50.0,16.2,2.6,5.6,0.473,0.4,0.309,2.2,0.526,0.511,1.5,2.2,0.652,1.0,1.5,2.5,0.9,0.5,0.2,0.9,7.2,1998-99,-1,0.55,0.13,0
Marcus Camby,NYK,46.0,20.5,3.0,5.7,0.521,0.0,,3.0,0.521,0.521,1.2,2.2,0.553,2.2,3.3,5.5,0.3,0.6,1.6,0.8,7.2,1998-99,19,0.54,0.23,0
Travis Best,IND,49.0,21.3,2.6,6.2,0.416,0.4,0.373,2.1,0.427,0.452,1.4,1.7,0.843,0.4,1.2,1.6,3.4,0.9,0.1,1.3,7.1,1998-99,9,0.51,0.16,0
Bobby Jackson,MIN,50.0,18.8,2.8,7.0,0.405,0.2,0.37,2.6,0.408,0.42,1.2,1.6,0.772,0.9,1.8,2.7,3.3,0.8,0.1,1.5,7.1,1998-99,17,0.46,0.16,0
Jerome Williams,DET,50.0,23.1,2.5,5.0,0.5,0.0,,2.5,0.5,0.5,2.1,3.2,0.673,3.2,3.8,7.0,0.5,1.3,0.1,0.8,7.1,1998-99,23,0.55,0.23,0
Danny Ferry,CLE,50.0,21.2,2.8,5.9,0.476,0.8,0.392,2.1,0.518,0.541,0.6,0.7,0.879,0.3,1.7,2.0,1.1,0.5,0.2,0.8,7.0,1998-99,15,0.56,0.14,0
Dan Majerle,MIA,48.0,33.8,2.5,6.2,0.396,1.4,0.335,1.0,0.526,0.51,0.7,1.0,0.717,0.4,3.9,4.3,3.1,0.8,0.1,1.1,7.0,1998-99,12,0.53,0.21,0
Charles Oakley,TOR,50.0,32.7,2.8,6.5,0.428,0.0,0.2,2.8,0.432,0.43,1.3,1.7,0.807,1.9,5.6,7.5,3.4,0.9,0.4,1.9,7.0,1998-99,32,0.48,0.26,0
Bryant Stith,DEN,46.0,26.0,2.5,6.3,0.393,0.7,0.292,1.8,0.451,0.447,1.3,1.5,0.859,0.7,1.7,2.3,1.8,0.6,0.3,1.0,7.0,1998-99,33,0.5,0.15,0
Chris Crawford,ATL,42.0,18.7,2.6,6.1,0.431,0.3,0.333,2.4,0.446,0.453,1.4,1.7,0.814,0.9,1.3,2.1,0.6,0.2,0.3,1.1,6.9,1998-99,14,0.5,0.12,0
Derek Harper,LAL,45.0,24.9,2.7,6.5,0.412,1.0,0.368,1.7,0.443,0.486,0.6,0.7,0.813,0.3,1.2,1.5,4.2,1.0,0.1,1.2,6.9,1998-99,7,0.51,0.19,0
Haywoode Workman,MIL,29.0,28.1,2.5,5.9,0.429,0.6,0.362,1.9,0.455,0.479,1.3,1.6,0.787,0.5,3.0,3.5,5.9,1.1,0.0,2.2,6.9,1998-99,25,0.52,0.4,0
Chris Childs,NYK,48.0,27.0,2.4,5.6,0.427,0.8,0.383,1.6,0.451,0.494,1.3,1.6,0.821,0.4,2.4,2.8,4.0,0.9,0.0,1.8,6.8,1998-99,19,0.54,0.19,0
Tony Delk,GSW,36.0,17.5,2.6,7.0,0.364,0.4,0.242,2.1,0.406,0.395,1.3,2.0,0.648,0.3,1.2,1.5,2.6,0.4,0.2,1.3,6.8,1998-99,30,0.43,0.14,0
Troy Hudson,LAC,25.0,21.0,2.4,6.0,0.4,0.6,0.319,1.8,0.437,0.45,1.4,1.5,0.895,0.6,1.6,2.2,3.7,0.4,0.1,1.5,6.8,1998-99,31,0.51,0.32,0
Voshon Lenard,MIA,12.0,15.8,2.6,6.6,0.392,1.0,0.343,1.6,0.432,0.468,0.7,0.9,0.727,0.3,1.0,1.3,0.8,0.3,0.1,0.6,6.8,1998-99,12,0.49,0.38,0
Tony Battie,BOS,50.0,22.4,2.9,5.7,0.519,0.0,0.0,2.9,0.525,0.519,0.8,1.2,0.672,1.9,4.1,6.0,1.1,0.6,1.4,0.9,6.7,1998-99,24,0.54,0.23,0
Scott Burrell,NJN,32.0,22.1,2.3,6.5,0.361,0.9,0.389,1.5,0.346,0.428,1.1,1.3,0.81,1.0,2.7,3.7,1.4,1.3,0.3,0.7,6.6,1998-99,18,0.47,0.26,0
Lorenzen Wright,LAC,48.0,23.6,2.5,5.4,0.458,0.0,0.0,2.5,0.459,0.458,1.7,2.4,0.692,3.0,4.6,7.5,0.7,0.5,0.8,1.0,6.6,1998-99,31,0.51,0.24,0
Dennis Scott,2TM,36.0,20.5,2.4,5.9,0.408,1.0,0.381,1.4,0.431,0.495,0.6,0.9,0.742,0.2,1.4,1.6,1.1,0.4,0.1,0.5,6.5,1998-99,-1,0.52,0.15,0
Tracy Murray,WAS,36.0,18.1,2.3,6.6,0.35,0.9,0.32,1.4,0.373,0.42,0.9,1.2,0.81,0.5,1.8,2.3,0.8,0.6,0.2,0.8,6.5,1998-99,20,0.46,0.14,0
Bo Outlaw,ORL,31.0,27.5,2.7,5.0,0.545,0.0,0.0,2.7,0.556,0.545,1.1,2.6,0.432,1.7,3.6,5.4,1.8,1.3,1.4,1.9,6.5,1998-99,22,0.53,0.35,0
Greg Anthony,POR,50.0,16.1,2.1,5.0,0.414,1.0,0.392,1.1,0.437,0.512,1.2,1.8,0.697,0.3,1.0,1.3,2.0,1.3,0.1,1.1,6.4,1998-99,16,0.55,0.13,0
Jaren Jackson,SAS,47.0,18.3,2.3,6.0,0.38,1.1,0.361,1.2,0.401,0.474,0.7,0.8,0.821,0.4,1.7,2.1,1.0,0.9,0.2,0.8,6.4,1998-99,11,0.5,0.13,0
Jamie Feick,2TM,28.0,30.4,2.4,4.8,0.5,0.0,,2.4,0.5,0.5,1.5,2.1,0.717,4.0,6.3,10.3,0.9,0.9,0.6,1.2,6.3,1998-99,-1,0.55,0.53,0
Brad Miller,CHH,38.0,12.3,2.1,3.6,0.565,0.0,0.5,2.0,0.566,0.569,2.1,2.7,0.794,0.9,2.2,3.1,0.6,0.2,0.5,0.8,6.3,1998-99,13,0.66,0.21,0
Kornél Dávid,CHI,50.0,18.0,2.2,4.9,0.449,0.0,0.0,2.2,0.45,0.449,1.8,2.2,0.811,1.4,2.1,3.5,0.8,0.5,0.3,1.0,6.2,1998-99,6,0.53,0.14,0
Michael Doleac,ORL,49.0,15.9,2.6,5.4,0.468,0.0,,2.6,0.468,0.468,1.1,1.6,0.675,1.3,1.7,3.0,0.4,0.4,0.3,0.5,6.2,1998-99,22,0.51,0.13,0
Johnny Newman,CLE,50.0,19.0,2.1,5.0,0.422,0.5,0.377,1.7,0.437,0.468,1.4,1.7,0.81,0.3,1.2,1.5,0.8,0.6,0.2,0.8,6.1,1998-99,15,0.53,0.1,0
Chuck Person,CHH,50.0,19.8,2.2,5.8,0.388,1.1,0.35,1.1,0.432,0.483,0.5,0.6,0.75,0.3,2.3,2.6,1.2,0.4,0.2,0.8,6.1,1998-99,13,0.5,0.12,0
Malik Rose,SAS,47.0,12.9,2.0,4.3,0.463,0.0,0.0,2.0,0.465,0.463,2.1,3.1,0.671,1.9,2.0,3.9,0.6,0.9,0.5,1.2,6.0,1998-99,11,0.53,0.16,0
Ben Wallace,WAS,46.0,26.8,2.5,4.3,0.578,0.0,,2.5,0.578,0.578,1.0,2.9,0.356,3.0,5.4,8.3,0.4,1.1,2.0,0.8,6.0,1998-99,20,0.54,0.29,0
James Robinson,2TM,31.0,16.3,2.2,6.0,0.362,0.7,0.284,1.5,0.414,0.419,0.9,1.3,0.683,0.6,1.4,2.0,1.8,0.7,0.3,1.4,5.9,1998-99,-1,0.45,0.16,0
John Crotty,2TM,27.0,14.1,1.9,4.6,0.411,0.5,0.389,1.4,0.42,0.468,1.6,1.9,0.86,0.3,0.9,1.1,2.3,0.4,0.0,1.2,5.9,1998-99,-1,0.54,0.2,0
Vinny Del Negro,MIL,48.0,22.8,2.4,5.6,0.422,0.3,0.433,2.1,0.421,0.446,0.8,1.0,0.8,0.3,1.8,2.1,3.6,0.7,0.1,1.1,5.9,1998-99,25,0.49,0.16,0
Derek Fisher,LAL,50.0,22.6,2.0,5.3,0.376,0.8,0.392,1.2,0.367,0.449,1.2,1.6,0.759,0.4,1.4,1.8,3.9,1.2,0.0,1.5,5.9,1998-99,7,0.49,0.15,0
Samaki Walker,DAL,39.0,14.6,2.3,4.9,0.463,0.0,0.0,2.3,0.466,0.463,1.4,2.5,0.541,1.2,2.5,3.7,0.2,0.2,0.4,0.9,5.9,1998-99,28,0.49,0.15,0
Johnny Taylor,DEN,36.0,20.1,2.3,5.5,0.414,0.7,0.382,1.6,0.431,0.48,0.5,0.6,0.739,0.8,2.0,2.8,0.7,0.8,0.5,0.9,5.8,1998-99,33,0.5,0.18,0
Doug West,VAN,14.0,21.0,2.2,4.6,0.477,0.0,0.0,2.2,0.492,0.477,1.4,1.8,0.76,0.4,1.4,1.8,1.4,1.1,0.5,0.9,5.8,1998-99,29,0.54,0.49,0
Chris Gatling,2TM,48.0,16.1,2.4,5.5,0.442,0.0,0.125,2.4,0.451,0.443,0.8,1.9,0.398,1.1,2.6,3.7,0.7,0.7,0.2,1.3,5.7,1998-99,-1,0.45,0.11,0
Walter McCarty,BOS,32.0,20.6,2.0,5.5,0.362,0.4,0.26,1.6,0.402,0.398,1.3,1.8,0.702,1.1,2.5,3.6,1.3,0.8,0.4,1.3,5.7,1998-99,24,0.45,0.2,0
Greg Ostertag,UTA,48.0,27.9,2.1,4.3,0.476,0.0,,2.1,0.476,0.476,1.6,2.5,0.62,2.2,5.1,7.3,0.5,0.3,2.7,0.9,5.7,1998-99,5,0.53,0.26,0
Pat Garrity,PHO,39.0,13.8,2.2,4.4,0.5,0.2,0.389,2.0,0.513,0.521,1.0,1.4,0.714,0.7,1.3,1.9,0.5,0.2,0.1,0.5,5.6,1998-99,10,0.56,0.13,0
Jud Buechler,DET,50.0,21.1,2.0,4.8,0.417,1.2,0.412,0.8,0.424,0.544,0.3,0.4,0.722,0.6,2.1,2.7,1.1,0.7,0.3,0.4,5.5,1998-99,23,0.55,0.14,0
Dean Garrett,MIN,49.0,21.5,2.4,4.7,0.502,0.0,,2.4,0.502,0.502,0.8,1.0,0.745,2.0,3.2,5.2,0.6,0.6,0.9,0.6,5.5,1998-99,17,0.54,0.2,0
Mark Hendrickson,NJN,22.0,18.1,1.8,4.0,0.443,0.0,0.0,1.8,0.448,0.443,1.9,2.3,0.84,1.2,1.9,3.1,0.6,0.5,0.0,0.7,5.5,1998-99,18,0.55,0.29,0
Cherokee Parks,VAN,48.0,23.3,2.5,5.7,0.429,0.0,0.0,2.5,0.431,0.429,0.6,1.1,0.545,1.6,3.5,5.1,0.8,0.6,0.6,1.0,5.5,1998-99,29,0.44,0.16,0
Vladimir Stepania,SEA,23.0,13.6,2.3,5.4,0.424,0.0,0.0,2.3,0.434,0.424,0.9,1.7,0.525,1.2,2.1,3.3,0.5,0.4,1.0,1.4,5.5,1998-99,8,0.45,0.23,0
Mitchell Butler,CLE,31.0,13.5,2.2,4.5,0.482,0.4,0.379,1.8,0.509,0.522,0.7,1.0,0.719,0.4,1.0,1.4,0.7,0.5,0.1,0.9,5.4,1998-99,15,0.55,0.15,0
Lucious Harris,NJN,36.0,16.7,2.0,5.0,0.403,0.3,0.22,1.7,0.473,0.434,1.0,1.3,0.75,0.6,1.3,1.9,0.9,0.5,0.2,0.5,5.4,1998-99,18,0.48,0.14,0
Eric Washington,DEN,38.0,20.0,1.9,4.8,0.397,1.0,0.381,0.9,0.414,0.497,0.6,0.8,0.688,0.9,1.4,2.3,0.8,0.7,0.5,0.9,5.4,1998-99,33,0.52,0.15,0
Chris Carr,2TM,39.0,11.4,1.9,5.3,0.371,0.7,0.373,1.2,0.369,0.439,0.7,1.0,0.675,0.6,1.2,1.8,0.6,0.2,0.1,0.7,5.3,1998-99,-1,0.46,0.09,0
Robert Traylor,MIL,49.0,16.0,2.2,4.1,0.537,0.0,0.0,2.2,0.54,0.537,0.9,1.6,0.538,1.6,2.1,3.7,0.8,0.9,0.9,0.9,5.3,1998-99,25,0.55,0.17,0
Damon Jones,2TM,24.0,14.3,1.8,5.0,0.361,1.0,0.403,0.8,0.316,0.466,0.6,0.7,0.824,0.3,1.6,1.8,1.8,0.5,0.0,0.7,5.2,1998-99,-1,0.49,0.22,0
Muggsy Bogues,GSW,36.0,19.8,2.1,4.3,0.494,0.0,0.0,2.1,0.514,0.494,0.9,1.0,0.861,0.4,1.6,2.0,3.7,1.2,0.0,1.3,5.1,1998-99,30,0.54,0.23,0
Ervin Johnson,MIL,50.0,20.5,1.9,3.8,0.508,0.0,,1.9,0.508,0.508,1.3,2.1,0.61,2.4,4.0,6.4,0.4,0.6,1.1,0.9,5.1,1998-99,25,0.54,0.2,0
Jelani McCoy,SEA,26.0,12.7,2.2,2.9,0.737,0.0,,2.2,0.737,0.737,0.8,1.6,0.5,1.0,2.0,3.0,0.2,0.4,0.8,0.4,5.1,1998-99,8,0.71,0.29,0
Scot Pollard,SAC,16.0,16.2,2.1,3.8,0.541,0.0,,2.1,0.541,0.541,1.0,1.4,0.696,2.4,2.8,5.1,0.3,0.5,1.1,0.3,5.1,1998-99,27,0.58,0.61,0
Don Reid,DET,47.0,19.9,2.1,3.7,0.557,0.0,,2.1,0.557,0.557,1.0,1.7,0.608,1.4,2.2,3.6,0.7,0.6,0.9,0.8,5.1,1998-99,23,0.57,0.17,0
Derek Strong,ORL,44.0,15.8,1.7,4.1,0.422,0.0,0.0,1.7,0.427,0.422,1.6,2.3,0.717,1.5,2.2,3.7,0.4,0.3,0.2,0.8,5.1,1998-99,22,0.5,0.13,0
Jon Barry,SAC,43.0,17.1,1.4,3.2,0.428,0.6,0.304,0.8,0.593,0.514,1.7,2.0,0.845,0.6,1.7,2.2,2.6,1.2,0.1,1.1,5.0,1998-99,27,0.61,0.18,0
Anthony Johnson,ATL,49.0,18.1,1.9,4.6,0.404,0.1,0.263,1.8,0.417,0.416,1.2,1.7,0.695,0.3,1.2,1.5,2.2,0.7,0.1,1.3,5.0,1998-99,14,0.47,0.1,0
Tyronn Lue,LAL,15.0,12.5,1.9,4.3,0.431,0.5,0.438,1.4,0.429,0.485,0.8,1.4,0.571,0.1,0.3,0.4,1.7,0.3,0.0,0.7,5.0,1998-99,7,0.51,0.25,0
Sam Perkins,IND,48.0,16.4,1.7,4.2,0.4,0.7,0.389,0.9,0.409,0.488,0.9,1.3,0.717,0.8,2.1,2.9,0.5,0.3,0.3,0.5,5.0,1998-99,9,0.52,0.12,0
Eldridge Recasner,CHH,44.0,16.1,1.9,4.2,0.446,0.5,0.4,1.3,0.468,0.511,0.8,0.9,0.872,0.5,1.3,1.8,2.1,0.4,0.0,1.3,5.0,1998-99,13,0.54,0.13,0
Dominique Wilkins,ORL,27.0,9.3,1.9,4.9,0.379,0.2,0.263,1.7,0.398,0.398,1.1,1.6,0.69,1.1,1.5,2.6,0.6,0.1,0.0,0.9,5.0,1998-99,22,0.45,0.14,0
Alvin Williams,TOR,50.0,21.0,1.9,4.7,0.401,0.3,0.333,1.6,0.415,0.43,0.9,1.0,0.846,0.4,1.3,1.6,2.6,1.0,0.2,1.1,5.0,1998-99,32,0.49,0.13,0
Michael Curry,MIL,50.0,22.9,1.8,4.1,0.437,0.0,0.067,1.8,0.466,0.439,1.3,1.6,0.797,0.4,1.8,2.2,1.6,0.8,0.1,0.7,4.9,1998-99,25,0.51,0.13,0
Ed Gray,ATL,30.0,11.2,1.8,6.1,0.291,0.4,0.286,1.4,0.293,0.324,0.9,1.2,0.757,0.2,0.7,0.9,0.4,0.4,0.0,1.0,4.9,1998-99,14,0.37,0.03,0
A.C. Green,DAL,50.0,18.5,2.2,5.1,0.422,0.0,0.0,2.2,0.435,0.422,0.6,1.0,0.577,1.6,2.9,4.6,0.5,0.6,0.2,0.4,4.9,1998-99,28,0.44,0.14,0
Robert Horry,LAL,38.0,19.6,1.8,3.8,0.459,0.5,0.444,1.2,0.465,0.527,0.9,1.2,0.739,1.5,2.5,4.0,1.5,0.9,1.0,1.3,4.9,1998-99,7,0.57,0.23,0
Greg Minor,BOS,44.0,17.4,1.9,4.6,0.417,0.2,0.286,1.8,0.438,0.436,0.8,1.1,0.75,0.7,2.0,2.7,1.1,0.5,0.1,0.9,4.9,1998-99,24,0.48,0.12,0
Aaron McKie,PHI,50.0,19.2,1.9,4.7,0.401,0.1,0.194,1.8,0.432,0.414,0.9,1.2,0.71,0.5,2.3,2.8,2.0,1.3,0.1,1.1,4.8,1998-99,26,0.46,0.14,0
Roshown McLeod,ATL,34.0,10.2,1.8,4.8,0.38,0.0,0.1,1.8,0.399,0.383,1.1,1.3,0.822,0.4,1.1,1.5,0.4,0.1,0.0,0.7,4.8,1998-99,14,0.45,0.09,0
Michael Smith,VAN,48.0,22.9,1.6,3.0,0.535,0.0,0.0,1.6,0.538,0.535,1.6,2.7,0.594,2.8,4.5,7.3,1.0,1.0,0.4,1.3,4.8,1998-99,29,0.57,0.22,0
Chris Whitney,WAS,39.0,11.3,1.6,4.0,0.41,0.8,0.337,0.8,0.525,0.513,0.7,0.8,0.871,0.2,1.0,1.2,1.8,0.5,0.1,0.9,4.8,1998-99,20,0.55,0.13,0
Antonio Daniels,SAS,47.0,13.1,1.8,3.9,0.454,0.1,0.294,1.7,0.47,0.467,1.0,1.4,0.754,0.3,0.9,1.1,2.3,0.6,0.1,0.9,4.7,1998-99,11,0.52,0.11,0
Rusty LaRue,CHI,43.0,17.0,1.8,5.0,0.359,0.7,0.337,1.1,0.375,0.429,0.4,0.4,1.0,0.2,1.1,1.3,1.5,0.8,0.1,0.8,4.7,1998-99,6,0.45,0.1,0
Derrick McKey,IND,13.0,18.8,1.8,4.0,0.442,0.0,0.0,1.8,0.451,0.442,1.1,1.3,0.824,1.4,1.8,3.2,1.0,0.9,0.3,0.9,4.6,1998-99,9,0.5,0.52,0
Ricky Davis,CHH,46.0,12.1,1.8,4.3,0.405,0.0,0.167,1.7,0.42,0.41,1.0,1.3,0.763,0.9,1.0,1.8,1.3,0.7,0.2,1.2,4.5,1998-99,13,0.46,0.1,0
DeJuan Wheat,VAN,46.0,12.8,1.6,4.2,0.378,0.5,0.367,1.1,0.383,0.435,0.9,1.2,0.727,0.2,0.7,1.0,2.2,0.6,0.0,1.0,4.5,1998-99,29,0.48,0.1,0
Steve Kerr,SAS,44.0,16.7,1.5,4.0,0.391,0.6,0.313,1.0,0.457,0.463,0.7,0.8,0.886,0.1,0.9,1.0,1.1,0.5,0.1,0.5,4.4,1998-99,11,0.51,0.09,0
Bonzi Wells,POR,7.0,5.0,1.6,2.9,0.55,0.1,0.333,1.4,0.588,0.575,1.1,2.6,0.444,0.6,0.7,1.3,0.4,0.1,0.1,0.9,4.4,1998-99,16,0.54,0.37,0
Stacey Augmon,POR,48.0,18.2,1.6,3.6,0.448,0.0,0.0,1.6,0.453,0.448,1.1,1.6,0.684,1.0,1.6,2.6,1.2,1.2,0.4,0.6,4.3,1998-99,16,0.5,0.14,0
Tom Hammonds,MIN,49.0,14.6,1.7,3.7,0.458,0.0,,1.7,0.458,0.458,1.0,1.5,0.64,1.1,1.7,2.8,0.4,0.2,0.1,0.7,4.3,1998-99,17,0.49,0.09,0
Bob Sura,CLE,50.0,16.8,1.4,4.2,0.333,0.2,0.2,1.2,0.37,0.355,1.3,2.1,0.631,0.4,1.6,2.0,3.0,0.9,0.3,1.3,4.3,1998-99,15,0.42,0.11,0
John Thomas,TOR,39.0,15.2,1.8,3.2,0.577,0.0,0.0,1.8,0.582,0.577,0.7,1.2,0.563,1.7,1.8,3.4,0.4,0.4,0.2,0.5,4.3,1998-99,32,0.58,0.16,0
Korleone Young,DET,3.0,5.0,1.7,3.3,0.5,0.3,0.25,1.3,0.667,0.55,0.7,0.7,1.0,0.7,0.7,1.3,0.3,0.0,0.0,0.3,4.3,1998-99,23,0.6,1.33,0
Thurl Bailey,UTA,43.0,12.6,1.8,4.1,0.446,0.0,0.0,1.8,0.451,0.446,0.6,0.8,0.735,0.8,1.3,2.2,0.6,0.2,0.7,0.6,4.2,1998-99,5,0.47,0.11,0
Randell Jackson,WAS,27.0,10.0,1.7,4.0,0.426,0.0,0.143,1.7,0.446,0.431,0.8,1.2,0.656,1.1,0.9,2.0,0.3,0.1,0.4,1.0,4.2,1998-99,20,0.46,0.12,0
Travis Knight,LAL,37.0,14.2,1.8,3.5,0.515,0.0,0.0,1.8,0.519,0.515,0.6,0.8,0.759,0.9,2.5,3.5,0.8,0.6,0.7,0.9,4.2,1998-99,7,0.55,0.19,0
Chris Morris,PHO,44.0,12.2,1.5,3.4,0.43,0.4,0.286,1.1,0.516,0.483,0.9,1.0,0.87,1.2,1.5,2.8,0.5,0.4,0.3,0.5,4.2,1998-99,10,0.55,0.13,0
Cory Carr,CHI,42.0,14.9,1.7,5.1,0.329,0.1,0.167,1.6,0.355,0.34,0.6,0.8,0.75,0.2,1.0,1.2,1.6,0.5,0.2,1.1,4.1,1998-99,6,0.38,0.07,0
Brian Skinner,LAC,21.0,12.3,1.6,3.4,0.465,0.0,,1.6,0.465,0.465,1.0,1.6,0.606,1.0,1.6,2.5,0.0,0.5,0.6,0.9,4.1,1998-99,31,0.5,0.21,0
Sam Jacobson,LAL,2.0,6.0,1.5,2.5,0.6,0.0,0.0,1.5,0.75,0.6,1.0,1.0,1.0,0.0,1.5,1.5,0.0,0.0,0.0,0.5,4.0,1998-99,7,0.68,2.0,0
Eddie Johnson,HOU,3.0,6.0,2.0,4.3,0.462,0.0,0.0,2.0,0.5,0.462,0.0,0.0,,0.0,0.7,0.7,0.3,0.0,0.0,0.7,4.0,1998-99,21,0.47,0.67,0
Adam Keefe,UTA,44.0,14.6,1.3,2.8,0.452,0.0,0.0,1.3,0.467,0.452,1.4,2.0,0.697,1.2,2.1,3.2,0.6,0.4,0.3,0.8,4.0,1998-99,5,0.54,0.13,0
Tim Legler,WAS,30.0,12.6,1.7,3.8,0.443,0.5,0.4,1.2,0.463,0.504,0.1,0.2,0.5,0.3,1.1,1.3,0.7,0.1,0.1,0.5,4.0,1998-99,20,0.51,0.12,0
Rasho Nesterović,MIN,2.0,15.0,1.5,6.0,0.25,0.0,,1.5,0.25,0.25,1.0,1.0,1.0,1.5,2.5,4.0,0.5,0.0,0.0,0.5,4.0,1998-99,17,0.31,1.75,0
Tyson Wheeler,DEN,1.0,3.0,1.0,1.0,1.0,1.0,1.0,0.0,,1.5,1.0,2.0,0.5,0.0,0.0,0.0,2.0,0.0,0.0,0.0,4.0,1998-99,33,1.06,5.0,0
Aaron Williams,SEA,40.0,11.5,1.3,3.1,0.423,0.0,0.0,1.3,0.426,0.423,1.4,1.9,0.73,1.4,1.9,3.2,0.6,0.4,0.6,0.8,4.0,1998-99,8,0.51,0.14,0
Doug Overton,3TM,24.0,10.2,1.5,3.5,0.429,0.1,0.286,1.4,0.442,0.44,0.8,0.8,0.9,0.3,0.6,0.9,1.0,0.2,0.0,0.8,3.8,1998-99,-1,0.49,0.13,0
Doug Overton,ORL,6.0,5.5,1.0,2.0,0.5,0.0,0.0,1.0,0.6,0.5,1.0,1.0,1.0,0.2,0.2,0.3,0.5,0.2,0.0,0.5,3.0,1998-99,22,0.61,0.42,0
Doug Overton,NJN,8.0,21.8,3.1,7.1,0.439,0.3,0.5,2.9,0.434,0.456,1.5,1.8,0.857,0.8,1.4,2.1,2.0,0.4,0.1,1.9,8.0,1998-99,18,0.51,0.8,0
Doug Overton,PHI,10.0,3.7,0.5,1.5,0.333,0.0,0.0,0.5,0.357,0.333,0.0,0.0,,0.0,0.2,0.2,0.4,0.1,0.0,0.2,1.0,1998-99,26,0.33,0.05,0
Corey Benjamin,CHI,31.0,10.3,1.4,3.8,0.376,0.1,0.214,1.3,0.398,0.389,0.9,1.3,0.675,0.5,0.8,1.3,0.3,0.4,0.3,0.7,3.8,1998-99,6,0.43,0.08,0
Andrew Lang,CHI,21.0,18.4,1.5,4.7,0.323,0.0,,1.5,0.323,0.323,0.8,1.1,0.696,1.6,2.9,4.4,0.6,0.2,0.6,0.8,3.8,1998-99,6,0.37,0.25,0
Reggie Slater,TOR,30.0,8.8,1.0,2.7,0.383,0.0,,1.0,0.383,0.383,1.8,2.8,0.624,1.2,1.1,2.3,0.2,0.1,0.1,0.8,3.8,1998-99,32,0.48,0.1,0
Bill Wennington,CHI,38.0,11.9,1.6,4.7,0.348,0.0,1.0,1.6,0.345,0.351,0.5,0.6,0.818,0.5,1.6,2.1,0.5,0.3,0.3,0.4,3.8,1998-99,6,0.38,0.09,0
Charles Jones,CHI,29.0,16.4,1.3,4.2,0.317,0.7,0.311,0.7,0.323,0.394,0.4,0.8,0.5,0.3,1.1,1.4,1.4,0.6,0.2,1.0,3.7,1998-99,6,0.41,0.1,0
Jeff McInnis,WAS,35.0,12.2,1.4,3.8,0.373,0.3,0.257,1.2,0.414,0.407,0.6,0.8,0.75,0.3,0.3,0.6,2.1,0.5,0.0,0.9,3.7,1998-99,20,0.45,0.1,0
Charles Smith,LAC,23.0,13.8,1.5,4.2,0.361,0.3,0.212,1.2,0.438,0.397,0.3,0.7,0.438,0.3,0.7,1.0,0.6,0.7,0.6,0.9,3.7,1998-99,31,0.41,0.11,0
Mark Strickland,MIA,32.0,11.2,1.6,3.2,0.495,0.0,0.0,1.6,0.5,0.495,0.6,0.8,0.731,0.8,1.6,2.4,0.3,0.2,0.3,0.4,3.7,1998-99,12,0.52,0.15,0
Pete Chilcutt,VAN,46.0,15.2,1.4,3.7,0.366,0.6,0.382,0.8,0.356,0.442,0.3,0.4,0.824,0.6,1.9,2.5,0.7,0.5,0.3,0.6,3.6,1998-99,29,0.46,0.1,0
Kelvin Cato,POR,43.0,12.7,1.3,3.0,0.45,0.0,1.0,1.3,0.445,0.453,0.8,1.6,0.507,1.1,2.3,3.5,0.4,0.5,1.3,0.6,3.5,1998-99,16,0.47,0.14,0
Bryce Drew,HOU,34.0,13.0,1.4,3.8,0.364,0.5,0.327,0.9,0.388,0.426,0.2,0.2,1.0,0.1,0.9,0.9,1.5,0.4,0.1,0.9,3.5,1998-99,21,0.45,0.09,0
Austin Croshere,IND,27.0,9.2,1.2,2.8,0.427,0.3,0.276,0.9,0.522,0.48,0.7,0.9,0.87,0.6,1.1,1.7,0.4,0.3,0.3,0.9,3.4,1998-99,9,0.53,0.13,0
Terry Davis,WAS,37.0,15.6,1.3,2.5,0.533,0.0,,1.3,0.533,0.533,0.8,1.0,0.737,1.4,2.4,3.8,0.3,0.3,0.1,0.4,3.4,1998-99,20,0.58,0.16,0
Todd Fuller,UTA,42.0,11.0,1.3,3.0,0.452,0.0,,1.3,0.452,0.452,0.7,1.2,0.6,0.7,1.7,2.4,0.1,0.1,0.3,0.6,3.4,1998-99,5,0.48,0.08,0
David Vaughn,NJN,10.0,10.3,1.3,2.4,0.542,0.0,,1.3,0.542,0.542,0.8,1.0,0.8,1.3,2.1,3.4,0.1,0.2,0.8,1.1,3.4,1998-99,18,0.6,0.55,0
Loy Vaught,DET,37.0,13.0,1.6,4.2,0.381,0.0,0.0,1.6,0.383,0.381,0.2,0.4,0.643,1.0,3.0,3.9,0.3,0.4,0.2,0.5,3.4,1998-99,23,0.39,0.13,0
B.J. Armstrong,2TM,32.0,11.2,1.3,2.8,0.455,0.2,0.467,1.0,0.452,0.494,0.6,0.7,0.857,0.1,1.2,1.2,1.9,0.4,0.0,0.8,3.3,1998-99,-1,0.53,0.14,0
Rodrick Rhodes,2TM,13.0,12.0,1.0,4.0,0.25,0.1,0.143,0.9,0.267,0.26,1.2,1.9,0.64,0.7,0.6,1.3,0.8,0.4,0.2,1.5,3.3,1998-99,-1,0.34,0.06,0
Chris Anstey,DAL,41.0,11.5,1.2,3.4,0.36,0.0,0.0,1.2,0.379,0.36,0.8,1.2,0.708,0.9,1.5,2.4,0.7,0.4,0.3,0.6,3.3,1998-99,28,0.42,0.1,0
Keon Clark,DEN,28.0,14.6,1.3,2.9,0.45,0.0,0.0,1.3,0.456,0.45,0.8,1.3,0.568,1.3,2.1,3.4,0.4,0.4,1.1,0.8,3.3,1998-99,33,0.48,0.2,0
Andrae Patterson,MIN,35.0,8.1,1.2,2.8,0.443,0.0,0.0,1.2,0.467,0.443,0.8,1.0,0.778,0.9,1.0,1.9,0.4,0.5,0.2,0.6,3.3,1998-99,17,0.51,0.11,0
Charles Shackleford,CHH,32.0,11.5,1.4,2.8,0.489,0.0,,1.4,0.489,0.489,0.6,0.9,0.655,1.3,2.8,4.0,0.4,0.2,0.4,0.8,3.3,1998-99,13,0.52,0.18,0
Terry Dehere,2TM,26.0,11.2,1.2,3.3,0.365,0.6,0.41,0.6,0.326,0.459,0.2,0.3,0.714,0.3,0.7,0.9,1.0,0.3,0.1,0.6,3.2,1998-99,-1,0.47,0.1,0
Blue Edwards,MIA,24.0,11.8,1.3,3.0,0.444,0.2,0.4,1.2,0.452,0.472,0.4,0.5,0.692,0.3,1.1,1.4,1.3,0.7,0.2,0.9,3.2,1998-99,12,0.5,0.17,0
J.R. Henderson,VAN,30.0,11.0,1.2,3.2,0.365,0.1,0.4,1.1,0.363,0.375,0.8,1.5,0.556,0.7,0.9,1.6,0.7,0.3,0.1,0.6,3.2,1998-99,29,0.41,0.09,0
Jerome Kersey,SAS,45.0,15.5,1.5,4.4,0.34,0.1,0.214,1.4,0.349,0.348,0.1,0.3,0.429,0.9,2.0,2.9,0.9,0.8,0.3,0.7,3.2,1998-99,11,0.35,0.1,0
Moochie Norris,SEA,12.0,11.7,1.1,3.3,0.325,0.5,0.4,0.6,0.28,0.4,0.5,1.3,0.375,0.3,1.3,1.7,2.0,0.6,0.0,1.3,3.2,1998-99,8,0.41,0.27,0
Keith Booth,CHI,39.0,11.1,1.3,3.9,0.325,0.0,0.1,1.2,0.34,0.328,0.5,1.1,0.5,0.6,1.7,2.4,1.0,0.6,0.3,1.0,3.1,1998-99,6,0.35,0.08,0
Harvey Grant,PHI,47.0,17.0,1.3,3.6,0.369,0.0,0.167,1.3,0.377,0.372,0.4,0.6,0.724,0.8,1.6,2.3,0.5,0.4,0.3,0.4,3.1,1998-99,26,0.4,0.08,0
Charles O'Bannon,DET,18.0,9.2,1.3,3.1,0.429,0.0,0.0,1.3,0.436,0.429,0.4,0.4,1.0,1.0,0.9,1.9,0.7,0.1,0.2,0.4,3.1,1998-99,23,0.47,0.21,0
Shawn Respert,PHO,12.0,8.3,1.1,3.0,0.361,0.3,0.308,0.8,0.391,0.417,0.6,0.8,0.7,0.2,0.9,1.1,0.7,0.4,0.0,0.4,3.1,1998-99,10,0.46,0.23,0
Rex Walters,MIA,33.0,15.3,1.1,2.9,0.368,0.4,0.316,0.7,0.404,0.432,0.6,0.7,0.826,0.3,1.2,1.5,1.8,0.3,0.1,1.0,3.1,1998-99,12,0.48,0.12,0
Earl Boykins,2TM,22.0,10.0,1.4,3.6,0.38,0.1,0.167,1.2,0.443,0.399,0.1,0.1,0.667,0.3,0.5,0.8,1.5,0.3,0.0,0.9,3.0,1998-99,-1,0.41,0.11,0
Popeye Jones,BOS,18.0,11.4,1.1,2.8,0.392,0.0,0.0,1.1,0.4,0.392,0.8,0.9,0.824,1.6,1.3,2.9,0.8,0.3,0.0,0.4,3.0,1998-99,24,0.47,0.27,0
Corie Blount,2TM,34.0,15.6,1.1,2.9,0.36,0.0,0.0,1.1,0.364,0.36,0.8,1.6,0.519,1.7,2.7,4.4,0.4,0.6,0.5,0.6,2.9,1998-99,-1,0.4,0.16,0
Toby Bailey,PHO,27.0,9.2,1.3,3.2,0.395,0.0,0.2,1.2,0.407,0.401,0.3,0.5,0.692,0.9,1.1,2.0,0.5,0.3,0.1,0.4,2.9,1998-99,10,0.42,0.12,0
Matt Bullard,HOU,41.0,10.1,1.0,2.8,0.377,0.6,0.387,0.5,0.365,0.482,0.2,0.2,0.7,0.2,0.8,1.0,0.4,0.3,0.1,0.3,2.9,1998-99,21,0.5,0.06,0
Adonal Foyle,GSW,44.0,14.0,1.2,2.8,0.43,0.0,,1.2,0.43,0.43,0.6,1.2,0.49,1.8,2.6,4.4,0.4,0.3,1.0,0.7,2.9,1998-99,30,0.44,0.14,0
Elliot Perry,2TM,35.0,8.3,1.1,2.9,0.379,0.3,0.417,0.8,0.367,0.427,0.3,0.4,0.714,0.2,0.8,1.0,1.3,0.6,0.0,1.0,2.8,1998-99,-1,0.46,0.08,0
Greg Foster,UTA,42.0,10.9,1.2,3.3,0.377,0.0,0.25,1.2,0.381,0.38,0.3,0.5,0.619,0.7,1.3,2.0,0.6,0.1,0.2,0.6,2.8,1998-99,5,0.4,0.07,0
Alvin Sims,PHO,4.0,6.3,1.0,2.5,0.4,0.3,1.0,0.8,0.333,0.45,0.5,1.3,0.4,0.8,0.3,1.0,1.3,0.5,0.0,1.5,2.8,1998-99,10,0.46,0.45,0
Ruben Patterson,LAL,24.0,6.0,0.9,2.1,0.412,0.0,0.167,0.8,0.444,0.422,0.9,1.3,0.71,0.7,0.5,1.3,0.1,0.2,0.1,0.5,2.7,1998-99,7,0.51,0.1,0
Sean Rooks,LAL,36.0,8.8,0.9,2.2,0.405,0.0,0.0,0.9,0.416,0.405,0.9,1.3,0.708,0.9,1.1,2.0,0.3,0.1,0.3,0.6,2.7,1998-99,7,0.49,0.09,0
Antoine Carr,HOU,18.0,8.4,1.2,2.9,0.404,0.0,0.0,1.2,0.412,0.404,0.3,0.4,0.714,0.5,1.2,1.7,0.5,0.1,0.6,0.5,2.6,1998-99,21,0.42,0.18,0
Ryan Stack,CLE,18.0,11.1,0.8,2.1,0.378,0.0,,0.8,0.378,0.378,1.1,1.1,0.95,1.1,0.8,1.9,0.3,0.1,0.6,0.5,2.6,1998-99,15,0.5,0.21,0
James Cotton,SEA,10.0,5.9,0.6,1.8,0.333,0.0,0.0,0.6,0.4,0.333,1.3,1.8,0.722,0.2,0.8,1.0,0.0,0.3,0.0,0.3,2.5,1998-99,8,0.48,0.18,0
Chris Dudley,NYK,46.0,14.9,1.0,2.4,0.44,0.0,,1.0,0.44,0.44,0.4,0.9,0.475,1.7,2.5,4.2,0.2,0.3,0.8,0.5,2.5,1998-99,19,0.45,0.12,0
Oliver Miller,SAC,4.0,8.8,1.3,2.8,0.455,0.0,,1.3,0.455,0.455,0.0,0.0,,1.8,0.3,2.0,0.0,0.0,0.5,1.0,2.5,1998-99,27,0.45,0.62,0
Jermaine O'Neal,POR,36.0,8.6,1.0,2.3,0.434,0.0,0.0,1.0,0.439,0.434,0.5,1.0,0.514,1.2,1.5,2.7,0.4,0.1,0.4,0.4,2.5,1998-99,16,0.46,0.11,0
Pooh Richardson,LAC,11.0,11.8,1.1,3.3,0.333,0.0,0.0,1.1,0.4,0.333,0.4,0.4,1.0,0.1,1.1,1.2,2.7,0.4,0.0,0.8,2.5,1998-99,31,0.36,0.35,0
Carlos Rogers,POR,2.0,4.0,1.0,1.0,1.0,0.0,,1.0,1.0,1.0,0.5,2.0,0.25,0.0,0.5,0.5,0.5,0.0,0.0,0.0,2.5,1998-99,16,0.66,1.0,0
Jahidi White,WAS,20.0,9.6,0.9,1.6,0.531,0.0,,0.9,0.531,0.531,0.8,1.8,0.429,1.2,1.8,2.9,0.1,0.2,0.6,0.8,2.5,1998-99,20,0.52,0.19,0
Gerald Brown,PHO,33.0,7.2,1.0,2.7,0.371,0.1,0.3,0.9,0.38,0.388,0.3,0.4,0.786,0.2,0.5,0.7,0.9,0.2,0.0,0.7,2.4,1998-99,10,0.42,0.05,0
Rashard Lewis,SEA,20.0,7.3,1.0,2.6,0.365,0.1,0.167,0.9,0.391,0.375,0.4,0.7,0.571,0.7,0.6,1.3,0.2,0.4,0.1,1.0,2.4,1998-99,8,0.41,0.08,0
Anthony Miller,HOU,29.0,8.6,1.0,2.1,0.467,0.0,0.0,1.0,0.475,0.467,0.5,0.8,0.636,0.9,1.4,2.3,0.2,0.2,0.2,0.3,2.4,1998-99,21,0.49,0.12,0
Will Perdue,SAS,37.0,12.0,1.0,1.6,0.633,0.0,,1.0,0.633,0.633,0.4,0.7,0.538,0.9,2.8,3.7,0.5,0.2,0.3,0.6,2.4,1998-99,11,0.63,0.15,0
Carl Herrera,2TM,28.0,11.0,1.1,2.7,0.395,0.0,0.0,1.1,0.4,0.395,0.2,0.4,0.455,0.9,1.3,2.2,0.1,0.4,0.3,0.6,2.3,1998-99,-1,0.4,0.1,0
Mario Bennett,CHI,3.0,6.3,0.7,2.0,0.333,0.0,,0.7,0.333,0.333,1.0,1.3,0.75,0.7,1.0,1.7,0.0,0.3,0.0,0.3,2.3,1998-99,6,0.45,0.8,0
Bruce Bowen,BOS,30.0,16.5,0.9,3.1,0.28,0.2,0.269,0.6,0.284,0.317,0.4,0.8,0.458,0.5,1.2,1.7,0.9,0.7,0.3,0.4,2.3,1998-99,24,0.33,0.1,0
Duane Causwell,MIA,19.0,7.2,1.1,1.8,0.571,0.0,,1.1,0.571,0.571,0.2,0.6,0.333,0.7,1.1,1.8,0.1,0.0,0.6,0.9,2.3,1998-99,12,0.56,0.15,0
Mark Davis,MIA,4.0,8.8,0.5,1.5,0.333,0.0,,0.5,0.333,0.333,1.3,1.5,0.833,0.5,1.3,1.8,0.3,0.3,0.0,1.8,2.3,1998-99,12,0.53,0.42,0
Khalid Reeves,DET,11.0,10.2,0.7,1.9,0.381,0.1,0.333,0.6,0.389,0.405,0.7,1.3,0.571,0.3,0.4,0.6,1.0,0.4,0.0,0.6,2.3,1998-99,23,0.47,0.17,0
Stanley Roberts,HOU,6.0,5.5,0.8,2.2,0.385,0.0,,0.8,0.385,0.385,0.7,1.3,0.5,0.7,1.2,1.8,0.0,0.0,0.2,0.7,2.3,1998-99,21,0.41,0.27,0
Jacque Vaughn,UTA,19.0,4.6,0.6,1.6,0.367,0.1,0.25,0.5,0.409,0.4,1.1,1.3,0.833,0.1,0.5,0.6,0.6,0.3,0.0,0.7,2.3,1998-99,5,0.53,0.1,0
Drew Barry,SEA,17.0,10.8,0.6,1.9,0.313,0.5,0.333,0.1,0.25,0.438,0.5,0.8,0.692,0.2,1.0,1.2,1.7,0.4,0.1,0.7,2.2,1998-99,8,0.49,0.19,0
John Coker,WAS,14.0,7.0,0.9,2.2,0.419,0.0,,0.9,0.419,0.419,0.4,0.4,0.833,0.5,1.1,1.6,0.0,0.1,0.1,0.1,2.2,1998-99,20,0.46,0.19,0
Bill Curley,MIN,35.0,10.6,0.8,2.1,0.403,0.0,0.2,0.8,0.418,0.41,0.5,0.6,0.864,0.6,0.9,1.5,0.4,0.5,0.3,0.3,2.2,1998-99,17,0.47,0.09,0
Joe Kleine,PHO,31.0,12.1,1.0,2.4,0.405,0.0,0.0,1.0,0.417,0.405,0.3,0.4,0.667,0.9,1.3,2.2,0.4,0.3,0.0,0.3,2.2,1998-99,10,0.43,0.11,0
Lee Mayberry,VAN,9.0,14.0,0.8,2.1,0.368,0.2,0.2,0.6,0.556,0.421,0.4,0.6,0.8,0.0,0.3,0.3,2.6,0.8,0.0,1.2,2.2,1998-99,29,0.47,0.36,0
Jim McIlvaine,NJN,22.0,12.2,1.0,2.3,0.431,0.0,,1.0,0.431,0.431,0.2,0.3,0.667,1.4,1.0,2.5,0.1,0.4,1.5,0.6,2.2,1998-99,18,0.45,0.21,0
Eric Riley,BOS,35.0,9.6,0.8,1.5,0.519,0.0,,0.8,0.519,0.519,0.6,0.9,0.71,1.0,1.8,2.8,0.4,0.3,0.7,0.7,2.2,1998-99,24,0.58,0.13,0
Jeff Sheppard,ATL,18.0,10.3,0.8,2.2,0.385,0.1,0.286,0.7,0.406,0.41,0.4,0.7,0.615,0.3,0.9,1.2,0.9,0.2,0.0,0.4,2.2,1998-99,14,0.44,0.13,0
Brian Evans,2TM,16.0,9.1,0.8,2.8,0.295,0.3,0.308,0.6,0.29,0.341,0.3,0.3,1.0,0.4,0.8,1.2,0.9,0.3,0.2,0.1,2.1,1998-99,-1,0.36,0.16,0
Keith Closs,LAC,15.0,5.8,0.8,1.5,0.522,0.0,0.0,0.8,0.545,0.522,0.5,0.7,0.8,0.3,1.3,1.7,0.0,0.2,0.6,0.4,2.1,1998-99,31,0.58,0.22,0
Ben Davis,NYK,8.0,2.6,0.9,2.1,0.412,0.0,,0.9,0.412,0.412,0.4,0.8,0.5,1.1,0.3,1.4,0.4,0.0,0.0,0.1,2.1,1998-99,19,0.43,0.27,0
Marlon Garnett,BOS,24.0,8.5,0.6,2.1,0.294,0.3,0.261,0.4,0.321,0.353,0.6,0.8,0.75,0.1,0.8,0.9,0.8,0.2,0.0,0.5,2.1,1998-99,24,0.43,0.08,0
Al Harrington,IND,21.0,7.6,0.9,2.7,0.321,0.0,0.0,0.9,0.353,0.321,0.4,0.7,0.6,1.0,0.9,1.9,0.2,0.2,0.1,0.5,2.1,1998-99,9,0.35,0.09,0
Eric Montross,DET,46.0,12.5,0.9,1.7,0.525,0.0,0.0,0.9,0.532,0.525,0.2,0.7,0.344,1.0,2.0,3.0,0.3,0.3,0.6,0.3,2.1,1998-99,23,0.52,0.1,0
Dennis Rodman,LAL,23.0,28.6,0.7,2.0,0.348,0.0,0.0,0.7,0.364,0.348,0.7,1.7,0.436,2.7,8.5,11.2,1.3,0.4,0.5,1.3,2.1,1998-99,7,0.38,0.52,0
Scott Williams,2TM,7.0,6.6,0.7,2.4,0.294,0.0,,0.7,0.294,0.294,0.6,1.0,0.571,0.4,1.6,2.0,0.1,0.4,0.3,0.6,2.0,1998-99,-1,0.35,0.3,0
Kelly McCarty,DEN,2.0,2.0,1.0,1.5,0.667,0.0,,1.0,0.667,0.667,0.0,0.0,,1.0,0.5,1.5,0.0,0.0,0.0,1.0,2.0,1998-99,33,0.67,1.0,0
Mikki Moore,DET,2.0,3.0,0.5,0.5,1.0,0.0,,0.5,1.0,1.0,1.0,1.0,1.0,0.0,0.5,0.5,0.0,0.0,0.0,0.0,2.0,1998-99,23,1.06,1.25,0
Corey Beck,2TM,24.0,7.5,0.8,1.6,0.462,0.0,1.0,0.7,0.447,0.474,0.3,0.6,0.533,0.3,0.9,1.2,0.8,0.4,0.1,0.5,1.9,1998-99,-1,0.51,0.12,0
Jerald Honeycutt,2TM,16.0,6.4,0.6,2.0,0.281,0.3,0.294,0.3,0.267,0.359,0.4,0.6,0.7,0.2,0.6,0.8,0.2,0.3,0.1,0.6,1.9,1998-99,-1,0.42,0.07,0
Reggie Jordan,MIN,27.0,11.0,0.6,2.0,0.278,0.0,,0.6,0.278,0.278,0.8,1.4,0.553,1.0,1.2,2.2,1.5,0.4,0.2,0.5,1.9,1998-99,17,0.36,0.14,0
Travis Williams,CHH,8.0,7.8,0.8,1.6,0.462,0.0,,0.8,0.462,0.462,0.4,0.5,0.75,0.8,1.6,2.4,0.3,0.3,0.1,0.8,1.9,1998-99,13,0.52,0.41,0
Anthony Avent,UTA,5.0,8.8,0.8,2.6,0.308,0.0,,0.8,0.308,0.308,0.2,0.4,0.5,1.6,0.8,2.4,0.2,0.4,0.0,1.4,1.8,1998-99,5,0.32,0.28,0
Jason Sasser,VAN,6.0,6.5,0.8,1.8,0.455,0.0,,0.8,0.455,0.455,0.2,0.3,0.5,0.3,0.8,1.2,0.3,0.3,0.0,0.3,1.8,1998-99,29,0.47,0.37,0
Rony Seikaly,NJN,9.0,9.8,0.4,2.2,0.2,0.0,,0.4,0.2,0.2,0.8,2.0,0.389,0.6,1.8,2.3,0.2,0.4,0.7,1.1,1.7,1998-99,18,0.28,0.13,0
Herb Williams,NYK,6.0,5.7,0.7,1.3,0.5,0.0,,0.7,0.5,0.5,0.3,0.3,1.0,0.5,0.5,1.0,0.0,0.0,0.3,0.3,1.7,1998-99,19,0.59,0.35,0
Kevin Ollie,2TM,8.0,9.0,0.5,1.8,0.286,0.0,,0.5,0.286,0.286,0.6,0.9,0.714,0.0,0.9,0.9,0.4,0.4,0.1,0.4,1.6,1998-99,-1,0.36,0.17,0
Keith Askins,MIA,33.0,12.6,0.6,1.9,0.323,0.2,0.276,0.4,0.364,0.387,0.2,0.2,0.625,0.3,1.0,1.3,0.3,0.5,0.1,0.4,1.6,1998-99,12,0.4,0.06,0
Fred Hoiberg,IND,12.0,7.3,0.5,1.8,0.286,0.1,0.111,0.4,0.417,0.31,0.5,0.5,1.0,0.2,0.8,0.9,0.3,0.0,0.0,0.3,1.6,1998-99,9,0.4,0.1,0
Nazr Mohammed,PHI,26.0,4.7,0.6,1.6,0.357,0.0,,0.6,0.357,0.357,0.5,0.8,0.571,0.7,0.7,1.4,0.1,0.2,0.2,0.5,1.6,1998-99,26,0.41,0.07,0
Felton Spencer,GSW,26.0,6.1,0.6,1.3,0.455,0.0,,0.6,0.455,0.455,0.5,1.0,0.462,0.7,1.1,1.8,0.0,0.2,0.4,0.3,1.6,1998-99,30,0.46,0.1,0
Michael Hawkins,SAC,24.0,8.5,0.6,1.7,0.35,0.2,0.263,0.4,0.429,0.413,0.1,0.1,1.0,0.4,0.6,1.0,1.1,0.1,0.0,0.5,1.5,1998-99,27,0.43,0.09,0
Jerome James,SAC,16.0,2.6,0.6,1.5,0.375,0.0,,0.6,0.375,0.375,0.4,0.8,0.5,0.4,0.7,1.1,0.1,0.1,0.4,0.6,1.5,1998-99,27,0.4,0.08,0
Adonis Jordan,MIL,4.0,4.5,0.5,1.0,0.5,0.0,0.0,0.5,1.0,0.5,0.5,1.0,0.5,0.0,0.0,0.0,0.8,0.8,0.0,0.5,1.5,1998-99,25,0.52,0.4,0
Marko Milič,PHO,11.0,4.8,0.7,1.8,0.4,0.0,0.0,0.7,0.421,0.4,0.0,0.0,,0.3,0.2,0.5,0.2,0.3,0.1,0.5,1.5,1998-99,10,0.42,0.09,0
Jimmy Oliver,PHO,2.0,5.5,0.5,1.5,0.333,0.5,1.0,0.0,0.0,0.5,0.0,0.0,,0.0,0.0,0.0,0.0,0.0,0.0,0.0,1.5,1998-99,10,0.5,0.25,0
Danny Schayes,ORL,19.0,7.5,0.6,1.5,0.379,0.0,,0.6,0.379,0.379,0.3,0.4,0.75,0.2,0.6,0.7,0.2,0.1,0.1,0.4,1.5,1998-99,22,0.45,0.06,0
Michael Stewart,TOR,42.0,9.4,0.5,1.3,0.415,0.0,,0.5,0.415,0.415,0.4,0.6,0.68,1.0,1.3,2.4,0.1,0.1,0.7,0.3,1.5,1998-99,32,0.48,0.08,0
Shammond Williams,ATL,2.0,2.0,0.0,0.5,0.0,0.0,,0.0,0.0,0.0,1.5,2.0,0.75,0.0,0.0,0.0,0.5,0.0,0.0,0.0,1.5,1998-99,14,0.54,0.5,0
Matt Maloney,HOU,15.0,12.4,0.3,1.9,0.179,0.1,0.067,0.3,0.308,0.196,0.7,0.7,0.909,0.1,0.5,0.7,1.4,0.3,0.0,0.9,1.4,1998-99,21,0.32,0.09,0
Sean Marks,TOR,8.0,3.5,0.6,1.0,0.625,0.0,,0.6,0.625,0.625,0.1,0.3,0.5,0.0,0.1,0.1,0.0,0.1,0.0,0.4,1.4,1998-99,32,0.62,0.08,0
Willie Burton,CHH,3.0,6.0,0.3,2.3,0.143,0.0,0.0,0.3,0.167,0.143,0.7,1.3,0.5,1.3,0.7,2.0,0.0,0.0,0.0,0.3,1.3,1998-99,13,0.23,0.13,0
Negele Knight,TOR,6.0,9.3,0.5,1.3,0.375,0.0,0.0,0.5,0.429,0.375,0.3,0.7,0.5,0.2,0.8,1.0,1.3,0.2,0.0,1.2,1.3,1998-99,32,0.4,0.23,0
Antonio Lang,CLE,10.0,6.5,0.4,0.6,0.667,0.0,,0.4,0.667,0.667,0.5,0.9,0.556,0.6,1.0,1.6,0.1,0.2,0.1,0.4,1.3,1998-99,15,0.65,0.23,0
Mark Macon,DET,7.0,9.9,0.6,2.9,0.2,0.1,0.333,0.4,0.176,0.225,0.0,0.0,,0.4,0.3,0.7,0.6,0.7,0.1,0.9,1.3,1998-99,23,0.22,0.03,0
Makhtar N'Diaye,VAN,4.0,6.8,0.3,1.0,0.25,0.0,,0.3,0.25,0.25,0.8,1.0,0.75,0.8,0.5,1.3,0.3,0.0,0.3,0.3,1.3,1998-99,29,0.45,0.5,0
Bruno Šundov,DAL,3.0,3.7,0.7,2.3,0.286,0.0,,0.7,0.286,0.286,0.0,0.0,,0.0,0.0,0.0,0.3,0.0,0.0,0.3,1.3,1998-99,28,0.28,-0.1,0
Gerard King,SAS,19.0,3.3,0.3,0.7,0.429,0.0,,0.3,0.429,0.429,0.6,0.9,0.611,0.3,0.4,0.7,0.2,0.1,0.1,0.2,1.2,1998-99,11,0.55,0.07,0
Mark West,ATL,49.0,10.2,0.4,1.2,0.373,0.0,,0.4,0.373,0.373,0.3,0.9,0.356,1.0,1.6,2.6,0.3,0.1,0.4,0.3,1.2,1998-99,14,0.38,0.06,0
Hot Rod Williams,DAL,25.0,16.1,0.4,1.3,0.333,0.0,,0.4,0.333,0.333,0.3,0.4,0.7,1.4,1.9,3.3,0.6,0.5,0.7,0.5,1.2,1998-99,28,0.41,0.19,0
Marty Conlon,MIA,7.0,5.0,0.4,1.9,0.231,0.0,,0.4,0.231,0.231,0.3,0.3,1.0,0.1,0.6,0.7,0.1,0.0,0.1,0.4,1.1,1998-99,12,0.27,0.01,0
Andrew Gaze,SAS,19.0,3.1,0.4,1.3,0.32,0.3,0.313,0.2,0.333,0.42,0.0,0.0,,0.1,0.2,0.3,0.3,0.1,0.1,0.2,1.1,1998-99,11,0.42,0.04,0
Loren Meyer,DEN,14.0,5.0,0.5,2.0,0.25,0.1,0.2,0.4,0.261,0.268,0.1,0.1,0.5,0.3,0.9,1.1,0.1,0.0,0.2,0.3,1.1,1998-99,33,0.27,0.05,0
Peter Aluma,SAC,2.0,2.5,0.5,1.0,0.5,0.0,,0.5,0.5,0.5,0.0,0.0,,0.5,0.5,1.0,0.0,0.5,0.5,1.0,1.0,1998-99,27,0.5,0.75,0
Rick Brunson,NYK,17.0,5.6,0.4,1.2,0.286,0.0,0.0,0.4,0.375,0.286,0.3,1.1,0.278,0.2,0.4,0.6,1.1,0.5,0.0,0.7,1.0,1998-99,19,0.3,0.05,0
Steve Henson,DET,4.0,6.3,0.3,0.5,0.5,0.0,,0.3,0.5,0.5,0.5,0.5,1.0,0.0,0.0,0.0,0.8,0.3,0.0,0.8,1.0,1998-99,23,0.69,0.28,0
Anthony Parker,PHI,2.0,1.5,0.5,0.5,1.0,0.0,,0.5,1.0,1.0,0.0,0.0,,0.0,0.0,0.0,0.0,0.0,0.0,0.0,1.0,1998-99,26,1.0,0.5,0
Stojko Vranković,LAC,2.0,6.0,0.5,2.0,0.25,0.0,,0.5,0.25,0.25,0.0,0.0,,2.0,1.0,3.0,0.0,0.0,0.0,0.0,1.0,1998-99,31,0.25,1.25,0
Micheal Williams,TOR,2.0,7.5,0.5,2.5,0.2,0.0,,0.5,0.2,0.2,0.0,0.0,,0.5,0.0,0.5,0.0,0.0,0.0,0.5,1.0,1998-99,32,0.2,-0.5,0
Monty Williams,DEN,1.0,6.0,0.0,2.0,0.0,0.0,,0.0,0.0,0.0,1.0,2.0,0.5,0.0,0.0,0.0,0.0,0.0,0.0,0.0,1.0,1998-99,33,0.17,-2.0,0
Rick Mahorn,PHI,16.0,7.9,0.3,1.1,0.278,0.0,,0.3,0.278,0.278,0.2,0.5,0.375,0.4,1.0,1.4,0.1,0.3,0.1,0.4,0.8,1998-99,26,0.3,0.08,0
Paul Grant,2TM,6.0,2.2,0.3,1.0,0.333,0.0,,0.3,0.333,0.333,0.0,0.0,,0.2,0.0,0.2,0.0,0.2,0.0,0.3,0.7,1998-99,-1,0.35,0.02,0
Benoit Benjamin,PHI,6.0,5.5,0.3,1.2,0.286,0.0,,0.3,0.286,0.286,0.0,0.0,,0.5,0.8,1.3,0.2,0.0,0.0,0.5,0.7,1998-99,26,0.29,0.13,0
Dwayne Schintzius,BOS,16.0,4.2,0.3,1.0,0.25,0.0,,0.3,0.25,0.25,0.2,0.3,0.75,0.4,0.8,1.2,0.5,0.0,0.2,0.6,0.7,1998-99,24,0.31,0.08,0
Jamie Watson,MIA,3.0,6.0,0.3,0.7,0.5,0.0,,0.3,0.5,0.5,0.0,0.0,,0.0,0.3,0.3,0.3,0.0,0.0,0.3,0.7,1998-99,12,0.5,0.2,0
Gerald Wilkins,ORL,3.0,9.3,0.0,3.0,0.0,0.0,,0.0,0.0,0.0,0.7,0.7,1.0,0.0,0.3,0.3,0.3,0.0,0.0,1.0,0.7,1998-99,22,0.11,-0.9,0
Brandon Williams,SAS,3.0,1.3,0.0,0.0,,0.0,,0.0,,,0.7,1.3,0.5,0.3,0.0,0.3,0.0,0.0,0.0,0.0,0.7,1998-99,11,0.61,0.13,0
David Wingate,NYK,20.0,4.6,0.4,0.8,0.438,0.0,,0.4,0.438,0.438,0.0,0.0,,0.2,0.3,0.4,0.3,0.2,0.0,0.3,0.7,1998-99,19,0.44,0.05,0
Duane Ferrell,GSW,8.0,5.8,0.1,1.8,0.071,0.0,,0.1,0.071,0.071,0.4,0.5,0.75,0.6,0.1,0.8,0.0,0.1,0.1,0.1,0.6,1998-99,30,0.15,-0.04,0
Chris King,UTA,8.0,5.3,0.3,0.9,0.286,0.0,,0.3,0.286,0.286,0.0,0.5,0.0,0.1,1.3,1.4,0.1,0.3,0.1,0.5,0.5,1998-99,5,0.22,0.1,0
Mark Pope,IND,4.0,6.5,0.3,1.8,0.143,0.0,0.0,0.3,0.333,0.143,0.0,0.3,0.0,0.5,0.5,1.0,0.0,0.0,0.0,0.3,0.5,1998-99,9,0.13,-0.15,0
William Cunningham,2TM,16.0,10.1,0.2,1.1,0.167,0.0,,0.2,0.167,0.167,0.0,0.1,0.0,0.8,0.9,1.8,0.1,0.1,0.7,0.3,0.4,1998-99,-1,0.17,0.11,0
Miles Simon,ORL,5.0,3.8,0.2,1.0,0.2,0.0,0.0,0.2,0.333,0.2,0.0,0.0,,0.2,0.2,0.4,0.0,0.2,0.0,0.6,0.4,1998-99,22,0.2,-0.08,0
Casey Shaw,PHI,9.0,1.6,0.1,0.9,0.125,0.0,,0.1,0.125,0.125,0.0,0.0,,0.3,0.0,0.3,0.0,0.0,0.0,0.2,0.2,1998-99,26,0.11,-0.06,0
Mark Baker,TOR,1.0,2.0,0.0,1.0,0.0,0.0,,0.0,0.0,0.0,0.0,0.0,,0.0,0.0,0.0,0.0,0.0,0.0,1.0,0.0,1998-99,32,0.0,-2.0,0
Etdrick Bohannon,WAS,2.0,2.0,0.0,0.0,,0.0,,0.0,,,0.0,0.0,,0.0,0.0,0.0,0.0,0.0,0.0,0.0,0.0,1998-99,20,,0.0,0
Gary Grant,POR,2.0,3.5,0.0,0.5,0.0,0.0,,0.0,0.0,0.0,0.0,0.0,,0.0,0.0,0.0,1.5,0.5,0.0,0.0,0.0,1998-99,16,0.0,0.75,0
Litterial Green,CLE,1.0,2.0,0.0,1.0,0.0,0.0,,0.0,0.0,0.0,0.0,0.0,,0.0,0.0,0.0,0.0,0.0,0.0,0.0,0.0,1998-99,15,0.0,-1.0,0
Jonathan Kerner,ORL,1.0,5.0,0.0,1.0,0.0,0.0,,0.0,0.0,0.0,0.0,0.0,,0.0,0.0,0.0,0.0,0.0,0.0,0.0,0.0,1998-99,22,0.0,-1.0,0
Gheorghe Mureșan,NJN,1.0,1.0,0.0,1.0,0.0,0.0,,0.0,0.0,0.0,0.0,0.0,,0.0,0.0,0.0,0.0,0.0,0.0,1.0,0.0,1998-99,18,0.0,-2.0,0
Brian Shaw,POR,1.0,5.0,0.0,1.0,0.0,0.0,,0.0,0.0,0.0,0.0,0.0,,0.0,1.0,1.0,1.0,0.0,0.0,1.0,0.0,1998-99,16,0.0,0.0,0
Trevor Winter,MIN,1.0,5.0,0.0,0.0,,0.0,,0.0,,,0.0,0.0,,1.0,2.0,3.0,0.0,0.0,0.0,0.0,0.0,1998-99,17,,3.0,0
Joe Wolf,CHH,3.0,4.0,0.0,0.3,0.0,0.0,,0.0,0.0,0.0,0.0,0.7,0.0,0.0,0.3,0.3,0.0,0.0,0.0,0.0,0.0,1998-99,13,0.0,-0.23,0
League Average,,,,,,0.437,,0.339,,0.457,0.466,,,0.728,,,,,,,,,1998-99,-1,,,0
